id,departLane,arrivalLane,vType,step1_duration,step1_routeLength,step1_waitingTime,step1_stopTime,step1_timeLoss,step4_duration,step4_routeLength,step4_waitingTime,step4_stopTime,step4_timeLoss
t_20211031_2167629_6,248174349_0,243877276#1_1,DEFAULT_VEHTYPE,53.00,632.69,0.00,0.00,14.10,55.00,632.69,0.00,0.00,14.02
t_20211024_634417_1,-120273844#1_1,-120273887#1_1,DEFAULT_VEHTYPE,54.00,576.83,0.00,0.00,10.04,54.00,576.83,0.00,0.00,9.99
t_20211128_410319_1,-120273844#1_1,-120273887#1_1,DEFAULT_VEHTYPE,53.00,576.83,0.00,0.00,9.80,54.00,576.83,0.00,0.00,11.79
t_20211017_4633904_1,-100976223#1_1,-120957314_1,DEFAULT_VEHTYPE,61.00,623.71,3.00,0.00,15.12,63.00,623.71,2.00,0.00,13.61
t_20211017_141812_1,651197726#0_0,-285604737#1_1,DEFAULT_VEHTYPE,72.00,871.21,0.00,0.00,9.60,78.00,871.21,0.00,0.00,9.69
t_20211121_833024_30,-277743732#1_1,120273844#1_1,DEFAULT_VEHTYPE,59.00,577.67,0.00,0.00,11.60,52.00,577.67,0.00,0.00,9.97
t_20211024_195008_1,605105364#3_1,233696887#1_1,DEFAULT_VEHTYPE,66.00,541.62,13.00,0.00,23.05,63.00,541.62,13.00,0.00,25.54
t_20211128_1649271_1,119770963_1,-119770963_1,DEFAULT_VEHTYPE,57.00,629.14,0.00,0.00,12.32,68.00,629.14,0.00,0.00,12.23
t_20211010_4934109_1,229626862#0_1,-120112442#16_1,DEFAULT_VEHTYPE,67.00,689.64,0.00,0.00,16.41,70.00,689.64,0.00,0.00,16.59
t_20211024_1112308_1,119317028#1_1,1180047185#6_0,truck,81.00,857.26,4.00,0.00,18.52,81.00,857.26,3.00,0.00,20.10
t_20211024_919462_1,-120273844#1_1,-120273887#1_1,truck,61.00,574.73,0.00,0.00,15.44,57.00,574.73,0.00,0.00,15.09
t_20211107_300218_15,-120273844#1_1,-120273887#1_1,truck,59.00,574.73,0.00,0.00,15.58,57.00,574.73,0.00,0.00,14.83
t_20211114_3082825_1,635620393#1_0,635620393#0_0,DEFAULT_VEHTYPE,91.00,741.84,7.00,0.00,29.45,92.00,741.84,8.00,0.00,32.40
t_20211128_1639976_1,233696887#1_1,233696887#0_1,DEFAULT_VEHTYPE,48.00,551.33,0.00,0.00,11.34,117.00,551.33,49.00,0.00,60.52
t_20211128_1146526_51,-277743732#1_1,120273844#1_1,truck,57.00,575.57,0.00,0.00,17.67,61.00,575.57,0.00,0.00,19.65
t_20211024_1520512_1,137066290#0_1,995974549#5_1,DEFAULT_VEHTYPE,62.00,718.28,0.00,0.00,10.90,69.00,718.28,0.00,0.00,10.91
t_20211128_878744_1,646823318#7_0,646823318#11_0,DEFAULT_VEHTYPE,50.00,643.35,0.00,0.00,5.69,40.00,643.35,0.00,0.00,4.85
t_20211017_382597_1,-819169272#4_1,819169272#4_1,truck,67.00,659.04,0.00,0.00,16.19,66.00,659.04,0.00,0.00,16.04
t_20211114_614538_23,651354807#3_0,651351926#4_0,DEFAULT_VEHTYPE,67.00,829.91,0.00,0.00,10.15,65.00,829.91,0.00,0.00,8.83
t_20211114_492459_42,-277743732#1_1,120273844#1_1,truck,69.00,575.57,3.00,0.00,26.10,61.00,575.57,0.00,0.00,16.28
t_20211003_3859185_1,79292405#9_1,-79292405#9_1,truck,117.00,1026.57,4.00,0.00,39.58,112.00,1026.57,1.00,0.00,33.30
t_20211031_1126928_6,-798745729#4_1,277743732#1_1,DEFAULT_VEHTYPE,132.00,803.33,52.00,0.00,71.28,138.00,803.33,47.00,0.00,68.96
t_20211128_2147774_36,-277743732#1_1,-229142916#37_1,truck,128.00,1283.87,8.00,0.00,39.23,123.00,1283.87,8.00,0.00,41.20
t_20211003_1650323_1,-268014002#3_1,-589651779_1,DEFAULT_VEHTYPE,128.00,1365.10,0.00,0.00,15.80,116.00,1365.10,0.00,0.00,15.42
t_20211003_125463_1,101977326#17_1,890899884#3_1,truck,76.00,698.99,0.00,0.00,19.35,73.00,698.99,0.00,0.00,19.19
t_20211121_315741_1,-95518297#6_1,-893581524#8_1,DEFAULT_VEHTYPE,142.00,1790.99,0.00,0.00,14.35,142.00,1790.99,0.00,0.00,13.80
t_20211017_3694658_1,-128193091#1_1,43992701#2_0,DEFAULT_VEHTYPE,134.00,2363.53,0.00,0.00,18.60,148.00,2363.53,0.00,0.00,16.15
t_20211010_1990836_1,137066290#0_1,995974549#5_1,DEFAULT_VEHTYPE,63.00,718.28,0.00,0.00,10.93,64.00,718.28,0.00,0.00,11.47
t_20211010_893361_1,-28186168#6_1,-34057828#0_1,DEFAULT_VEHTYPE,127.00,1255.74,0.00,0.00,24.04,104.00,1255.74,0.00,0.00,22.78
t_20211017_4243115_1,693697751#4_1,102170283#6_1,DEFAULT_VEHTYPE,58.00,703.62,0.00,0.00,16.27,62.00,703.62,0.00,0.00,11.90
t_20211017_2743732_1,248174349_0,243877276#1_1,DEFAULT_VEHTYPE,94.00,632.69,20.00,0.00,47.36,91.00,632.69,20.00,0.00,44.03
t_20211010_4170641_1,119607760#0_1,-119607760#0_1,DEFAULT_VEHTYPE,85.00,889.34,0.00,0.00,13.35,98.00,889.34,0.00,0.00,14.27
t_20211107_2663856_1,248174349_0,243877276#1_1,DEFAULT_VEHTYPE,84.00,632.69,3.00,0.00,37.39,81.00,632.69,2.00,0.00,40.70
t_20211017_952346_1,314944599#6_1,113387428#4_1,DEFAULT_VEHTYPE,126.00,1227.28,24.00,0.00,45.15,140.00,1227.28,17.00,0.00,38.49
t_20211121_4427719_4,223489476#2_1,-102695201#0_1,DEFAULT_VEHTYPE,118.00,1270.98,0.00,0.00,19.80,122.00,1270.98,0.00,0.00,30.81
t_20211024_733386_22,120955775_1,-120956713#0_1,DEFAULT_VEHTYPE,78.00,741.35,0.00,0.00,10.02,64.00,741.35,0.00,0.00,12.10
t_20211024_1654075_1,1019653112_0,120162123#1_1,DEFAULT_VEHTYPE,83.00,856.44,2.00,0.00,14.44,67.00,856.44,0.00,0.00,9.24
t_20211024_2843325_9,223489476#1_1,-102695201#0_1,DEFAULT_VEHTYPE,140.00,1615.81,0.00,0.00,22.81,144.00,1615.81,0.00,0.00,34.04
t_20211128_4620178_4,248174349_0,243877276#1_1,DEFAULT_VEHTYPE,84.00,632.69,8.00,0.00,39.60,77.00,632.69,0.00,0.00,29.35
t_20211128_2434880_1,-38104421#13_1,127016714#1_1,DEFAULT_VEHTYPE,147.00,1315.42,32.00,0.00,56.13,149.00,1315.42,27.00,0.00,48.12
t_20211107_840896_1,1189269490#0_1,-1189269490#0_1,truck,72.00,734.11,0.00,0.00,19.94,74.00,734.11,0.00,0.00,20.31
t_20211017_3235594_1,120048985#1_1,-120048985#1_1,DEFAULT_VEHTYPE,61.00,590.33,0.00,0.00,10.49,67.00,590.33,0.00,0.00,11.50
t_20211107_4040665_1,312362939#1_0,-136789962#0_1,DEFAULT_VEHTYPE,113.00,933.87,10.00,0.00,32.91,104.00,933.87,12.00,0.00,34.81
t_20211003_522642_1,248174349_0,243877276#1_1,DEFAULT_VEHTYPE,77.00,632.69,6.00,0.00,31.01,70.00,632.69,4.00,0.00,21.75
t_20211128_1158657_9,223489476#1_1,-223489476#1_1,truck,142.00,1496.74,0.00,0.00,39.08,156.00,1496.74,16.00,0.00,50.07
t_20211128_2128247_1,120880428#0_1,-483436969_1,DEFAULT_VEHTYPE,115.00,1487.56,0.00,0.00,21.13,112.00,1487.56,0.00,0.00,23.23
t_20211003_667812_1,-120273844#1_1,-120273887#1_1,DEFAULT_VEHTYPE,51.00,578.46,0.00,0.00,12.14,88.00,576.83,25.00,0.00,38.14
t_20211017_2288624_1,312362938#53_0,28166570#18_1,DEFAULT_VEHTYPE,119.00,1087.12,32.00,0.00,51.60,119.00,1087.12,23.00,0.00,42.51
t_20211010_1095944_1,-120273844#1_1,-120273887#1_1,DEFAULT_VEHTYPE,51.00,578.46,0.00,0.00,11.13,85.00,576.83,22.00,0.00,36.31
t_20211107_4746517_2,-627749909#0_1,-662816763#3_1,DEFAULT_VEHTYPE,100.00,731.71,33.00,0.00,51.45,100.00,731.71,13.00,0.00,27.84
t_20211010_990796_1,156945875#0_1,-124963612#5_1,DEFAULT_VEHTYPE,105.00,1449.25,0.00,0.00,22.05,164.00,1449.25,29.00,0.00,53.66
t_20211024_1636310_2,646823318#11_0,378317391#16_0,DEFAULT_VEHTYPE,74.00,712.21,0.00,0.00,14.73,67.00,712.21,0.00,0.00,14.41
t_20211121_3971667_1,563856389#7_1,919817854_1,DEFAULT_VEHTYPE,139.00,1194.40,34.00,0.00,60.53,140.00,1194.40,33.00,0.00,59.22
t_20211010_4243531_1,-102695241#0_1,-100827870#1_1,DEFAULT_VEHTYPE,179.00,1693.74,24.00,0.00,53.62,206.00,1693.74,47.00,0.00,75.09
t_20211003_242185_1,763210011#4_0,378317388#35_1,DEFAULT_VEHTYPE,109.00,645.10,48.00,0.00,62.62,107.00,645.10,48.00,0.00,65.12
t_20211107_4629293_1,119770963_1,-119770963_1,DEFAULT_VEHTYPE,72.00,629.14,0.00,0.00,12.73,61.00,629.14,0.00,0.00,12.92
t_20211003_502456_19,-120273844#1_1,-120273887#1_1,DEFAULT_VEHTYPE,62.00,576.83,0.00,0.00,8.87,54.00,578.46,0.00,0.00,10.04
t_20211003_144569_1,651201554_0,430333963#1_0,DEFAULT_VEHTYPE,132.00,1375.64,22.00,0.00,42.63,132.00,1375.64,25.00,0.00,45.76
t_20211010_2205043_1,-120273844#1_1,-120273887#1_1,DEFAULT_VEHTYPE,55.00,576.83,0.00,0.00,10.17,54.00,578.46,0.00,0.00,9.97
t_20211114_569335_1,-127200781#1_1,243877276#1_0,DEFAULT_VEHTYPE,143.00,1618.99,0.00,0.00,24.60,125.00,1618.99,0.00,0.00,25.89
t_20211107_3689245_39,-1013421828_1,1013421828_1,DEFAULT_VEHTYPE,93.00,994.35,0.00,0.00,15.58,102.00,994.35,0.00,0.00,14.68
t_20211114_2967060_4,102695201#0_1,-223489476#2_1,DEFAULT_VEHTYPE,114.00,1272.72,3.00,0.00,28.22,104.00,1272.72,0.00,0.00,21.48
t_20211017_2724362_1,225071042#7_1,112187020#13_1,DEFAULT_VEHTYPE,170.00,1947.27,28.00,0.00,59.51,171.00,1947.27,27.00,0.00,58.33
t_20211003_442512_1,-120955715_1,-120956297_1,truck,120.00,1170.36,9.00,0.00,35.40,120.00,1170.36,10.00,0.00,38.15
t_20211017_279863_1,-120273844#1_1,-120273887#1_1,DEFAULT_VEHTYPE,49.00,578.46,0.00,0.00,11.75,50.00,578.46,0.00,0.00,11.68
t_20211128_990638_1,808277658#3_0,808277659#1_0,DEFAULT_VEHTYPE,151.00,1424.65,37.00,0.00,59.20,152.00,1424.65,32.00,0.00,53.33
t_20211121_4452010_1,120274340#1_1,58473437#28_1,DEFAULT_VEHTYPE,126.00,1566.67,0.00,0.00,16.80,129.00,1566.67,0.00,0.00,14.30
t_20211107_2104310_1,934904301#0_0,971263707#0_0,DEFAULT_VEHTYPE,113.00,810.09,41.00,0.00,52.55,106.00,810.09,43.00,0.00,56.52
t_20211114_363209_6,-229484052#6_1,-48390571#2_1,DEFAULT_VEHTYPE,168.00,1218.71,66.00,0.00,104.66,169.00,1218.71,57.00,0.00,89.39
t_20211024_940096_1,-124024493#12_1,916532678_1,DEFAULT_VEHTYPE,196.00,1079.30,79.00,0.00,110.39,187.00,1079.30,89.00,0.00,120.22
t_20211017_1067634_1,-133720488#6_1,-137065768#1_1,DEFAULT_VEHTYPE,195.00,1685.67,47.00,0.00,82.60,211.00,1685.67,41.00,0.00,75.74
t_20211031_238362_6,378600191#0_1,-1202492712#20_1,DEFAULT_VEHTYPE,150.00,1611.85,40.00,0.00,67.37,153.00,1611.85,33.00,0.00,58.21
t_20211031_3427129_1,120046669_1,1205652775#1_1,DEFAULT_VEHTYPE,94.00,1052.46,0.00,0.00,16.93,99.00,1052.46,0.00,0.00,15.26
t_20211031_1270320_1,-102695241#0_1,128008526#1_1,DEFAULT_VEHTYPE,117.00,916.87,25.00,0.00,48.64,111.00,916.87,8.00,0.00,39.87
t_20211031_821220_1,-102422858#1_1,102422675#5_1,DEFAULT_VEHTYPE,203.00,1304.14,79.00,0.00,106.29,199.00,1304.14,83.00,0.00,108.14
t_20211017_4835898_1,119605171_1,224575999#0_1,DEFAULT_VEHTYPE,61.00,743.21,0.00,0.00,11.48,65.00,743.21,0.00,0.00,10.86
t_20211107_574586_1,120273887#0_1,120273844#1_1,DEFAULT_VEHTYPE,111.00,630.31,43.00,0.00,68.18,54.00,630.31,0.00,0.00,11.59
t_20211017_1664788_4,223489476#2_1,102695241#0_1,DEFAULT_VEHTYPE,234.00,2043.16,64.00,0.00,97.16,244.00,2043.16,47.00,0.00,79.35
t_20211024_4370586_1,-28127746#7_1,28186391#1_1,DEFAULT_VEHTYPE,156.00,1099.62,61.00,0.00,87.35,156.00,1099.62,43.00,0.00,70.70
t_20211107_1221566_14,120956847#1_1,120955758#9_1,DEFAULT_VEHTYPE,228.00,2391.90,10.00,0.00,40.67,228.00,2391.90,19.00,0.00,49.78
t_20211031_1000921_1,-127014320#0_1,127014320#0_1,truck,72.00,724.58,0.00,0.00,19.66,74.00,724.58,0.00,0.00,19.63
t_20211128_745526_9,223489476#1_1,102695241#0_1,DEFAULT_VEHTYPE,228.00,2387.99,35.00,0.00,66.12,315.00,2387.99,75.00,0.00,109.59
t_20211128_550664_1,-58473437#28_1,58473437#28_1,DEFAULT_VEHTYPE,115.00,649.81,45.00,0.00,66.77,115.00,649.81,47.00,0.00,72.35
t_20211003_1745131_1,888546347#6_1,483837892#2_1,DEFAULT_VEHTYPE,143.00,1203.11,36.00,0.00,58.90,135.00,1203.11,43.00,0.00,66.59
t_20211024_2362074_34,120956847#1_1,120955758#9_1,DEFAULT_VEHTYPE,228.00,2391.90,0.00,0.00,29.73,227.00,2391.90,3.00,0.00,32.73
t_20211114_4493829_1,120956847#1_1,120955758#9_1,DEFAULT_VEHTYPE,201.00,2391.90,0.00,0.00,33.83,201.00,2391.90,1.00,0.00,36.83
t_20211003_1223003_5,248174349_0,243877276#1_1,DEFAULT_VEHTYPE,92.00,632.69,22.00,0.00,49.15,91.00,632.69,24.00,0.00,50.50
t_20211107_348283_80,120273887#1_1,120273844#1_1,truck,67.00,575.09,0.00,0.00,19.80,113.00,576.73,42.00,0.00,72.57
t_20211107_3360658_6,326224748#3_1,651497890_0,DEFAULT_VEHTYPE,121.00,945.02,20.00,0.00,54.89,124.00,945.02,13.00,0.00,45.45
t_20211003_1001925_1,248174349_0,243877276#1_1,DEFAULT_VEHTYPE,88.00,632.69,12.00,0.00,39.29,88.00,632.69,15.00,0.00,41.31
t_20211010_261283_20,120273887#1_1,120273844#1_1,truck,65.00,575.09,0.00,0.00,20.08,160.00,576.73,84.00,0.00,117.93
t_20211003_868493_1,102695201#1_1,102695241#0_1,truck,155.00,1192.10,38.00,0.00,68.80,159.00,1192.10,40.00,0.00,72.14
t_20211128_333410_1,-120273844#1_1,-120273887#1_1,DEFAULT_VEHTYPE,58.00,576.83,0.00,0.00,11.30,52.00,578.46,0.00,0.00,16.14
t_20211010_2000715_1,846888239#0_0,43992701#2_0,DEFAULT_VEHTYPE,225.00,4776.53,0.00,0.00,32.43,304.00,4776.53,38.00,0.00,74.66
t_20211031_4775678_1,120046251#1_1,1205652785#3_1,DEFAULT_VEHTYPE,193.00,1413.94,54.00,0.00,75.46,112.00,1413.94,12.00,0.00,27.18
t_20211017_3420922_1,233696887#1_1,233696887#0_1,DEFAULT_VEHTYPE,97.00,551.33,40.00,0.00,53.49,98.00,551.33,40.00,0.00,53.69
t_20211017_534270_1,120273887#1_1,798745729#4_1,DEFAULT_VEHTYPE,94.00,775.18,21.00,0.00,46.51,94.00,775.18,24.00,0.00,42.60
t_20211003_1589338_1,120956713#0_1,120955715_1,DEFAULT_VEHTYPE,82.00,831.73,0.00,0.00,10.63,97.00,831.73,0.00,0.00,10.82
t_20211017_3084324_1,248174349_0,243877276#1_1,DEFAULT_VEHTYPE,71.00,632.69,0.00,0.00,19.31,81.00,632.69,8.00,0.00,33.17
t_20211017_3234385_1,120955775_1,-120957314_1,DEFAULT_VEHTYPE,68.00,723.62,0.00,0.00,15.04,69.00,723.62,1.00,0.00,15.78
t_20211024_839182_1,-162056963#6_1,-100827870#1_1,DEFAULT_VEHTYPE,136.00,1496.62,0.00,0.00,25.45,158.00,1496.62,0.00,0.00,23.47
t_20211003_170693_1,248174349_0,243877276#1_1,DEFAULT_VEHTYPE,67.00,632.69,1.00,0.00,25.17,81.00,632.69,9.00,0.00,30.42
t_20211031_3544951_1,120956297_1,-120956297_1,DEFAULT_VEHTYPE,89.00,849.38,0.00,0.00,24.42,101.00,849.38,0.00,0.00,22.32
t_20211107_379503_1,-321107542#1_1,321107542#1_1,DEFAULT_VEHTYPE,171.00,1981.38,0.00,0.00,16.07,153.00,1981.38,0.00,0.00,14.19
t_20211121_108832_1,120036775#1_1,1191434222_0,DEFAULT_VEHTYPE,207.00,1743.01,22.00,0.00,47.50,194.00,1743.01,45.00,0.00,70.43
t_20211003_4566200_1,127199115#0_1,100827869#8_1,DEFAULT_VEHTYPE,153.00,923.65,73.00,0.00,95.41,161.00,923.65,63.00,0.00,84.84
t_20211017_178845_17,120273887#1_1,798745729#4_1,DEFAULT_VEHTYPE,74.00,775.18,0.00,0.00,17.20,152.00,775.18,57.00,0.00,107.38
t_20211114_273568_5,1188207865#3_1,-1019666874#3_1,DEFAULT_VEHTYPE,205.00,1299.31,58.00,0.00,103.30,204.00,1299.31,58.00,0.00,101.24
t_20211017_712556_1,223489476#1_1,-223489476#1_1,truck,159.00,1496.74,9.00,0.00,46.07,134.00,1496.74,0.00,0.00,31.29
t_20211031_835218_1,605105364#3_1,233696887#1_1,DEFAULT_VEHTYPE,53.00,541.62,0.00,0.00,10.62,55.00,541.62,0.00,0.00,9.74
t_20211024_2738405_1,426156937#0_1,-426156937#0_1,truck,127.00,1807.67,0.00,0.00,17.35,133.00,1807.67,0.00,0.00,17.25
t_20211107_1058747_18,-120273844#1_1,-120273887#1_1,truck,68.00,576.36,2.00,0.00,22.72,59.00,576.36,0.00,0.00,16.62
t_20211017_377637_1,120273887#0_1,120273844#1_1,truck,75.00,629.85,5.00,0.00,30.74,155.00,629.85,63.00,0.00,107.90
t_20211114_3667711_1,244906555#2_1,627749909#0_1,DEFAULT_VEHTYPE,139.00,1299.59,26.00,0.00,46.54,140.00,1299.59,25.00,0.00,44.08
t_20211128_1938356_1,119607760#0_1,-119607760#0_1,DEFAULT_VEHTYPE,87.00,889.34,0.00,0.00,14.85,92.00,889.34,0.00,0.00,12.94
t_20211017_102175_1,-156953315#3_1,-56178828#3_1,DEFAULT_VEHTYPE,177.00,1955.08,38.00,0.00,70.98,201.00,1955.08,25.00,0.00,60.39
t_20211031_475907_17,-120273844#1_1,-120273887#1_1,DEFAULT_VEHTYPE,64.00,578.46,1.00,0.00,25.00,59.00,576.83,0.00,0.00,9.46
t_20211010_1055501_21,180099700#0_1,127199105#5_1,DEFAULT_VEHTYPE,209.00,1593.24,47.00,0.00,74.86,211.00,1593.24,44.00,0.00,76.81
t_20211024_644161_1,28185621#15_1,-459548652#1_1,truck,159.00,1399.68,43.00,0.00,64.53,161.00,1399.68,41.00,0.00,64.74
t_20211010_2287923_1,233696887#1_1,233696887#0_1,DEFAULT_VEHTYPE,61.00,551.33,0.00,0.00,11.30,91.00,573.91,34.00,0.00,46.84
t_20211010_2254468_1,849961298#3_1,32133016#0_1,DEFAULT_VEHTYPE,181.00,1285.06,64.00,0.00,90.08,181.00,1285.06,66.00,0.00,89.98
t_20211128_3543038_1,-119571679#1_1,-119571046_1,DEFAULT_VEHTYPE,67.00,664.41,0.00,0.00,9.42,58.00,664.41,0.00,0.00,7.97
t_20211114_4883016_1,-396031661#2_1,819169272#4_1,DEFAULT_VEHTYPE,253.00,3317.42,7.00,0.00,48.35,351.00,3317.42,83.00,0.00,127.27
t_20211017_4664352_1,-102802609#3_1,934882308#0_1,DEFAULT_VEHTYPE,222.00,1853.62,66.00,0.00,101.72,225.00,1853.62,72.00,0.00,118.26
t_20211031_3544951_2,120956713#0_1,120955715_1,DEFAULT_VEHTYPE,75.00,831.73,0.00,0.00,10.52,72.00,831.73,0.00,0.00,10.29
t_20211031_2061871_1,-1013421828_1,1013421828_1,DEFAULT_VEHTYPE,96.00,994.35,4.00,0.00,23.61,91.00,994.35,0.00,0.00,16.51
t_20211128_990638_2,609841415#0_0,75035978#3_1,DEFAULT_VEHTYPE,107.00,1541.31,0.00,0.00,19.71,114.00,1541.31,0.00,0.00,18.83
t_20211128_149036_1,223489476#1_1,-223489476#1_1,truck,137.00,1496.74,0.00,0.00,30.73,136.00,1496.74,0.00,0.00,28.11
t_20211107_2800895_10,120273887#1_1,798745729#4_1,DEFAULT_VEHTYPE,212.00,725.79,128.00,0.00,160.91,161.00,796.28,71.00,0.00,100.55
t_20211003_930501_1,119611696#0_1,119611983_1,DEFAULT_VEHTYPE,176.00,1867.74,16.00,0.00,45.78,171.00,1867.74,22.00,0.00,53.57
t_20211128_3575003_1,124049264#1_1,28168270#33_1,DEFAULT_VEHTYPE,260.00,1621.88,113.00,0.00,159.11,260.00,1621.88,115.00,0.00,162.80
t_20211024_2797137_1,162057025_1,162056965#2_1,DEFAULT_VEHTYPE,118.00,586.60,60.00,0.00,76.49,119.00,586.60,60.00,0.00,77.14
t_20211128_2289227_1,863465221#6_1,-119304280#2_1,DEFAULT_VEHTYPE,220.00,1981.46,31.00,0.00,81.55,219.00,1981.46,50.00,0.00,100.50
t_20211128_3846310_1,-120955758#9_1,-120956297_1,truck,165.00,1318.10,42.00,0.00,68.57,158.00,1318.10,42.00,0.00,69.63
t_20211024_1636310_3,646823318#23_0,1277705896#4_0,DEFAULT_VEHTYPE,62.00,866.66,0.00,0.00,5.59,62.00,866.66,0.00,0.00,5.64
t_20211114_3413740_1,53638243#2_1,-580835182#15_1,DEFAULT_VEHTYPE,262.00,2135.93,62.00,0.00,94.60,264.00,2135.93,23.00,0.00,54.86
t_20211031_511105_2,378376548#1_0,378376548#0_0,DEFAULT_VEHTYPE,110.00,1401.73,0.00,0.00,20.16,176.00,1401.73,44.00,0.00,68.70
t_20211017_1033612_1,120273887#1_1,798745729#4_1,DEFAULT_VEHTYPE,167.00,725.79,75.00,0.00,117.11,87.00,725.79,4.00,0.00,29.42
t_20211128_1862020_1,673531871#0_1,-48390571#2_1,DEFAULT_VEHTYPE,220.00,2730.00,5.00,0.00,32.85,268.00,2730.00,5.00,0.00,35.36
t_20211017_3012157_1,58610487#5_0,-120158929#1_1,DEFAULT_VEHTYPE,180.00,1261.53,77.00,0.00,97.85,178.00,1261.53,72.00,0.00,94.42
t_20211017_506969_1,808277658#3_0,137028292#1_1,DEFAULT_VEHTYPE,146.00,1761.89,0.00,0.00,22.69,157.00,1779.50,0.00,0.00,25.34
t_20211107_457544_5,-102695241#0_1,-223489476#2_1,DEFAULT_VEHTYPE,256.00,2042.40,50.00,0.00,81.98,261.00,2042.40,49.00,0.00,108.55
t_20211107_134091_1,120273887#1_1,120273844#1_1,truck,74.00,576.73,9.00,0.00,29.76,64.00,575.09,0.00,0.00,17.90
t_20211024_1368959_1,797365203#22_0,229479218#2_1,DEFAULT_VEHTYPE,268.00,2904.84,65.00,0.00,89.93,213.00,2904.84,33.00,0.00,51.62
t_20211024_738056_1,426156937#0_1,-120956613#0_1,DEFAULT_VEHTYPE,173.00,2043.92,0.00,0.00,21.44,155.00,2043.92,0.00,0.00,22.49
t_20211024_1059023_1,1169288440_1,-1169288440_1,DEFAULT_VEHTYPE,103.00,1278.28,0.00,0.00,17.07,105.00,1278.28,0.00,0.00,18.25
t_20211031_4456369_1,56396574#3_1,229479218#2_1,DEFAULT_VEHTYPE,289.00,1729.48,115.00,0.00,163.67,288.00,1729.48,125.00,0.00,170.43
t_20211114_101172_4,-156954147#3_1,-472323987#17_1,DEFAULT_VEHTYPE,77.00,875.76,0.00,0.00,14.01,71.00,875.76,0.00,0.00,15.60
t_20211010_874602_1,260651681_1,127199257#1_1,DEFAULT_VEHTYPE,260.00,1925.16,79.00,0.00,128.20,257.00,1925.16,82.00,0.00,131.26
t_20211024_2343329_1,135978782#2_1,888773097#8_1,DEFAULT_VEHTYPE,132.00,967.20,36.00,0.00,66.30,136.00,967.20,35.00,0.00,59.31
t_20211003_692987_34,-120273844#1_1,-120273887#1_1,DEFAULT_VEHTYPE,74.00,578.46,12.00,0.00,30.94,55.00,578.46,0.00,0.00,10.76
t_20211003_3497055_2,120273887#1_1,120273844#1_1,truck,64.00,576.73,0.00,0.00,18.22,114.00,575.57,44.00,0.00,70.54
t_20211031_3960125_1,128194491_1,229626861#3_1,DEFAULT_VEHTYPE,229.00,2245.56,26.00,0.00,85.67,233.00,2245.56,22.00,0.00,78.07
t_20211128_3778530_3,79292405#9_1,-79292405#9_1,truck,109.00,1026.57,0.00,0.00,33.85,117.00,1026.57,4.00,0.00,35.49
t_20211010_247431_1,1184576352#2_1,-1184576352#2_1,DEFAULT_VEHTYPE,68.00,782.18,0.00,0.00,13.96,89.00,782.18,0.00,0.00,14.24
t_20211121_580193_1,-819169272#4_1,-744555677#56_1,DEFAULT_VEHTYPE,249.00,2834.71,13.00,0.00,51.63,342.00,2834.71,92.00,0.00,135.23
t_20211003_3849036_1,438367202#0_0,44351425#7_0,DEFAULT_VEHTYPE,301.00,6742.83,0.00,0.00,37.04,335.00,6742.83,0.00,0.00,34.77
t_20211107_60252_3,-120162123#1_1,1188020939#0_1,DEFAULT_VEHTYPE,116.00,1408.51,0.00,0.00,14.44,117.00,1408.51,0.00,0.00,16.07
t_20211010_3595281_1,-1017258316#3_1,756131902#3_1,DEFAULT_VEHTYPE,102.00,874.26,22.00,0.00,51.93,111.00,874.26,20.00,0.00,46.20
t_20211003_164423_10,491244288_0,691260517#2_1,DEFAULT_VEHTYPE,215.00,1692.93,66.00,0.00,94.28,218.00,1692.93,55.00,0.00,85.72
t_20211003_1196248_1,-799311092#12_1,-24994544#26_1,truck,193.00,1720.00,54.00,0.00,88.89,193.00,1720.00,53.00,0.00,88.83
t_20211017_265335_1,120273887#0_1,-119614880#2_1,DEFAULT_VEHTYPE,293.00,2955.84,20.00,0.00,108.56,295.00,2955.84,38.00,0.00,108.56
t_20211114_4468205_1,-627750917#12_1,-662816763#3_1,DEFAULT_VEHTYPE,76.00,742.27,4.00,0.00,19.78,58.00,742.27,0.00,0.00,15.25
t_20211031_3204612_1,766811227#11_1,-119314675#3_1,DEFAULT_VEHTYPE,52.00,614.09,0.00,0.00,10.74,56.00,614.09,0.00,0.00,11.31
t_20211121_2145158_1,434955698_0,-137065768#1_1,DEFAULT_VEHTYPE,318.00,3619.08,35.00,0.00,89.55,328.00,3619.08,43.00,0.00,98.35
t_20211017_4279140_1,226480390#1_1,-888762367#0_1,truck,199.00,1892.10,30.00,0.00,79.67,200.00,1892.10,24.00,0.00,64.03
t_20211017_4086296_1,102695201#1_1,47359172#1_1,DEFAULT_VEHTYPE,185.00,1721.45,40.00,0.00,72.83,182.00,1721.45,44.00,0.00,79.66
t_20211017_2991090_1,1097425650#2_1,-199575555#3_1,DEFAULT_VEHTYPE,89.00,872.36,14.00,0.00,35.41,148.00,872.30,57.00,0.00,78.76
t_20211024_4411919_1,-102695241#0_1,-100827870#1_1,DEFAULT_VEHTYPE,208.00,1693.74,44.00,0.00,105.78,225.00,1693.74,35.00,0.00,85.87
t_20211107_3353545_1,967414938_0,370061949#1_1,DEFAULT_VEHTYPE,135.00,834.00,51.00,0.00,71.66,133.00,834.00,60.00,0.00,83.07
t_20211017_2442124_1,-102695241#0_1,128008526#1_1,DEFAULT_VEHTYPE,88.00,916.87,0.00,0.00,26.44,86.00,916.87,0.00,0.00,13.59
t_20211031_2320018_1,120956713#0_1,120955715_1,DEFAULT_VEHTYPE,88.00,831.73,0.00,0.00,11.76,81.00,831.73,0.00,0.00,10.99
t_20211107_4754848_1,-1091810134#1_1,686779987#0_1,DEFAULT_VEHTYPE,287.00,2804.55,53.00,0.00,102.41,397.00,2804.55,105.00,0.00,164.02
t_20211024_884729_1,128008537#1_1,-223489476#1_1,DEFAULT_VEHTYPE,135.00,1262.45,26.00,0.00,49.49,129.00,1262.45,5.00,0.00,25.70
t_20211024_675873_1,-800405402#3_1,-1188207865#3_1,DEFAULT_VEHTYPE,157.00,1271.18,31.00,0.00,61.94,184.00,1271.18,25.00,0.00,51.36
t_20211031_347752_1,378317388#11_0,378317388#10_0,DEFAULT_VEHTYPE,155.00,2249.03,1.00,0.00,33.64,242.00,2249.03,49.00,0.00,79.13
t_20211024_202649_41,120273887#1_1,120273844#1_1,truck,79.00,576.73,12.00,0.00,36.44,117.00,575.57,38.00,0.00,73.97
t_20211128_4099428_1,-137028292#1_1,378376548#1_0,DEFAULT_VEHTYPE,79.00,741.13,0.00,0.00,18.07,86.00,741.13,0.00,0.00,15.10
t_20211107_1632208_1,33050698#12_1,686779987#0_1,DEFAULT_VEHTYPE,202.00,2316.35,6.00,0.00,38.84,200.00,2316.35,9.00,0.00,46.51
t_20211010_494684_3,120273887#1_1,120273844#1_1,truck,69.00,576.73,3.00,0.00,27.13,118.00,575.57,36.00,0.00,77.17
t_20211010_636964_1,137320755#2_1,30686274#23_1,DEFAULT_VEHTYPE,201.00,1652.89,35.00,0.00,71.60,212.00,1652.89,32.00,0.00,72.51
t_20211003_128557_18,120956847#1_1,-120956175#0_1,DEFAULT_VEHTYPE,197.00,2158.23,0.00,0.00,21.28,166.00,2158.23,0.00,0.00,21.85
t_20211107_4328281_1,128008526#2_1,-223489476#2_1,DEFAULT_VEHTYPE,168.00,1380.47,27.00,0.00,64.37,157.00,1380.47,14.00,0.00,55.15
t_20211128_168548_1,-31408779#12_1,624678474#3_1,DEFAULT_VEHTYPE,225.00,2543.22,0.00,0.00,28.50,223.00,2543.22,0.00,0.00,28.14
t_20211010_414509_6,-277743732#1_1,120273844#1_1,DEFAULT_VEHTYPE,68.00,577.67,7.00,0.00,22.83,115.00,577.67,27.00,0.00,64.59
t_20211024_447936_1,-120038808#11_1,-120048985#1_1,DEFAULT_VEHTYPE,223.00,2345.59,0.00,0.00,29.43,231.00,2345.59,0.00,0.00,30.54
t_20211010_1997257_6,-691260517#2_1,997814886#2_1,DEFAULT_VEHTYPE,117.00,907.20,27.00,0.00,44.97,111.00,907.20,27.00,0.00,46.31
t_20211003_311490_18,-120273844#1_1,-120273887#1_1,truck,95.00,576.36,25.00,0.00,50.06,87.00,576.36,13.00,0.00,39.45
t_20211107_479600_1,378317391#2_0,119605266#3_1,truck,250.00,3652.42,0.00,0.00,27.18,269.00,3652.42,0.00,0.00,26.09
t_20211024_3957348_1,29312691#11_1,627749909#0_1,DEFAULT_VEHTYPE,187.00,1337.40,50.00,0.00,83.65,177.00,1337.40,51.00,0.00,90.90
t_20211024_702818_9,438367202#0_0,44351425#7_0,DEFAULT_VEHTYPE,319.00,6742.83,0.00,0.00,33.65,334.00,6742.83,0.00,0.00,36.82
t_20211024_1851203_1,-162056963#6_1,-100827870#1_1,DEFAULT_VEHTYPE,140.00,1496.62,0.00,0.00,23.74,140.00,1496.62,0.00,0.00,26.69
t_20211024_2812376_1,-102695241#0_1,-223489476#2_1,DEFAULT_VEHTYPE,236.00,2042.40,50.00,0.00,88.70,232.00,2042.40,41.00,0.00,104.88
t_20211003_2243831_1,28185104#3_1,437343025#5_1,DEFAULT_VEHTYPE,80.00,821.77,0.00,0.00,12.67,71.00,821.77,6.00,0.00,20.42
t_20211031_4826882_1,233696887#1_1,233696887#0_1,DEFAULT_VEHTYPE,51.00,551.33,0.00,0.00,11.77,61.00,551.33,0.00,0.00,11.06
t_20211114_4869217_1,-130281026#32_1,133720488#6_1,DEFAULT_VEHTYPE,255.00,2090.84,13.00,0.00,71.82,259.00,2090.84,26.00,0.00,77.24
t_20211024_1232620_1,237521194#2_1,615443797#5_2,DEFAULT_VEHTYPE,145.00,1797.88,0.00,0.00,26.00,158.00,1797.88,0.00,0.00,26.15
t_20211017_3170883_1,-123548120_1,-123548220#3_1,DEFAULT_VEHTYPE,160.00,1805.40,0.00,0.00,29.70,150.00,1805.40,12.00,0.00,40.00
t_20211017_3075538_1,426156937#0_1,-426156937#0_1,truck,133.00,1807.67,0.00,0.00,18.55,131.00,1807.67,0.00,0.00,16.63
t_20211024_784622_1,-859955135#1_1,-717098951_1,DEFAULT_VEHTYPE,290.00,2398.54,89.00,0.00,126.23,197.00,2396.32,14.00,0.00,50.34
t_20211128_93257_1,605105364#3_1,233696887#1_1,DEFAULT_VEHTYPE,56.00,541.62,3.00,0.00,16.32,54.00,541.62,3.00,0.00,16.14
t_20211010_3622507_1,128008502#1_1,102695241#0_1,DEFAULT_VEHTYPE,151.00,1083.25,36.00,0.00,51.27,146.00,1083.25,37.00,0.00,52.41
t_20211003_960015_3,-156953315#3_1,-157076677#3_1,truck,248.00,2896.55,0.00,0.00,44.06,251.00,2896.55,0.00,0.00,40.24
t_20211031_3534048_1,-378420713_1,277743732#1_1,DEFAULT_VEHTYPE,222.00,2516.40,2.00,0.00,44.44,217.00,2516.40,14.00,0.00,49.39
t_20211024_2008431_1,-137066379#4_1,995974549#5_1,DEFAULT_VEHTYPE,187.00,1702.42,23.00,0.00,53.46,147.00,1702.42,1.00,0.00,31.42
t_20211114_1055985_20,-22748930#0_1,668208394#14_1,DEFAULT_VEHTYPE,176.00,1423.70,30.00,0.00,52.28,167.00,1423.70,37.00,0.00,60.37
t_20211003_367062_1,248174349_0,243877276#1_1,truck,69.00,663.63,0.00,0.00,22.86,71.00,663.63,0.00,0.00,24.19
t_20211010_4279047_2,-120273844#1_1,-120273887#1_1,DEFAULT_VEHTYPE,56.00,576.83,0.00,0.00,13.69,73.00,578.46,4.00,0.00,28.19
t_20211024_3911523_1,846888239#0_0,43992701#2_0,DEFAULT_VEHTYPE,257.00,4776.53,0.00,0.00,33.81,269.00,4776.53,0.00,0.00,35.57
t_20211031_916622_1,233696887#1_1,233696887#0_1,DEFAULT_VEHTYPE,52.00,551.33,0.00,0.00,10.98,55.00,551.33,0.00,0.00,11.37
t_20211003_2019258_1,-102170437#21_1,-101977326#17_1,DEFAULT_VEHTYPE,286.00,2400.20,81.00,0.00,137.55,283.00,2400.20,72.00,0.00,122.41
t_20211121_3665646_1,892353065_0,43419654#0_1,DEFAULT_VEHTYPE,210.00,3038.94,23.00,0.00,40.90,311.00,3038.94,81.00,0.00,111.56
t_20211114_614538_24,1189930720_0,1191434222_0,DEFAULT_VEHTYPE,180.00,1882.12,19.00,0.00,39.75,165.00,1882.12,24.00,0.00,46.68
t_20211010_4412584_1,1188207865#3_1,-1019666874#3_1,DEFAULT_VEHTYPE,230.00,1309.29,89.00,0.00,132.14,231.00,1309.29,86.00,0.00,125.13
t_20211128_2438095_3,-102981406#1_1,243877276#1_1,DEFAULT_VEHTYPE,324.00,2438.95,104.00,0.00,155.31,329.00,2438.95,94.00,0.00,145.54
t_20211128_161056_1,102695201#0_1,-223489476#1_1,DEFAULT_VEHTYPE,170.00,1609.20,23.00,0.00,60.12,167.00,1609.20,4.00,0.00,33.35
t_20211031_1105490_1,124963612#5_1,124963627#0_1,DEFAULT_VEHTYPE,101.00,1224.01,0.00,0.00,19.35,142.00,1224.01,0.00,0.00,18.55
t_20211024_983862_1,233696887#1_1,233696887#0_1,DEFAULT_VEHTYPE,57.00,551.33,0.00,0.00,17.65,57.00,551.33,0.00,0.00,11.23
t_20211128_277298_64,-277743732#1_1,120273844#1_1,DEFAULT_VEHTYPE,55.00,577.67,0.00,0.00,8.09,84.00,577.67,9.00,0.00,48.19
t_20211003_103714_1,223489476#1_1,-223489476#1_1,truck,176.00,1496.74,26.00,0.00,67.15,167.00,1496.74,12.00,0.00,64.74
t_20211017_326881_1,-819169272#4_1,-137066290#0_1,DEFAULT_VEHTYPE,171.00,2024.11,2.00,0.00,47.74,234.00,2024.11,42.00,0.00,107.44
t_20211128_367081_1,-229484052#7_1,-120112431#8_1,DEFAULT_VEHTYPE,166.00,1236.61,50.00,0.00,78.98,164.00,1236.61,53.00,0.00,82.36
t_20211114_223983_5,180099700#0_1,127199105#5_1,DEFAULT_VEHTYPE,202.00,1593.24,46.00,0.00,83.98,191.00,1561.61,47.00,0.00,74.45
t_20211107_102288_1,-165303212_1,137028292#1_1,DEFAULT_VEHTYPE,178.00,2327.14,0.00,0.00,20.54,261.00,2327.14,38.00,0.00,84.28
t_20211003_4520714_1,-120955758#9_1,120955758#9_1,DEFAULT_VEHTYPE,114.00,1105.49,4.00,0.00,25.84,166.00,1105.49,37.00,0.00,62.48
t_20211017_1025194_1,-837339689#0_1,651495784#7_0,DEFAULT_VEHTYPE,340.00,2077.18,175.00,0.00,223.11,351.00,2077.18,175.00,0.00,224.92
t_20211017_3861999_1,-102695241#0_1,-223489476#2_1,DEFAULT_VEHTYPE,249.00,2042.40,40.00,0.00,84.51,259.00,2042.40,38.00,0.00,95.90
t_20211024_4317174_2,-819169272#4_1,-137066290#0_1,DEFAULT_VEHTYPE,173.00,2024.11,0.00,0.00,31.24,237.00,2024.11,39.00,0.00,77.92
t_20211017_4496223_1,-229484052#21_1,-128195429#5_1,DEFAULT_VEHTYPE,151.00,1062.50,53.00,0.00,73.29,242.00,1062.50,130.00,0.00,160.90
t_20211010_2087693_1,89200115#6_1,119308846_1,DEFAULT_VEHTYPE,119.00,1387.12,0.00,0.00,21.47,119.00,1387.12,1.00,0.00,22.46
t_20211121_835859_1,605105364#3_1,233696887#1_1,DEFAULT_VEHTYPE,51.00,541.62,0.00,0.00,11.02,50.00,541.62,0.00,0.00,11.48
t_20211121_2790983_1,-473977955#6_1,133720488#6_1,DEFAULT_VEHTYPE,167.00,1323.20,40.00,0.00,68.55,167.00,1323.20,43.00,0.00,70.38
t_20211010_827060_2,223489476#1_1,-223489476#1_1,truck,161.00,1496.74,14.00,0.00,46.23,160.00,1496.74,17.00,0.00,53.37
t_20211107_804635_1,79312649#2_1,-79312649#2_1,DEFAULT_VEHTYPE,73.00,633.34,0.00,0.00,15.06,78.00,633.34,0.00,0.00,16.07
t_20211031_2824710_29,-627750917#12_1,686779987#0_1,DEFAULT_VEHTYPE,78.00,942.46,0.00,0.00,15.20,88.00,942.46,0.00,0.00,16.47
t_20211010_2405428_1,119329478_1,-886383893#8_1,DEFAULT_VEHTYPE,203.00,2098.52,23.00,0.00,59.03,294.00,2098.52,98.00,0.00,137.17
t_20211114_1803082_6,-33050698#11_1,819169272#4_1,DEFAULT_VEHTYPE,369.00,3791.59,55.00,0.00,113.19,392.00,3791.59,39.00,0.00,88.17
t_20211017_3504351_1,-1000026116#0_1,119614996#6_1,DEFAULT_VEHTYPE,298.00,2237.11,96.00,0.00,145.60,297.00,2237.11,114.00,0.00,164.63
t_20211010_392608_1,128008537#1_1,-223489476#1_1,truck,118.00,1260.35,2.00,0.00,34.75,133.00,1260.35,3.00,0.00,33.68
t_20211003_232131_77,-277743732#1_1,120273844#1_1,truck,57.00,575.57,0.00,0.00,15.54,79.00,575.57,8.00,0.00,33.43
t_20211128_4251468_1,737522149#1_1,312362938#25_0,DEFAULT_VEHTYPE,329.00,2271.98,158.00,0.00,206.39,334.00,2271.98,127.00,0.00,177.04
t_20211010_1997271_1,-842368713#1_1,189128935#6_1,DEFAULT_VEHTYPE,157.00,1181.45,48.00,0.00,77.88,159.00,1181.45,41.00,0.00,71.82
t_20211024_654545_1,-1013421828_1,1013421828_1,DEFAULT_VEHTYPE,105.00,994.35,4.00,0.00,24.98,112.00,994.35,0.00,0.00,26.63
t_20211128_798715_1,119317028#1_1,1180047185#6_0,DEFAULT_VEHTYPE,64.00,859.36,0.00,0.00,7.87,126.00,859.36,49.00,0.00,59.34
t_20211024_424927_28,48390571#2_1,868315932_1,DEFAULT_VEHTYPE,282.00,2667.45,39.00,0.00,69.62,272.00,2667.45,52.00,0.00,82.19
t_20211024_1001201_1,967414938_0,-223489476#2_1,DEFAULT_VEHTYPE,182.00,1368.59,54.00,0.00,78.35,174.00,1368.59,55.00,0.00,84.05
t_20211031_511105_3,808277658#3_0,137028292#1_1,DEFAULT_VEHTYPE,146.00,1761.89,0.00,0.00,23.24,144.00,1761.89,0.00,0.00,23.05
t_20211128_976806_1,101977419#2_1,-120159014#3_1,DEFAULT_VEHTYPE,141.00,1231.88,16.00,0.00,45.77,134.00,1231.88,16.00,0.00,46.39
t_20211031_3231326_1,123547454_1,868228654#10_1,DEFAULT_VEHTYPE,76.00,1014.16,0.00,0.00,15.81,79.00,1014.16,0.00,0.00,15.47
t_20211017_777008_2,100827921#19_1,-100827870#1_1,truck,220.00,1534.88,50.00,0.00,97.18,173.00,1534.88,9.00,0.00,67.77
t_20211031_2300584_7,44420766#4_0,775773151_1,DEFAULT_VEHTYPE,154.00,4183.30,0.00,0.00,12.27,144.00,4183.30,0.00,0.00,11.47
t_20211121_717573_1,-277743732#1_1,120273844#1_1,DEFAULT_VEHTYPE,54.00,577.67,0.00,0.00,10.88,74.00,577.67,10.00,0.00,28.73
t_20211017_2006203_1,-102695241#0_1,-128008502#1_1,DEFAULT_VEHTYPE,123.00,1084.32,34.00,0.00,55.04,141.00,1084.32,43.00,0.00,58.39
t_20211017_2513311_1,128194491_1,229626861#3_1,DEFAULT_VEHTYPE,248.00,2245.56,44.00,0.00,90.31,246.00,2245.56,49.00,0.00,97.30
t_20211010_808614_1,74882788#28_1,-74034799#64_1,DEFAULT_VEHTYPE,118.00,805.73,33.00,0.00,53.06,116.00,814.55,36.00,0.00,57.51
t_20211003_3282658_1,53638243#2_1,-33050698#12_1,DEFAULT_VEHTYPE,263.00,2609.95,28.00,0.00,98.58,258.00,2609.95,33.00,0.00,87.60
t_20211003_488607_1,101764677#0_1,243877276#1_0,DEFAULT_VEHTYPE,378.00,2956.00,103.00,0.00,169.72,384.00,2956.00,101.00,0.00,168.33
t_20211031_2256791_5,-119615131#0_1,119605145#7_1,DEFAULT_VEHTYPE,301.00,3169.22,28.00,0.00,94.26,390.00,3169.22,103.00,0.00,174.33
t_20211128_996172_1,-668208394#14_1,668208394#14_1,DEFAULT_VEHTYPE,107.00,586.13,43.00,0.00,58.60,106.00,586.13,44.00,0.00,59.96
t_20211107_3655029_1,934904316#0_1,842368685#10_1,DEFAULT_VEHTYPE,375.00,2623.74,185.00,0.00,241.51,377.00,2623.74,171.00,0.00,229.88
t_20211017_2745498_1,-67005283#6_1,75947017#3_1,DEFAULT_VEHTYPE,284.00,3119.53,50.00,0.00,96.48,292.00,3119.53,41.00,0.00,87.84
t_20211024_715797_22,729769744#20_1,34049070#6_1,DEFAULT_VEHTYPE,91.00,1048.39,0.00,0.00,13.13,108.00,1048.39,0.00,0.00,14.69
t_20211121_735520_1,43419655#8_1,176920625#0_2,DEFAULT_VEHTYPE,95.00,800.08,22.00,0.00,44.94,97.00,800.08,16.00,0.00,38.10
t_20211128_2456327_1,-934904316#7_1,-97209940#5_1,DEFAULT_VEHTYPE,161.00,1299.59,54.00,0.00,84.72,150.00,1299.59,64.00,0.00,94.63
t_20211031_722458_1,43419655#2_1,176920625#0_1,DEFAULT_VEHTYPE,178.00,1207.36,60.00,0.00,93.32,175.00,1207.36,76.00,0.00,104.93
t_20211031_1019604_4,593046492#0_0,593046492#1_1,DEFAULT_VEHTYPE,214.00,6345.54,0.00,0.00,11.63,234.00,6345.54,0.00,0.00,11.69
t_20211107_2152518_1,-102695241#0_1,-100827870#1_1,DEFAULT_VEHTYPE,196.00,1693.74,35.00,0.00,66.49,191.00,1693.74,35.00,0.00,67.36
t_20211121_4488643_1,-102695241#0_1,-100827870#1_1,DEFAULT_VEHTYPE,162.00,1693.74,9.00,0.00,49.23,158.00,1693.74,7.00,0.00,38.16
t_20211003_1201805_1,-120273844#1_1,-120273887#0_1,DEFAULT_VEHTYPE,67.00,630.81,4.00,0.00,20.90,63.00,632.44,0.00,0.00,9.30
t_20211003_519100_9,-120273844#1_1,-120273887#1_1,truck,68.00,574.73,1.00,0.00,24.80,62.00,576.36,0.00,0.00,16.94
t_20211024_397609_1,137320755#2_1,-133720482#5_1,DEFAULT_VEHTYPE,275.00,2253.29,5.00,0.00,53.41,274.00,2253.29,22.00,0.00,71.71
t_20211017_780463_2,28187775#2_1,480972620#1_1,DEFAULT_VEHTYPE,228.00,2317.56,48.00,0.00,83.49,227.00,2317.56,50.00,0.00,84.53
t_20211031_596258_6,-321107542#1_1,321107542#1_1,DEFAULT_VEHTYPE,153.00,1981.38,0.00,0.00,14.59,159.00,1981.38,0.00,0.00,15.37
t_20211121_2811397_5,491244288_0,997814886#2_1,DEFAULT_VEHTYPE,124.00,1181.08,20.00,0.00,41.26,135.00,1181.08,24.00,0.00,48.25
t_20211017_2265010_1,-58473437#28_1,121061586#1_1,DEFAULT_VEHTYPE,102.00,860.61,28.00,0.00,46.80,105.00,860.61,28.00,0.00,46.09
t_20211003_865728_3,-120273844#1_1,-120273887#1_1,truck,65.00,574.73,0.00,0.00,20.14,60.00,576.36,0.00,0.00,17.59
t_20211010_4246399_1,378317388#5_0,-479943829_1,DEFAULT_VEHTYPE,179.00,1294.25,45.00,0.00,64.93,113.00,1294.25,0.00,0.00,14.67
t_20211114_3848066_1,438367202#0_0,44351425#7_0,DEFAULT_VEHTYPE,313.00,6742.83,0.00,0.00,37.68,319.00,6742.83,0.00,0.00,35.54
t_20211003_197994_1,-277743732#1_1,120273844#1_1,truck,60.00,575.57,0.00,0.00,16.62,61.00,575.09,0.00,0.00,16.22
t_20211003_161375_2,-101187781#3_1,-100827870#1_1,DEFAULT_VEHTYPE,178.00,1279.97,34.00,0.00,61.72,164.00,1279.97,37.00,0.00,71.20
t_20211107_4141210_1,101187652_1,288132112#1_0,DEFAULT_VEHTYPE,420.00,3216.86,146.00,0.00,197.16,418.00,3216.86,153.00,0.00,203.68
t_20211121_4493160_4,223489476#2_1,-128008526#2_1,DEFAULT_VEHTYPE,144.00,1386.88,4.00,0.00,31.52,144.00,1386.88,19.00,0.00,53.31
t_20211031_937097_1,-101641329#0_1,243877276#1_1,truck,216.00,1541.73,50.00,0.00,106.26,216.00,1541.73,50.00,0.00,104.86
t_20211107_128987_13,-277743732#1_1,120273844#1_1,truck,60.00,575.57,0.00,0.00,16.87,60.00,575.09,0.00,0.00,17.47
t_20211107_261631_1,-119615129#2_1,119615131#0_1,truck,261.00,2000.94,58.00,0.00,121.50,260.00,2000.94,54.00,0.00,117.86
t_20211107_477350_1,1187850210_1,119316977#1_1,DEFAULT_VEHTYPE,67.00,642.10,0.00,0.00,10.86,66.00,642.10,0.00,0.00,10.87
t_20211010_884643_61,223489476#1_1,-100827870#1_1,truck,408.00,3216.85,106.00,0.00,202.67,407.00,3216.85,105.00,0.00,199.53
t_20211003_1042364_1,564369142#10_1,-564369142#10_1,DEFAULT_VEHTYPE,189.00,1549.92,27.00,0.00,60.01,185.00,1549.92,43.00,0.00,83.38
t_20211121_4419257_1,799361047#8_1,120046111#2_1,DEFAULT_VEHTYPE,131.00,1609.90,26.00,0.00,45.68,223.00,1609.90,90.00,0.00,125.95
t_20211114_1204863_3,223489476#2_1,-102695201#1_1,DEFAULT_VEHTYPE,105.00,1157.98,0.00,0.00,22.00,104.00,1157.98,0.00,0.00,20.38
t_20211017_463743_2,-277743732#1_1,120273844#1_1,DEFAULT_VEHTYPE,57.00,577.67,0.00,0.00,15.45,60.00,577.19,0.00,0.00,13.86
t_20211010_1114479_4,-120273844#1_1,-120273887#1_1,truck,57.00,574.73,0.00,0.00,13.96,65.00,576.36,2.00,0.00,21.90
t_20211010_897303_1,426156937#0_1,120955715_1,DEFAULT_VEHTYPE,286.00,3204.51,42.00,0.00,86.02,296.00,3204.51,38.00,0.00,86.90
t_20211128_4286542_1,128008502#1_1,102695241#0_1,DEFAULT_VEHTYPE,152.00,1083.25,35.00,0.00,75.55,129.00,1083.25,40.00,0.00,54.16
t_20211121_4946996_1,622670657#3_1,672860114#0_1,DEFAULT_VEHTYPE,125.00,909.11,32.00,0.00,48.46,122.00,909.11,31.00,0.00,49.95
t_20211114_3805189_1,248174349_0,243877276#1_1,DEFAULT_VEHTYPE,130.00,632.69,52.00,0.00,79.88,130.00,632.69,54.00,0.00,79.74
t_20211010_1034554_1,651472811#15_1,-119617353#0_1,DEFAULT_VEHTYPE,267.00,3057.68,70.00,0.00,111.20,278.00,3057.68,54.00,0.00,92.70
t_20211017_2149923_1,248174349_0,243877276#1_1,DEFAULT_VEHTYPE,129.00,632.69,50.00,0.00,81.49,125.00,632.69,46.00,0.00,77.46
t_20211024_1459719_3,491244288_0,-210352172#44_1,DEFAULT_VEHTYPE,423.00,3122.59,123.00,0.00,200.77,419.00,3122.59,136.00,0.00,206.90
t_20211128_791797_1,846888239#0_0,43992701#2_1,DEFAULT_VEHTYPE,326.00,4776.53,39.00,0.00,77.06,315.00,4776.53,43.00,0.00,78.51
t_20211031_604725_7,223489476#2_1,102695241#0_1,DEFAULT_VEHTYPE,244.00,2043.16,39.00,0.00,75.42,248.00,2155.29,50.00,0.00,107.39
t_20211010_826269_1,846888239#0_0,43992701#2_0,DEFAULT_VEHTYPE,342.00,4776.53,43.00,0.00,76.58,258.00,4776.53,0.00,0.00,45.83
t_20211114_225595_4,223489476#1_1,102695241#0_1,DEFAULT_VEHTYPE,265.00,2387.99,36.00,0.00,81.95,270.00,2500.12,47.00,0.00,118.65
t_20211031_356779_1,-1302710118#0_1,-133720496#12_1,truck,156.00,1246.86,52.00,0.00,75.54,154.00,1246.86,56.00,0.00,79.07
t_20211003_1926664_1,248174349_0,243877276#1_1,DEFAULT_VEHTYPE,130.00,632.69,44.00,0.00,75.35,124.00,632.69,43.00,0.00,78.12
t_20211003_3098967_4,-120955758#9_1,-120956297_1,DEFAULT_VEHTYPE,160.00,1320.20,42.00,0.00,59.96,98.00,1320.20,0.00,0.00,14.30
t_20211017_1017675_1,248174349_0,243877276#1_1,DEFAULT_VEHTYPE,121.00,632.69,49.00,0.00,80.23,125.00,632.69,43.00,0.00,79.03
t_20211017_373389_1,223489476#1_1,-100827870#1_1,truck,386.00,3216.85,81.00,0.00,171.31,384.00,3216.85,88.00,0.00,185.96
t_20211114_3014255_1,846888239#0_0,890891591#0_1,DEFAULT_VEHTYPE,360.00,4630.38,65.00,0.00,125.69,356.00,4630.38,81.00,0.00,135.47
t_20211017_514954_1,30065931#8_1,-475445327#1_1,DEFAULT_VEHTYPE,106.00,1147.25,0.00,0.00,14.99,91.00,1147.25,0.00,0.00,14.56
t_20211031_4026676_1,603969984#2_1,-120112431#8_1,truck,290.00,2067.86,97.00,0.00,149.83,290.00,2067.86,90.00,0.00,143.42
t_20211114_614538_27,359839964_0,651370142#1_0,DEFAULT_VEHTYPE,140.00,1108.99,36.00,0.00,65.28,139.00,1108.99,34.00,0.00,68.79
t_20211010_1568125_1,846888239#0_0,43992701#2_1,DEFAULT_VEHTYPE,231.00,4776.53,0.00,0.00,41.08,311.00,4776.53,18.00,0.00,54.88
t_20211010_3321563_14,-1013421828_1,1013421828_1,DEFAULT_VEHTYPE,105.00,994.35,0.00,0.00,25.18,113.00,994.35,0.00,0.00,16.09
t_20211024_711755_1,120956713#0_1,120955715_1,DEFAULT_VEHTYPE,81.00,831.73,0.00,0.00,10.77,95.00,831.73,0.00,0.00,11.63
t_20211031_4821170_1,-33050698#11_1,1091810134#1_1,DEFAULT_VEHTYPE,77.00,881.03,0.00,0.00,15.19,78.00,881.03,0.00,0.00,15.47
t_20211024_166261_1,120273887#1_1,798745729#4_1,DEFAULT_VEHTYPE,173.00,789.48,88.00,0.00,114.18,180.00,782.70,65.00,0.00,126.88
t_20211128_3394638_1,120956297_1,-120956297_1,DEFAULT_VEHTYPE,153.00,849.38,51.00,0.00,79.50,145.00,849.38,55.00,0.00,85.33
t_20211017_164904_1,378600191#0_1,58473437#28_1,DEFAULT_VEHTYPE,399.00,3302.26,85.00,0.00,151.69,377.00,3302.26,134.00,0.00,198.17
t_20211114_4166255_1,-837494255#10_1,-651473924#3_1,DEFAULT_VEHTYPE,296.00,3553.99,19.00,0.00,71.41,294.00,3553.99,23.00,0.00,78.86
t_20211024_350091_1,120273887#1_1,798745729#4_1,DEFAULT_VEHTYPE,171.00,789.48,86.00,0.00,115.11,245.00,770.06,101.00,0.00,165.17
t_20211121_1725058_1,120956847#1_1,-120956847#1_1,DEFAULT_VEHTYPE,78.00,652.04,0.00,0.00,13.20,63.00,652.04,0.00,0.00,14.17
t_20211128_705078_1,-277743732#1_1,120273844#1_1,DEFAULT_VEHTYPE,60.00,577.67,0.00,0.00,10.12,62.00,577.67,0.00,0.00,9.56
t_20211121_3142486_3,378600191#0_1,58473437#28_1,DEFAULT_VEHTYPE,395.00,3302.26,84.00,0.00,207.30,375.00,3302.26,101.00,0.00,167.44
t_20211128_788519_6,248174349_0,243877276#1_1,DEFAULT_VEHTYPE,126.00,632.69,42.00,0.00,73.73,130.00,632.69,40.00,0.00,80.63
t_20211121_1851153_1,-802330451#19_1,-312592560#6_0,DEFAULT_VEHTYPE,161.00,1638.60,22.00,0.00,45.36,157.00,1638.60,22.00,0.00,47.66
t_20211017_1198542_1,763210011#2_0,-633218712_1,DEFAULT_VEHTYPE,134.00,1471.86,0.00,0.00,16.02,119.00,1471.86,0.00,0.00,15.76
t_20211107_3056771_1,1169288440_1,798745729#4_1,DEFAULT_VEHTYPE,283.00,1884.74,92.00,0.00,140.53,288.00,1884.74,103.00,0.00,156.28
t_20211017_4199664_1,165048601#2_1,44351425#7_0,DEFAULT_VEHTYPE,425.00,5502.72,98.00,0.00,149.52,456.00,5502.72,73.00,0.00,130.25
t_20211107_268261_1,-732836013#1_1,-80093887_1,DEFAULT_VEHTYPE,388.00,3492.27,110.00,0.00,175.69,387.00,3492.27,116.00,0.00,174.91
t_20211017_1396136_4,-120261508_1,798745729#4_1,DEFAULT_VEHTYPE,294.00,2229.42,88.00,0.00,159.94,358.00,2229.42,137.00,0.00,200.28
t_20211003_259966_1,-120046222_1,-120045382_1,DEFAULT_VEHTYPE,193.00,1999.18,38.00,0.00,66.42,187.00,1999.18,36.00,0.00,61.53
t_20211010_3589306_1,128008502#1_1,102695241#0_1,DEFAULT_VEHTYPE,111.00,1083.25,0.00,0.00,10.98,109.00,1083.25,0.00,0.00,10.31
t_20211128_2057102_1,-120162123#1_1,-102695201#0_1,DEFAULT_VEHTYPE,304.00,2679.29,43.00,0.00,91.37,278.00,2679.29,58.00,0.00,98.94
t_20211024_1066325_1,1149389052#4_0,672267591_1,DEFAULT_VEHTYPE,302.00,3721.78,28.00,0.00,56.81,300.00,3721.78,42.00,0.00,75.42
t_20211107_277456_1,120273887#1_1,120273844#1_1,truck,60.00,575.09,0.00,0.00,16.30,55.00,575.09,0.00,0.00,15.23
t_20211017_595381_1,-119605145#7_1,-119607721#4_1,DEFAULT_VEHTYPE,119.00,1407.95,0.00,0.00,15.36,109.00,1407.95,1.00,0.00,20.24
t_20211024_2108556_30,-120112478#2_1,-56409286#2_1,DEFAULT_VEHTYPE,340.00,2709.88,90.00,0.00,154.87,304.00,2709.88,52.00,0.00,107.82
t_20211024_2215603_1,651184348#4_0,-783800520#0_1,truck,199.00,1778.01,36.00,0.00,68.19,200.00,1778.01,35.00,0.00,69.38
t_20211128_243922_1,-102422702#0_1,228024299#1_1,DEFAULT_VEHTYPE,113.00,939.35,33.00,0.00,48.96,122.00,939.35,29.00,0.00,47.31
t_20211114_479516_1,-49249574#5_1,1091810134#1_1,DEFAULT_VEHTYPE,184.00,1947.88,14.00,0.00,45.68,278.00,1947.88,72.00,0.00,113.33
t_20211107_4068354_1,479943852#2_1,479943852#1_1,DEFAULT_VEHTYPE,136.00,1343.10,0.00,0.00,21.37,141.00,1343.10,0.00,0.00,20.37
t_20211010_4618848_1,326224748#3_1,119605145#7_1,DEFAULT_VEHTYPE,124.00,1104.79,0.00,0.00,23.38,109.00,1104.79,0.00,0.00,24.33
t_20211031_1256623_1,102299703#5_1,797365203#17_0,truck,447.00,3741.72,129.00,0.00,212.19,448.00,3741.72,122.00,0.00,208.31
t_20211003_308405_23,-120273844#1_1,-120273887#1_1,truck,60.00,574.73,0.00,0.00,15.19,59.00,574.73,0.00,0.00,14.57
t_20211024_1073362_9,-102695241#0_1,-223489476#2_1,DEFAULT_VEHTYPE,269.00,2042.40,67.00,0.00,119.95,270.00,2042.40,69.00,0.00,129.89
t_20211121_2275340_4,-124963628#11_1,124963627#0_1,DEFAULT_VEHTYPE,95.00,929.76,0.00,0.00,13.12,80.00,929.76,0.00,0.00,11.91
t_20211024_4432923_4,229626862#0_1,-128194587_1,DEFAULT_VEHTYPE,370.00,2685.06,79.00,0.00,129.34,373.00,2685.06,81.00,0.00,132.82
t_20211017_444503_1,225071063#0_1,1144278747#0_1,DEFAULT_VEHTYPE,348.00,2758.61,127.00,0.00,171.72,204.00,2758.61,8.00,0.00,42.81
t_20211017_4265534_1,386247276#5_1,-254125378#17_1,DEFAULT_VEHTYPE,84.00,1186.14,0.00,0.00,19.34,83.00,1186.14,0.00,0.00,19.71
t_20211107_188123_1,378600191#0_1,-58473437#19_1,DEFAULT_VEHTYPE,366.00,3499.27,46.00,0.00,131.50,344.00,3499.27,63.00,0.00,138.49
t_20211031_1615390_1,137065768#1_1,133720488#6_1,DEFAULT_VEHTYPE,259.00,1754.09,78.00,0.00,123.37,260.00,1754.09,74.00,0.00,120.15
t_20211010_968960_1,-162056963#6_1,100827914#1_1,truck,219.00,1826.79,47.00,0.00,93.85,218.00,1826.79,46.00,0.00,97.79
t_20211114_4287021_1,763210011#1_0,-936564017#3_1,DEFAULT_VEHTYPE,218.00,2265.37,45.00,0.00,78.46,219.00,2265.37,45.00,0.00,75.86
t_20211017_192494_1,-102695241#0_1,-223489476#1_1,DEFAULT_VEHTYPE,341.00,2378.88,102.00,0.00,157.59,284.00,2378.88,36.00,0.00,104.87
t_20211024_3288617_1,-68340319#3_1,243877276#1_0,DEFAULT_VEHTYPE,313.00,2683.43,103.00,0.00,143.71,222.00,2683.43,41.00,0.00,72.99
t_20211031_3813897_1,729769744#20_1,34049070#6_1,DEFAULT_VEHTYPE,118.00,1048.39,15.00,0.00,33.98,118.00,1048.39,20.00,0.00,39.91
t_20211024_165889_1,101764553#3_1,243877276#1_0,DEFAULT_VEHTYPE,342.00,2024.79,132.00,0.00,186.94,340.00,2024.79,148.00,0.00,206.30
t_20211107_119426_1,128186295#4_1,1149389054#1_0,DEFAULT_VEHTYPE,386.00,4604.25,66.00,0.00,98.33,387.00,4604.25,66.00,0.00,100.24
t_20211114_3269363_1,802059268#9_1,1097444026#2_1,DEFAULT_VEHTYPE,179.00,1099.33,66.00,0.00,89.29,180.00,1099.33,64.00,0.00,87.74
t_20211010_1114266_3,263171347#23_1,263171347#22_1,DEFAULT_VEHTYPE,68.00,722.26,0.00,0.00,15.77,68.00,722.26,0.00,0.00,16.02
t_20211107_193329_1,-120273844#1_1,-120273887#1_1,truck,63.00,574.73,0.00,0.00,15.47,60.00,574.73,0.00,0.00,17.00
t_20211121_2008429_1,119770963_1,-119770963_1,DEFAULT_VEHTYPE,67.00,629.14,0.00,0.00,13.38,68.00,629.14,0.00,0.00,12.93
t_20211017_4638184_1,-1184579572#2_0,-53638243#2_1,DEFAULT_VEHTYPE,431.00,3182.76,171.00,0.00,240.07,433.00,3182.76,164.00,0.00,247.03
t_20211017_3056353_1,72848061#0_1,819169272#4_1,DEFAULT_VEHTYPE,352.00,3545.53,79.00,0.00,146.58,355.00,3467.54,52.00,0.00,100.06
t_20211010_1114266_2,244247240#9_0,263171347#26_1,DEFAULT_VEHTYPE,275.00,1636.87,127.00,0.00,156.42,276.00,1636.87,123.00,0.00,157.86
t_20211107_4603934_1,971263707#1_0,-128008537#1_1,DEFAULT_VEHTYPE,444.00,3406.91,160.00,0.00,223.23,451.00,3406.91,161.00,0.00,230.43
t_20211121_4224154_1,53638243#2_1,-33050698#12_1,DEFAULT_VEHTYPE,324.00,2609.95,94.00,0.00,155.16,344.00,2609.95,88.00,0.00,136.13
t_20211107_218936_1,-102695241#0_1,-223489476#1_1,truck,319.00,2376.78,72.00,0.00,130.02,302.00,2376.78,81.00,0.00,134.90
t_20211121_4382930_1,128194491_1,229626861#3_1,DEFAULT_VEHTYPE,270.00,2245.56,66.00,0.00,109.98,273.00,2245.56,56.00,0.00,105.52
t_20211003_125463_2,911624067#1_0,-120112431#8_1,truck,350.00,2522.34,113.00,0.00,193.40,348.00,2522.34,104.00,0.00,175.23
t_20211114_386683_1,-1013421828_1,1013421828_1,DEFAULT_VEHTYPE,120.00,994.35,8.00,0.00,28.53,98.00,994.35,0.00,0.00,15.36
t_20211024_733715_1,-378420713_1,-120274340#1_1,DEFAULT_VEHTYPE,88.00,1084.96,0.00,0.00,11.49,87.00,1084.96,0.00,0.00,14.12
t_20211121_2063389_4,-120273844#1_1,-120273887#1_1,truck,57.00,576.36,0.00,0.00,16.08,61.00,574.73,0.00,0.00,19.19
t_20211031_178992_1,355105943#0_0,609841415#0_0,DEFAULT_VEHTYPE,119.00,1042.45,32.00,0.00,49.16,117.00,1042.45,35.00,0.00,51.27
t_20211017_3642197_1,128194491_1,229626861#3_1,DEFAULT_VEHTYPE,234.00,2245.56,31.00,0.00,95.80,234.00,2245.56,23.00,0.00,79.94
t_20211003_183566_1,28184603#2.78_0,28184296#12_0,DEFAULT_VEHTYPE,103.00,1412.14,0.00,0.00,14.35,111.00,1325.80,0.00,0.00,13.57
t_20211010_3591093_1,651413705#1_0,120048804#0_1,DEFAULT_VEHTYPE,452.00,4961.21,81.00,0.00,129.55,449.00,4961.21,105.00,0.00,158.46
t_20211017_165732_1,127199256#1_1,243877276#1_0,DEFAULT_VEHTYPE,384.00,3463.82,61.00,0.00,131.28,381.00,3463.82,68.00,0.00,140.43
t_20211010_3806502_1,128194491_1,229626861#3_1,DEFAULT_VEHTYPE,188.00,2245.56,0.00,0.00,52.39,189.00,2245.56,1.00,0.00,53.17
t_20211010_3494174_1,102695211#0_1,177602352#3_1,DEFAULT_VEHTYPE,64.00,783.34,0.00,0.00,12.91,64.00,783.34,0.00,0.00,13.67
t_20211114_3325792_1,-120273844#1_1,120261508_1,DEFAULT_VEHTYPE,253.00,2251.66,27.00,0.00,98.06,239.00,2251.66,24.00,0.00,82.05
t_20211003_955176_1,120042225_1,120049671#0_1,DEFAULT_VEHTYPE,211.00,2570.78,0.00,0.00,19.06,197.00,2570.78,0.00,0.00,16.67
t_20211017_3836276_1,763324771#9_1,102977602#29_1,DEFAULT_VEHTYPE,180.00,1576.04,46.00,0.00,76.89,179.00,1576.04,51.00,0.00,81.82
t_20211003_856054_1,124963612#5_1,174711144#2_1,DEFAULT_VEHTYPE,191.00,2154.65,0.00,0.00,35.83,193.00,2154.65,1.00,0.00,48.14
t_20211017_3944649_1,72848061#0_1,1091810134#1_1,DEFAULT_VEHTYPE,164.00,1086.52,63.00,0.00,91.60,168.00,1086.52,58.00,0.00,83.82
t_20211017_4926533_1,175918112#0_0,902154974#0_1,DEFAULT_VEHTYPE,222.00,1637.48,70.00,0.00,96.78,224.00,1637.48,67.00,0.00,93.70
t_20211010_802132_1,1188207865#3_1,120162123#1_1,DEFAULT_VEHTYPE,327.00,2623.65,97.00,0.00,145.23,328.00,2623.65,85.00,0.00,129.89
t_20211024_3897077_1,128008502#1_1,102695241#0_1,DEFAULT_VEHTYPE,125.00,1083.25,31.00,0.00,49.19,124.00,1083.25,34.00,0.00,49.09
t_20211114_2249757_11,-1013421828_1,1013421828_1,DEFAULT_VEHTYPE,107.00,994.35,0.00,0.00,15.96,124.00,994.35,3.00,0.00,25.25
t_20211003_544730_5,-120273844#1_1,-120273887#1_1,truck,59.00,576.36,0.00,0.00,17.35,59.00,574.73,0.00,0.00,15.51
t_20211128_4285575_1,-102695241#0_1,-100827870#1_1,DEFAULT_VEHTYPE,169.00,1693.74,15.00,0.00,46.10,169.00,1693.74,12.00,0.00,41.98
t_20211003_1134664_1,56409286#3_1,120112478#2_1,DEFAULT_VEHTYPE,323.00,2669.36,82.00,0.00,149.98,329.00,2669.36,76.00,0.00,125.72
t_20211010_167851_1,-1013421828_1,1013421828_1,DEFAULT_VEHTYPE,98.00,994.35,0.00,0.00,16.75,113.00,994.35,0.00,0.00,17.00
t_20211024_3239743_1,228025601#0_1,351768792#2_1,DEFAULT_VEHTYPE,336.00,3906.67,36.00,0.00,94.30,392.00,3906.67,59.00,0.00,112.18
t_20211017_2787764_2,-113388414_1,-113387840#26_1,DEFAULT_VEHTYPE,49.00,622.36,0.00,0.00,12.11,52.00,622.36,0.00,0.00,11.24
t_20211010_3618864_1,101764677#0_1,176922026#19_1,DEFAULT_VEHTYPE,489.00,3637.09,157.00,0.00,240.37,578.00,3637.09,231.00,0.00,325.71
t_20211121_465598_1,223489476#1_1,-102695201#1_1,DEFAULT_VEHTYPE,136.00,1502.81,0.00,0.00,22.62,133.00,1502.81,0.00,0.00,29.01
t_20211114_4499795_1,-120299285#9_1,672428421#1_2,DEFAULT_VEHTYPE,407.00,4703.58,103.00,0.00,158.99,573.00,4703.58,177.00,0.00,232.93
t_20211017_4768213_1,-102695241#0_1,-223489476#1_1,DEFAULT_VEHTYPE,288.00,2378.88,57.00,0.00,107.33,276.00,2378.88,48.00,0.00,103.49
t_20211010_3604042_1,491244288_0,-967414925_1,DEFAULT_VEHTYPE,473.00,3893.38,148.00,0.00,229.94,624.00,3893.38,231.00,0.00,313.69
t_20211003_2032560_1,-997814886#2_1,-1188207865#3_1,DEFAULT_VEHTYPE,207.00,1777.29,44.00,0.00,71.64,144.00,1777.29,0.00,0.00,24.39
t_20211017_3401419_1,-102695241#0_1,-100827870#1_1,truck,160.00,1691.64,0.00,0.00,39.01,157.00,1691.64,0.00,0.00,37.84
t_20211017_112732_1,1017258317#2_1,80103864#5_1,DEFAULT_VEHTYPE,80.00,1017.59,0.00,0.00,11.93,82.00,1017.59,0.00,0.00,12.01
t_20211031_672268_1,-120273844#1_1,-120273887#1_1,DEFAULT_VEHTYPE,52.00,578.46,0.00,0.00,10.57,51.00,576.83,0.00,0.00,12.46
t_20211121_3183163_1,102170267#1_1,102170527#23_0,DEFAULT_VEHTYPE,396.00,4456.84,66.00,0.00,106.90,448.00,4456.84,110.00,0.00,153.33
t_20211114_614538_26,651365134#0_0,359839959#2_0,DEFAULT_VEHTYPE,252.00,3447.95,5.00,0.00,39.82,234.00,3447.95,5.00,0.00,41.56
t_20211010_2068004_1,33050698#12_1,686779987#0_1,DEFAULT_VEHTYPE,251.00,2316.35,40.00,0.00,80.58,249.00,2316.35,48.00,0.00,86.55
t_20211107_419051_1,1259361400#1_1,1259361400#0_1,truck,221.00,2174.44,39.00,0.00,83.02,228.00,2174.44,40.00,0.00,84.61
t_20211003_3850558_2,-120955715_1,-120956713#0_1,DEFAULT_VEHTYPE,77.00,841.48,0.00,0.00,14.77,83.00,841.48,0.00,0.00,9.92
t_20211024_3785333_1,1019666874#3_1,-1188207865#3_1,DEFAULT_VEHTYPE,175.00,1238.71,53.00,0.00,81.97,218.00,1287.18,82.00,0.00,122.48
t_20211107_2749407_2,-101187781#3_1,-100827870#1_1,DEFAULT_VEHTYPE,167.00,1279.97,24.00,0.00,52.28,168.00,1279.97,32.00,0.00,62.64
t_20211114_99808_1,-156953315#3_1,156953315#3_1,DEFAULT_VEHTYPE,65.00,623.92,2.00,0.00,18.65,64.00,623.92,0.00,0.00,14.21
t_20211121_4353032_1,-911617034#3_1,890907501#0_1,DEFAULT_VEHTYPE,306.00,2432.63,84.00,0.00,140.63,425.00,2432.63,114.00,0.00,174.64
t_20211107_3099247_3,102695201#0_1,-223489476#1_1,DEFAULT_VEHTYPE,145.00,1609.20,6.00,0.00,32.60,169.00,1609.20,13.00,0.00,44.50
t_20211121_4387417_1,-58473437#28_1,58473437#28_1,DEFAULT_VEHTYPE,115.00,649.81,44.00,0.00,69.68,115.00,649.81,44.00,0.00,68.51
t_20211031_2707588_1,425612663#0_0,425612663#0_0,DEFAULT_VEHTYPE,107.00,2777.25,0.00,0.00,9.22,124.00,2777.25,0.00,0.00,9.00
t_20211121_3665646_3,120878522#23_1,263171347#9_2,DEFAULT_VEHTYPE,94.00,1136.75,0.00,0.00,12.51,119.00,1136.75,0.00,0.00,15.61
t_20211017_2097096_1,-156953315#3_1,156953315#3_1,DEFAULT_VEHTYPE,64.00,623.92,0.00,0.00,23.64,68.00,623.92,0.00,0.00,18.08
t_20211128_452514_1,312362938#31_0,-882175373#1_1,DEFAULT_VEHTYPE,289.00,3760.45,36.00,0.00,77.92,310.00,3760.45,44.00,0.00,83.95
t_20211128_344759_1,-120038178#1_1,-120037140#10_1,DEFAULT_VEHTYPE,272.00,2698.89,48.00,0.00,84.48,272.00,2698.89,52.00,0.00,88.13
t_20211107_680995_2,-800405402#3_1,-1188207865#3_1,truck,185.00,1271.18,45.00,0.00,90.45,182.00,1271.18,39.00,0.00,79.69
t_20211003_1159583_1,-120261508_1,-777607052#40_1,DEFAULT_VEHTYPE,240.00,2213.74,46.00,0.00,90.09,246.00,2213.74,34.00,0.00,78.99
t_20211017_1569663_5,223489476#2_1,102695241#0_1,DEFAULT_VEHTYPE,253.00,2043.16,63.00,0.00,95.51,254.00,2043.16,59.00,0.00,93.52
t_20211107_3642476_1,-120045651#1_1,120036933#1_1,DEFAULT_VEHTYPE,241.00,2461.27,43.00,0.00,80.40,241.00,2461.27,54.00,0.00,100.50
t_20211031_2238214_22,-277743732#1_1,798745729#4_1,truck,130.00,794.18,27.00,0.00,70.20,141.00,794.18,38.00,0.00,80.60
t_20211107_516383_7,-120273844#1_1,-120273887#1_1,truck,59.00,576.36,0.00,0.00,16.93,59.00,574.73,0.00,0.00,15.14
t_20211128_3782319_1,-101187805#15_1,128008526#1_1,DEFAULT_VEHTYPE,345.00,2042.53,138.00,0.00,205.88,336.00,2042.53,148.00,0.00,219.30
t_20211024_972525_1,102695201#1_1,102695241#0_1,DEFAULT_VEHTYPE,135.00,1194.20,21.00,0.00,58.66,135.00,1194.20,17.00,0.00,46.49
t_20211024_759011_57,223489476#1_1,-100827870#1_1,truck,462.00,3216.85,143.00,0.00,241.87,460.00,3216.85,136.00,0.00,233.46
t_20211003_1555554_3,-120162123#1_1,-1188207865#3_1,DEFAULT_VEHTYPE,299.00,2029.75,88.00,0.00,119.01,205.00,2029.75,35.00,0.00,61.28
t_20211121_1631353_1,128008502#1_1,102695241#0_1,DEFAULT_VEHTYPE,105.00,1083.25,4.00,0.00,23.26,110.00,1083.25,5.00,0.00,20.72
t_20211010_373206_1,123548376#0_1,859955149#2_1,DEFAULT_VEHTYPE,175.00,1676.11,31.00,0.00,61.90,172.00,1676.14,33.00,0.00,62.81
t_20211003_806510_1,223489476#1_1,-100827870#1_1,truck,411.00,3216.85,100.00,0.00,216.19,413.00,3216.85,87.00,0.00,201.93
t_20211010_1669812_1,248174349_0,243877276#1_1,DEFAULT_VEHTYPE,158.00,632.69,66.00,0.00,111.87,152.00,632.69,72.00,0.00,104.13
t_20211114_4631574_1,119614880#2_1,-120261538#1_1,DEFAULT_VEHTYPE,186.00,1661.54,24.00,0.00,47.55,174.00,1661.54,28.00,0.00,53.97
t_20211121_1061942_1,438367202#0_0,44351425#7_0,DEFAULT_VEHTYPE,345.00,6742.83,40.00,0.00,86.91,298.00,6742.83,0.00,0.00,34.56
t_20211121_3665646_2,-226663198_1,120878522#15_1,DEFAULT_VEHTYPE,261.00,2753.55,41.00,0.00,75.62,269.00,2753.55,27.00,0.00,64.30
t_20211031_601161_1,223489476#1_1,-223489476#1_1,truck,162.00,1496.74,13.00,0.00,49.98,167.00,1496.74,14.00,0.00,46.29
t_20211128_2544486_1,333682724#6_1,229481998_1,DEFAULT_VEHTYPE,119.00,878.51,34.00,0.00,63.43,123.00,878.51,32.00,0.00,56.08
t_20211017_2230517_1,248174349_0,243877276#1_1,DEFAULT_VEHTYPE,119.00,632.69,39.00,0.00,69.59,116.00,632.69,29.00,0.00,56.31
t_20211017_322187_3,438367202#0_0,44351425#7_0,DEFAULT_VEHTYPE,373.00,6742.83,42.00,0.00,88.15,426.00,6742.83,0.00,0.00,42.54
t_20211017_2194926_1,-119317039_1,1180047185#6_1,DEFAULT_VEHTYPE,167.00,1503.20,38.00,0.00,63.78,173.00,1503.20,28.00,0.00,46.03
t_20211121_249492_1,-120273844#1_1,-120273887#1_1,DEFAULT_VEHTYPE,54.00,578.46,0.00,0.00,12.34,55.00,576.83,0.00,0.00,10.68
t_20211003_515298_5,223489476#2_1,-100827870#1_1,truck,365.00,3077.33,104.00,0.00,178.18,338.00,3008.53,90.00,0.00,156.55
t_20211121_4143172_1,-124963627#0_1,124963628#11_1,DEFAULT_VEHTYPE,81.00,938.82,0.00,0.00,11.37,84.00,938.82,0.00,0.00,12.87
t_20211128_4106673_1,1162251459#0_1,-229484056#3_1,DEFAULT_VEHTYPE,416.00,2644.13,157.00,0.00,208.25,328.00,2644.13,111.00,0.00,154.58
t_20211128_329932_1,-233696887#0_1,-119607760#0_1,DEFAULT_VEHTYPE,285.00,4178.93,0.00,0.00,46.88,346.00,4178.93,0.00,0.00,35.03
t_20211003_2966474_1,763324771#8_1,247355553#2_0,DEFAULT_VEHTYPE,228.00,2348.72,47.00,0.00,85.47,238.00,2348.72,40.00,0.00,76.14
t_20211128_2956026_1,124963612#5_1,243877276#1_1,DEFAULT_VEHTYPE,446.00,3934.71,132.00,0.00,212.67,445.00,3934.71,130.00,0.00,211.19
t_20211010_1097660_4,120273887#1_1,120273844#1_1,truck,60.00,575.09,0.00,0.00,15.02,60.00,575.09,0.00,0.00,14.82
t_20211024_942336_2,223489476#1_1,-100827870#1_1,DEFAULT_VEHTYPE,354.00,3355.46,86.00,0.00,183.57,432.00,3218.95,90.00,0.00,200.02
t_20211107_591720_1,1188207865#3_1,-1019666874#3_1,truck,217.00,1249.54,75.00,0.00,117.76,215.00,1249.54,71.00,0.00,121.10
t_20211010_2714134_1,-119571726_1,-228779406_1,DEFAULT_VEHTYPE,318.00,3741.32,0.00,0.00,52.18,313.00,3741.32,0.00,0.00,49.68
t_20211031_357680_2,-120273844#1_1,-120273887#1_1,truck,58.00,576.36,0.00,0.00,14.57,61.00,574.73,0.00,0.00,16.72
t_20211128_2337621_1,248174349_0,243877276#1_1,DEFAULT_VEHTYPE,121.00,632.69,37.00,0.00,81.84,110.00,632.69,35.00,0.00,66.74
t_20211128_2204537_1,31408774_0,43992701#2_0,DEFAULT_VEHTYPE,531.00,14057.94,0.00,0.00,73.36,512.00,14057.94,0.00,0.00,74.09
t_20211017_909935_1,-165303212_1,67153325#2_0,DEFAULT_VEHTYPE,465.00,6557.21,36.00,0.00,115.03,469.00,6557.21,35.00,0.00,90.15
t_20211107_1195574_3,-156953315#3_1,28184296#9_0,truck,488.00,6130.76,22.00,0.00,92.40,592.00,6130.76,86.00,0.00,166.56
t_20211010_808614_2,61186304#5_1,79312634#0_1,DEFAULT_VEHTYPE,170.00,1310.59,27.00,0.00,64.53,171.00,1310.59,23.00,0.00,64.11
t_20211017_977570_1,223489476#1_1,-100827870#1_1,DEFAULT_VEHTYPE,411.00,3218.95,82.00,0.00,201.13,396.00,3218.95,76.00,0.00,191.05
t_20211017_165732_2,248174349_0,243877276#1_1,DEFAULT_VEHTYPE,103.00,632.69,12.00,0.00,59.07,102.00,632.69,19.00,0.00,57.18
t_20211128_1087816_5,223489476#1_1,-128008526#2_1,DEFAULT_VEHTYPE,159.00,1731.71,0.00,0.00,26.87,154.00,1731.71,6.00,0.00,41.63
t_20211114_4431564_1,119771873_1,124963627#0_1,DEFAULT_VEHTYPE,390.00,5122.49,0.00,0.00,51.05,445.00,5122.49,9.00,0.00,60.86
t_20211024_2092758_1,72848061#0_1,819169272#4_1,DEFAULT_VEHTYPE,380.00,3545.53,114.00,0.00,173.15,427.00,3545.53,67.00,0.00,115.97
t_20211031_823831_1,-58473437#28_1,58473437#28_1,truck,147.00,1146.42,34.00,0.00,70.14,161.00,1100.14,39.00,0.00,75.13
t_20211024_622696_1,-102695241#0_1,-1188207865#3_1,DEFAULT_VEHTYPE,504.00,4426.40,84.00,0.00,164.79,569.00,4426.40,118.00,0.00,210.40
t_20211128_3088749_1,605105364#3_1,233696887#1_1,truck,56.00,539.52,0.00,0.00,11.29,52.00,539.52,0.00,0.00,13.47
t_20211017_219397_7,-120273844#1_1,-120273887#1_1,DEFAULT_VEHTYPE,54.00,578.46,0.00,0.00,10.54,50.00,582.47,0.00,0.00,15.00
t_20211003_2643438_1,590445196#6_1,-28165418#2_1,DEFAULT_VEHTYPE,233.00,1237.63,102.00,0.00,142.69,233.00,1237.63,102.00,0.00,150.72
t_20211024_865260_1,914045913#2_1,-378378929#4_1,DEFAULT_VEHTYPE,548.00,5789.43,143.00,0.00,262.46,639.00,5789.43,204.00,0.00,311.24
t_20211107_1088330_1,120162144#3_1,-223489476#1_1,truck,418.00,3447.77,116.00,0.00,191.19,510.00,3447.77,188.00,0.00,274.41
t_20211017_2645956_1,427792747#6_1,1028665317#0_1,DEFAULT_VEHTYPE,244.00,1306.40,116.00,0.00,154.44,244.00,1306.40,111.00,0.00,146.92
t_20211024_1567348_1,148820758#13_1,148820763#1_1,truck,123.00,941.83,46.00,0.00,72.30,123.00,941.83,47.00,0.00,75.17
t_20211107_4867819_1,373862797#3_1,43433956#0_1,DEFAULT_VEHTYPE,177.00,1283.02,66.00,0.00,91.58,179.00,1283.02,53.00,0.00,78.45
t_20211128_2158050_1,72848061#0_1,416929975#0_1,DEFAULT_VEHTYPE,396.00,3274.23,117.00,0.00,176.33,342.00,3274.23,98.00,0.00,159.07
t_20211031_2933995_1,286616759#2_1,-127188132#2_1,DEFAULT_VEHTYPE,170.00,1730.34,39.00,0.00,67.96,174.00,1730.34,34.00,0.00,63.82
t_20211024_102331_1,-1013421828_1,1013421828_1,DEFAULT_VEHTYPE,126.00,994.35,4.00,0.00,24.56,135.00,994.35,23.00,0.00,41.72
t_20211003_490361_1,-120273844#1_1,-120273887#1_1,truck,60.00,576.36,0.00,0.00,17.15,60.00,574.73,0.00,0.00,14.94
t_20211010_4466623_3,-798745729#4_1,-120274340#1_1,DEFAULT_VEHTYPE,222.00,1821.65,41.00,0.00,75.28,188.00,1821.65,46.00,0.00,76.23
t_20211024_264819_15,-1013421828_1,1013421828_1,DEFAULT_VEHTYPE,123.00,994.35,0.00,0.00,22.31,137.00,994.35,17.00,0.00,38.26
t_20211010_4531957_1,-597957821_1,30665908#23_1,DEFAULT_VEHTYPE,486.00,4369.77,152.00,0.00,220.40,485.00,4369.77,172.00,0.00,242.20
t_20211003_2648839_2,229626862#0_1,620511925#2_1,DEFAULT_VEHTYPE,496.00,4649.70,151.00,0.00,232.77,538.00,4649.70,112.00,0.00,195.17
t_20211003_871358_1,61186304#0_1,-264445783#0_1,DEFAULT_VEHTYPE,228.00,1803.59,48.00,0.00,89.25,225.00,1803.59,47.00,0.00,93.63
t_20211024_2177925_1,-744831445_1,-285599558#4_1,DEFAULT_VEHTYPE,111.00,1489.07,4.00,0.00,19.00,117.00,1489.07,0.00,0.00,9.95
t_20211107_3410783_1,692728784#0_1,1016766947#2_1,DEFAULT_VEHTYPE,96.00,908.81,28.00,0.00,50.72,93.00,908.81,27.00,0.00,47.36
t_20211024_2246243_1,248174349_0,-101764603#23_1,DEFAULT_VEHTYPE,214.00,1562.40,41.00,0.00,100.92,206.00,1573.57,32.00,0.00,95.94
t_20211024_4530765_1,871547542#0_0,-351881551#10_1,DEFAULT_VEHTYPE,480.00,5017.80,79.00,0.00,168.29,482.00,5017.80,57.00,0.00,141.03
t_20211128_603780_1,-744831447_1,-285599558#4_1,DEFAULT_VEHTYPE,123.00,1645.68,4.00,0.00,20.39,119.00,1645.68,10.00,0.00,25.05
t_20211024_3913518_1,228767151#2_1,44351425#7_1,DEFAULT_VEHTYPE,509.00,9848.74,51.00,0.00,111.00,641.00,9848.74,34.00,0.00,90.89
t_20211031_1622633_1,-119615131#0_1,1000026116#0_1,DEFAULT_VEHTYPE,170.00,1505.71,15.00,0.00,51.98,157.00,1505.71,15.00,0.00,54.59
t_20211024_4084357_1,31408774_0,43992701#2_0,DEFAULT_VEHTYPE,497.00,14057.94,0.00,0.00,74.95,580.00,14057.94,0.00,0.00,72.66
t_20211024_3860110_1,-703512862#1_1,150306010#3_1,DEFAULT_VEHTYPE,366.00,2583.18,111.00,0.00,194.69,366.00,2583.18,108.00,0.00,194.63
t_20211031_1912732_15,102695201#0_1,-223489476#2_1,DEFAULT_VEHTYPE,114.00,1268.20,0.00,0.00,22.63,137.00,1272.72,7.00,0.00,30.09
t_20211024_1913715_1,128194491_1,-48390571#2_1,DEFAULT_VEHTYPE,367.00,3803.97,35.00,0.00,94.39,368.00,3803.97,26.00,0.00,83.21
t_20211031_1020402_1,101977439#22_1,-101970431#0_1,DEFAULT_VEHTYPE,354.00,2479.80,128.00,0.00,207.21,360.00,2479.80,121.00,0.00,179.32
t_20211114_2366905_1,651341824#2_0,651347413#0_0,DEFAULT_VEHTYPE,245.00,2852.85,40.00,0.00,62.79,244.00,2852.85,50.00,0.00,74.23
t_20211107_591717_1,651348872#1_0,651344997_0,truck,194.00,1912.76,37.00,0.00,62.64,198.00,1912.76,36.00,0.00,64.20
t_20211010_950907_1,-162056963#6_1,-100827870#1_1,DEFAULT_VEHTYPE,159.00,1496.62,0.00,0.00,24.47,143.00,1496.62,0.00,0.00,31.04
t_20211017_203154_1,120158933#1_1,101358181#4_1,DEFAULT_VEHTYPE,157.00,1576.88,0.00,0.00,18.75,151.00,1576.88,13.00,0.00,37.28
t_20211003_461677_3,120273887#1_1,120273844#1_1,DEFAULT_VEHTYPE,56.00,577.19,0.00,0.00,9.64,60.00,578.83,5.00,0.00,19.39
t_20211107_416131_1,808277658#3_0,80103861_1,truck,284.00,4238.99,28.00,0.00,76.60,291.00,4238.99,24.00,0.00,70.05
t_20211121_215166_1,-120162123#1_1,120162123#1_1,DEFAULT_VEHTYPE,186.00,1381.66,58.00,0.00,77.33,193.00,1381.66,51.00,0.00,69.97
t_20211128_1557609_1,-102695241#0_1,-223489476#1_1,truck,303.00,2376.78,83.00,0.00,131.65,334.00,2490.34,95.00,0.00,160.99
t_20211031_3238127_1,-102695241#0_1,-223489476#1_1,truck,301.00,2376.78,75.00,0.00,130.39,300.00,2376.78,69.00,0.00,118.75
t_20211031_1466026_1,101977326#17_1,56409286#6_1,DEFAULT_VEHTYPE,195.00,1210.69,61.00,0.00,87.21,192.00,1210.69,65.00,0.00,96.05
t_20211003_2786282_5,101977361#2_1,955935768#3_1,DEFAULT_VEHTYPE,139.00,1327.50,14.00,0.00,55.61,140.00,1327.50,6.00,0.00,42.27
t_20211003_4278700_1,-119614842#9_1,119615134#1_1,DEFAULT_VEHTYPE,55.00,594.29,0.00,0.00,11.08,54.00,594.29,0.00,0.00,11.60
t_20211010_287965_1,651357705_0,-120046916#2_1,DEFAULT_VEHTYPE,75.00,1192.30,0.00,0.00,6.28,97.00,1192.30,0.00,0.00,7.29
t_20211024_7032_1,128194491_1,229626861#3_1,DEFAULT_VEHTYPE,192.00,2245.56,0.00,0.00,39.25,276.00,2245.56,69.00,0.00,123.57
t_20211107_4161041_3,846888239#0_0,492909459_0,DEFAULT_VEHTYPE,576.00,14568.18,0.00,0.00,59.67,585.00,14568.18,0.00,0.00,58.08
t_20211107_853712_1,1188207865#3_1,61960318#0_1,truck,496.00,4253.22,118.00,0.00,232.61,567.00,4253.22,171.00,0.00,298.89
t_20211107_120770_1,-162056963#6_1,243877276#1_0,truck,527.00,4640.45,83.00,0.00,193.91,523.00,4640.45,103.00,0.00,217.34
t_20211128_731375_1,44351425#3_0,44351425#2_0,DEFAULT_VEHTYPE,513.00,9021.80,0.00,0.00,63.09,493.00,9021.80,2.00,0.00,70.19
t_20211017_2759694_1,-341996339#4_1,-228026431#12_1,DEFAULT_VEHTYPE,333.00,3054.38,92.00,0.00,149.25,479.00,3054.38,198.00,0.00,269.84
t_20211024_1580154_1,-128008526#1_1,102695241#0_1,DEFAULT_VEHTYPE,112.00,919.23,32.00,0.00,48.75,121.00,919.23,32.00,0.00,45.64
t_20211017_693510_1,-48390574#4_1,119605378_1,DEFAULT_VEHTYPE,384.00,3863.62,57.00,0.00,118.89,386.00,3863.62,39.00,0.00,99.08
t_20211031_4844249_1,101358181#7_1,997814887#4_1,DEFAULT_VEHTYPE,127.00,976.77,37.00,0.00,58.69,127.00,976.77,35.00,0.00,55.07
t_20211010_914866_1,61186304#1_1,79312649#2_1,DEFAULT_VEHTYPE,245.00,2109.76,42.00,0.00,102.02,242.00,2109.76,45.00,0.00,107.66
t_20211107_145774_1,796459853#51_0,1180047185#6_0,DEFAULT_VEHTYPE,95.00,1013.61,20.00,0.00,35.16,103.00,1013.61,14.00,0.00,28.95
t_20211114_365545_76,-1013421828_1,1013421828_1,DEFAULT_VEHTYPE,110.00,994.35,9.00,0.00,28.34,112.00,994.35,0.00,0.00,16.18
t_20211128_2794519_1,378600191#0_1,156953315#3_1,DEFAULT_VEHTYPE,495.00,4955.34,60.00,0.00,147.48,472.00,4955.34,86.00,0.00,160.66
t_20211024_477589_1,717098951_1,-481709868#0_1,DEFAULT_VEHTYPE,389.00,2676.77,146.00,0.00,213.25,389.00,2675.55,139.00,0.00,202.43
t_20211121_637083_1,79292405#9_1,-79292405#9_1,truck,103.00,1026.57,0.00,0.00,30.66,101.00,1026.57,0.00,0.00,29.49
t_20211017_4825652_1,101977361#2_1,-101977419#2_1,DEFAULT_VEHTYPE,210.00,1490.43,64.00,0.00,102.94,213.00,1490.43,55.00,0.00,95.05
t_20211114_1993917_6,-819169272#4_1,1091810134#1_1,DEFAULT_VEHTYPE,316.00,3410.54,35.00,0.00,79.66,316.00,3410.54,43.00,0.00,84.33
t_20211128_991173_1,342031866#6_1,893582557#1_1,DEFAULT_VEHTYPE,122.00,940.94,32.00,0.00,45.87,121.00,940.94,33.00,0.00,45.44
t_20211003_2124959_4,-128008526#1_1,102695241#0_1,DEFAULT_VEHTYPE,116.00,919.23,32.00,0.00,46.60,120.00,919.23,31.00,0.00,56.71
t_20211107_4065934_4,31408774_0,43992701#2_0,DEFAULT_VEHTYPE,590.00,14057.94,0.00,0.00,73.01,615.00,14057.94,0.00,0.00,71.41
t_20211024_221943_1,223489476#2_1,-102695201#0_1,DEFAULT_VEHTYPE,131.00,1270.98,3.00,0.00,34.85,136.00,1270.98,4.00,0.00,32.99
t_20211121_115833_1,359839964_0,-793868760#14_1,DEFAULT_VEHTYPE,455.00,4372.47,136.00,0.00,196.73,464.00,4372.47,100.00,0.00,157.49
t_20211010_2704053_1,-156947105#9_1,101641329#0_1,DEFAULT_VEHTYPE,445.00,2004.04,183.00,0.00,241.10,338.00,2004.04,137.00,0.00,189.01
t_20211121_2585332_1,-102695053#7_1,-101187657#4_1,DEFAULT_VEHTYPE,123.00,1137.54,29.00,0.00,49.67,120.00,1137.54,32.00,0.00,51.55
t_20211017_180947_1,651184347#1_1,133720488#6_1,DEFAULT_VEHTYPE,585.00,3880.80,215.00,0.00,303.43,497.00,3880.80,164.00,0.00,232.47
t_20211017_2856165_1,-41283614#1_1,1153145215#0_1,DEFAULT_VEHTYPE,251.00,1749.04,84.00,0.00,120.25,251.00,1749.04,79.00,0.00,116.46
t_20211010_470469_1,-798745729#4_1,-120273887#1_1,DEFAULT_VEHTYPE,86.00,776.96,6.00,0.00,29.41,72.00,724.82,0.00,0.00,14.88
t_20211024_4398266_7,491244288_0,997814886#2_1,DEFAULT_VEHTYPE,152.00,1181.08,44.00,0.00,63.28,161.00,1181.08,38.00,0.00,61.34
t_20211107_283101_1,881492534#4_1,875665325#1_1,DEFAULT_VEHTYPE,138.00,1843.40,26.00,0.00,47.03,227.00,1843.38,88.00,0.00,116.22
t_20211114_979663_4,-1013421828_1,1013421828_1,DEFAULT_VEHTYPE,104.00,994.35,0.00,0.00,15.90,111.00,994.35,5.00,0.00,26.52
t_20211024_708014_1,120956847#1_1,-120956297_1,truck,463.00,4971.23,60.00,0.00,119.29,464.00,4971.23,62.00,0.00,116.79
t_20211010_375815_1,967414938_0,370061949#1_1,DEFAULT_VEHTYPE,125.00,834.00,50.00,0.00,74.42,204.00,834.00,112.00,0.00,138.81
t_20211107_277425_2,-1013421828_1,1013421828_1,DEFAULT_VEHTYPE,91.00,994.35,0.00,0.00,18.34,111.00,1160.31,2.00,0.00,29.88
t_20211107_1936943_1,-800405402#3_1,-1188207865#3_1,truck,202.00,1271.18,61.00,0.00,107.29,203.00,1271.18,52.00,0.00,98.42
t_20211031_3601949_1,248174349_0,243877276#1_1,DEFAULT_VEHTYPE,160.00,632.69,59.00,0.00,111.03,100.00,632.69,16.00,0.00,60.78
t_20211017_4166837_1,-102695241#0_1,-223489476#1_1,DEFAULT_VEHTYPE,294.00,2378.88,53.00,0.00,102.31,295.00,2378.88,42.00,0.00,89.00
t_20211010_825793_1,-842368737#3_1,127199209#2_1,DEFAULT_VEHTYPE,272.00,2354.52,51.00,0.00,93.32,273.00,2386.15,42.00,0.00,80.41
t_20211010_182599_1,646823318#6_0,119605266#4_1,truck,134.00,1196.53,21.00,0.00,56.99,103.00,1196.53,0.00,0.00,24.95
t_20211003_455419_1,223489476#1_1,-100827870#1_1,DEFAULT_VEHTYPE,383.00,3355.46,90.00,0.00,170.59,320.00,3355.46,47.00,0.00,120.40
t_20211024_1870027_1,-162056963#6_1,127199257#1_1,DEFAULT_VEHTYPE,184.00,1563.18,35.00,0.00,66.60,182.00,1594.81,41.00,0.00,80.59
t_20211003_1074064_1,967414938_0,370061949#1_1,DEFAULT_VEHTYPE,108.00,834.00,27.00,0.00,58.15,186.00,834.00,86.00,0.00,119.96
t_20211024_2761534_1,223489476#2_1,-102695201#1_1,DEFAULT_VEHTYPE,99.00,1157.98,0.00,0.00,18.98,108.00,1157.98,0.00,0.00,19.88
t_20211107_728192_24,120955775_1,-120956713#0_1,DEFAULT_VEHTYPE,69.00,741.35,0.00,0.00,8.78,62.00,741.35,0.00,0.00,10.61
t_20211121_230063_1,286683346#1_1,133720488#6_1,DEFAULT_VEHTYPE,572.00,4326.87,173.00,0.00,249.46,572.00,4326.87,171.00,0.00,250.55
t_20211003_2251984_1,612506069#15_1,-29312691#11_1,DEFAULT_VEHTYPE,553.00,4433.13,168.00,0.00,254.62,547.00,4433.13,197.00,0.00,300.40
t_20211121_3269186_1,-378380163#22_1,-48390571#2_1,DEFAULT_VEHTYPE,481.00,5116.24,69.00,0.00,150.82,483.00,5116.24,86.00,0.00,174.44
t_20211031_4694804_1,47124524#2_1,-1188207865#3_1,DEFAULT_VEHTYPE,352.00,2263.54,110.00,0.00,176.54,360.00,2263.54,111.00,0.00,183.18
t_20211017_288506_1,378600191#0_1,58473437#28_1,DEFAULT_VEHTYPE,332.00,3302.26,58.00,0.00,119.38,327.00,3302.26,80.00,0.00,138.24
t_20211003_1785600_1,223489476#1_1,-128008526#2_1,DEFAULT_VEHTYPE,178.00,1731.71,4.00,0.00,33.73,174.00,1731.71,19.00,0.00,49.53
t_20211128_2047500_1,101764553#3_1,248383165_1,DEFAULT_VEHTYPE,461.00,2987.25,150.00,0.00,231.16,456.00,2987.25,169.00,0.00,246.15
t_20211003_1106913_7,223489476#1_1,102695241#0_1,DEFAULT_VEHTYPE,280.00,2387.99,53.00,0.00,88.74,280.00,2387.99,49.00,0.00,86.42
t_20211003_814978_2,1188207865#3_1,-1019666874#3_1,DEFAULT_VEHTYPE,194.00,1389.16,62.00,0.00,96.96,193.00,1251.64,58.00,0.00,89.10
t_20211017_1641284_3,31408774_0,43992701#2_0,DEFAULT_VEHTYPE,553.00,14057.94,0.00,0.00,71.73,561.00,14057.94,0.00,0.00,73.44
t_20211024_3422824_1,119971109#12_1,-100827870#1_1,DEFAULT_VEHTYPE,421.00,3276.74,132.00,0.00,212.29,450.00,3276.74,75.00,0.00,152.89
t_20211003_2230329_1,564369142#10_1,-38101653#5_1,truck,313.00,3135.20,62.00,0.00,117.98,320.00,3135.20,62.00,0.00,117.47
t_20211121_4389917_1,28185104#3_1,119288055#6_1,DEFAULT_VEHTYPE,120.00,871.31,35.00,0.00,57.35,121.00,871.31,36.00,0.00,57.98
t_20211017_1824553_1,233696887#1_1,233696887#0_1,DEFAULT_VEHTYPE,99.00,551.33,45.00,0.00,59.56,98.00,551.33,46.00,0.00,62.16
t_20211017_2230517_2,248174349_0,243877276#1_1,DEFAULT_VEHTYPE,114.00,632.69,40.00,0.00,71.94,109.00,632.69,35.00,0.00,61.66
t_20211107_3640065_1,128194491_1,-136964995#26_1,DEFAULT_VEHTYPE,252.00,2842.17,0.00,0.00,43.74,264.00,2842.17,0.00,0.00,45.32
t_20211128_134211_1,-101187781#3_1,-100827870#1_1,DEFAULT_VEHTYPE,141.00,1279.97,12.00,0.00,35.40,125.00,1279.97,0.00,0.00,34.04
t_20211017_312531_4,-119615131#0_1,-1169288440_1,DEFAULT_VEHTYPE,600.00,4916.24,190.00,0.00,278.94,603.00,4916.24,176.00,0.00,265.52
t_20211010_928913_1,-120955715_1,-426156937#0_1,DEFAULT_VEHTYPE,339.00,3195.28,85.00,0.00,128.93,328.00,3195.28,95.00,0.00,145.02
t_20211031_3462000_1,223489476#1_1,-102695201#1_1,DEFAULT_VEHTYPE,124.00,1502.81,0.00,0.00,27.16,182.00,1502.81,35.00,0.00,59.10
t_20211107_304343_1,120955775_1,-120957314_1,DEFAULT_VEHTYPE,99.00,723.62,28.00,0.00,42.69,99.00,723.62,26.00,0.00,41.44
t_20211107_686353_10,223489476#1_1,102695241#0_1,DEFAULT_VEHTYPE,263.00,2500.12,42.00,0.00,94.80,262.00,2387.99,43.00,0.00,100.75
t_20211031_2447031_1,229626867#8_1,-120112431#8_1,DEFAULT_VEHTYPE,524.00,3080.21,230.00,0.00,307.31,617.00,3080.21,290.00,0.00,375.29
t_20211003_154648_2,223489476#1_1,-223489476#1_1,truck,161.00,1496.74,10.00,0.00,60.89,180.00,1496.74,44.00,0.00,81.32
t_20211010_718608_1,-120273844#1_1,-120273887#1_1,truck,60.00,576.36,0.00,0.00,13.97,59.00,576.36,0.00,0.00,17.78
t_20211121_3178871_1,-120112478#2_1,229479218#2_1,DEFAULT_VEHTYPE,282.00,2352.40,84.00,0.00,121.59,286.00,2352.40,77.00,0.00,116.17
t_20211010_915844_1,233696887#1_1,233696887#0_1,DEFAULT_VEHTYPE,63.00,551.33,0.00,0.00,13.75,71.00,551.33,0.00,0.00,11.83
t_20211024_1112308_2,796459853#51_0,-896552148#3_1,truck,484.00,4620.81,115.00,0.00,183.83,419.00,4620.81,71.00,0.00,136.73
t_20211121_785614_1,120956297_1,-120956297_1,DEFAULT_VEHTYPE,108.00,849.38,9.00,0.00,44.26,101.00,849.38,19.00,0.00,49.71
t_20211003_1141595_13,31408774_0,775462030#4_0,DEFAULT_VEHTYPE,574.00,15917.05,0.00,0.00,76.23,640.00,15917.05,0.00,0.00,76.61
t_20211017_4197219_1,233696887#1_1,233696887#0_1,DEFAULT_VEHTYPE,60.00,551.33,0.00,0.00,17.77,68.00,551.33,0.00,0.00,27.16
t_20211024_590626_1,-120162123#1_1,-1019666874#3_1,DEFAULT_VEHTYPE,360.00,3090.44,102.00,0.00,160.52,455.00,3090.44,160.00,0.00,225.71
t_20211107_429482_1,-120273844#1_1,-120273887#1_1,truck,59.00,576.36,0.00,0.00,17.15,59.00,576.36,0.00,0.00,17.78
t_20211114_109585_1,79292402#5_1,-79292688#0_1,DEFAULT_VEHTYPE,48.00,541.58,0.00,0.00,9.69,56.00,541.58,0.00,0.00,10.48
t_20211031_1212344_1,226046429#3_1,120112478#2_1,DEFAULT_VEHTYPE,609.00,4950.91,185.00,0.00,279.56,608.00,4950.91,179.00,0.00,278.19
t_20211114_1608903_1,-1013421828_1,-101358181#2_1,DEFAULT_VEHTYPE,594.00,5439.31,161.00,0.00,266.38,766.00,5439.31,264.00,0.00,367.73
t_20211010_1114266_4,225065056#0_1,120878522#32_3,DEFAULT_VEHTYPE,156.00,1217.23,38.00,0.00,63.95,151.00,1217.23,38.00,0.00,63.31
t_20211121_181295_1,101187655#1_1,-101358181#1_1,DEFAULT_VEHTYPE,531.00,3989.92,144.00,0.00,234.28,529.00,3989.92,155.00,0.00,244.09
t_20211024_274640_1,120956297_1,-120956297_1,DEFAULT_VEHTYPE,93.00,849.38,0.00,0.00,20.26,83.00,849.38,0.00,0.00,26.33
t_20211010_1441208_1,-133720488#6_1,819169272#4_1,DEFAULT_VEHTYPE,350.00,3749.64,36.00,0.00,97.23,349.00,3749.64,29.00,0.00,93.84
t_20211107_888113_3,-156953315#3_1,-157076677#3_1,truck,241.00,2896.55,0.00,0.00,47.08,248.00,2896.55,0.00,0.00,41.54
t_20211128_314512_2,-128195434#3_1,-217825127#0_1,DEFAULT_VEHTYPE,169.00,1436.54,28.00,0.00,58.29,157.00,1436.54,31.00,0.00,62.86
t_20211024_3014464_1,-121061586#1_1,-58473437#19_1,DEFAULT_VEHTYPE,99.00,1073.59,0.00,0.00,17.17,92.00,1073.59,0.00,0.00,22.88
t_20211024_321841_1,-120273844#1_1,-120273887#1_1,DEFAULT_VEHTYPE,58.00,578.46,0.00,0.00,13.55,58.00,578.46,0.00,0.00,13.08
t_20211024_1840248_1,101977419#2_1,120112478#2_1,DEFAULT_VEHTYPE,432.00,3144.39,155.00,0.00,220.69,438.00,3144.39,138.00,0.00,196.93
t_20211114_484950_6,-686779987#0_1,1091810134#1_1,DEFAULT_VEHTYPE,272.00,2827.91,33.00,0.00,80.45,275.00,2827.91,22.00,0.00,67.83
t_20211031_354628_1,80096652#0_1,128191434_1,DEFAULT_VEHTYPE,183.00,2056.00,11.00,0.00,41.18,197.00,2056.00,0.00,0.00,26.42
t_20211031_303747_1,-995974549#5_1,707194512_1,DEFAULT_VEHTYPE,592.00,6001.24,122.00,0.00,197.09,588.00,6001.24,159.00,0.00,243.40
t_20211128_1148196_1,714824177#2_1,342031866#3_1,truck,446.00,4086.51,86.00,0.00,139.88,349.00,4086.51,32.00,0.00,84.01
t_20211010_229648_1,223489476#1_1,-100827870#1_1,DEFAULT_VEHTYPE,389.00,3424.26,87.00,0.00,156.34,350.00,3355.46,89.00,0.00,150.83
t_20211010_801692_1,223489476#1_1,-100827870#1_1,truck,387.00,3353.36,85.00,0.00,169.28,396.00,3353.36,79.00,0.00,160.84
t_20211024_3988738_6,-102695241#0_1,127199105#5_1,DEFAULT_VEHTYPE,567.00,3831.64,171.00,0.00,260.95,561.00,3831.64,191.00,0.00,285.03
t_20211003_3722841_1,124963612#5_1,243877276#1_1,DEFAULT_VEHTYPE,463.00,3934.71,112.00,0.00,184.69,452.00,3934.71,141.00,0.00,220.62
t_20211010_1044988_1,120298701#6_1,-581624585_1,DEFAULT_VEHTYPE,175.00,1412.69,60.00,0.00,97.09,191.00,1412.69,47.00,0.00,81.16
t_20211024_1112613_1,124963612#5_1,124963627#0_1,DEFAULT_VEHTYPE,101.00,1224.01,0.00,0.00,20.93,109.00,1224.01,0.00,0.00,17.68
t_20211017_1539992_1,651184866#1_0,130281026#32_1,DEFAULT_VEHTYPE,353.00,2812.97,80.00,0.00,139.19,346.00,2812.97,101.00,0.00,159.84
t_20211128_412930_4,44420766#4_0,44351425#7_1,DEFAULT_VEHTYPE,464.00,12094.96,0.00,0.00,46.56,504.00,12094.96,0.00,0.00,41.15
t_20211017_482297_3,180099700#0_1,127199105#5_1,DEFAULT_VEHTYPE,197.00,1561.61,39.00,0.00,85.39,190.00,1593.24,40.00,0.00,79.88
t_20211024_2056804_1,80146280#2_1,1264836075#1_1,DEFAULT_VEHTYPE,423.00,4849.37,81.00,0.00,140.92,423.00,4849.37,82.00,0.00,147.16
t_20211010_862071_2,137320755#2_1,651184866#2_0,DEFAULT_VEHTYPE,477.00,3185.74,116.00,0.00,184.69,394.00,3185.74,88.00,0.00,144.17
t_20211003_2664882_1,1184585974#0_1,-617550114#5_1,DEFAULT_VEHTYPE,357.00,3436.19,91.00,0.00,142.72,370.00,3436.19,71.00,0.00,124.23
t_20211024_401968_1,-162165632_1,127200787#4_1,DEFAULT_VEHTYPE,231.00,2076.36,57.00,0.00,109.89,257.00,2076.36,44.00,0.00,97.04
t_20211031_4733800_1,-162056963#6_1,-100827870#1_1,DEFAULT_VEHTYPE,146.00,1496.62,0.00,0.00,24.24,152.00,1496.62,0.00,0.00,27.21
t_20211017_182164_1,796459853#51_0,158179142#4_1,DEFAULT_VEHTYPE,309.00,3644.20,0.00,0.00,46.39,311.00,3644.20,0.00,0.00,42.74
t_20211017_171753_1,28188012_0,-1188207865#3_1,DEFAULT_VEHTYPE,564.00,5600.80,138.00,0.00,208.88,475.00,5600.80,93.00,0.00,164.11
t_20211024_2345631_1,605105364#3_1,233696887#1_1,DEFAULT_VEHTYPE,52.00,541.62,0.00,0.00,9.32,47.00,541.62,0.00,0.00,12.83
t_20211107_156785_1,-819169272#4_1,133720488#6_1,DEFAULT_VEHTYPE,520.00,3816.80,143.00,0.00,222.32,428.00,3816.80,93.00,0.00,174.07
t_20211003_318469_1,128008526#2_1,-223489476#1_1,truck,205.00,1714.85,30.00,0.00,83.77,181.00,1710.33,11.00,0.00,59.19
t_20211107_315149_2,1188207865#3_1,1188210847_1,truck,165.00,1162.03,54.00,0.00,88.12,168.00,1162.03,58.00,0.00,92.92
t_20211121_288198_1,176918448#4_1,-43419654#12_1,DEFAULT_VEHTYPE,151.00,1089.65,49.00,0.00,76.31,150.00,1089.65,57.00,0.00,86.72
t_20211003_486516_1,128187698#5_1,-128187698#5_1,truck,78.00,642.82,0.00,0.00,25.70,72.00,642.82,0.00,0.00,25.41
t_20211017_1054004_1,-963114566#2_1,243877276#1_1,DEFAULT_VEHTYPE,477.00,3821.29,171.00,0.00,234.77,477.00,3821.29,174.00,0.00,232.26
t_20211107_3762479_1,-1013421828_1,1013421828_1,DEFAULT_VEHTYPE,109.00,994.35,5.00,0.00,24.15,109.00,1160.31,2.00,0.00,25.68
t_20211024_2198178_1,103281880#2_1,204496107#1_1,truck,143.00,1213.68,22.00,0.00,59.62,144.00,1213.68,23.00,0.00,57.59
t_20211128_464441_1,226465361#7_1,43419654#1_1,DEFAULT_VEHTYPE,448.00,4137.18,107.00,0.00,186.86,447.00,4137.18,113.00,0.00,193.90
t_20211107_212991_1,-113387317#7_1,951440827#1_1,DEFAULT_VEHTYPE,435.00,3723.24,86.00,0.00,140.77,339.00,3723.24,58.00,0.00,103.37
t_20211114_979552_3,101764677#0_1,243877276#1_0,DEFAULT_VEHTYPE,344.00,2956.00,96.00,0.00,158.81,363.00,2956.00,94.00,0.00,157.74
t_20211121_971183_3,101764677#0_1,243877276#1_1,DEFAULT_VEHTYPE,317.00,2956.00,60.00,0.00,129.74,406.00,2956.00,128.00,0.00,197.34
t_20211107_232601_15,120273887#1_1,120273844#1_1,truck,57.00,576.73,0.00,0.00,16.25,61.00,575.09,0.00,0.00,14.15
t_20211107_3050288_1,101977361#2_1,-101358181#1_1,DEFAULT_VEHTYPE,273.00,1822.24,97.00,0.00,138.48,273.00,1822.24,97.00,0.00,136.23
t_20211024_769983_34,-277743732#1_1,-378600191#0_1,truck,628.00,5917.10,108.00,0.00,224.95,626.00,5917.10,113.00,0.00,245.42
t_20211024_2330963_1,-868233733#3_1,881492508#1_1,DEFAULT_VEHTYPE,282.00,1761.94,71.00,0.00,109.76,159.00,1761.94,15.00,0.00,52.21
t_20211017_811051_1,120273887#1_1,120273844#1_1,DEFAULT_VEHTYPE,54.00,578.83,0.00,0.00,14.67,59.00,577.67,0.00,0.00,8.32
t_20211121_105149_1,-995974549#5_1,-80146280#1_1,DEFAULT_VEHTYPE,530.00,6546.74,67.00,0.00,162.66,563.00,6546.74,45.00,0.00,120.49
t_20211031_1861987_1,-1189270051#0_1,119784587#3_1,DEFAULT_VEHTYPE,239.00,2202.40,46.00,0.00,87.02,239.00,2202.40,40.00,0.00,83.33
t_20211017_2328479_2,53638243#2_1,29199569#9_1,DEFAULT_VEHTYPE,169.00,1164.46,61.00,0.00,92.15,167.00,1164.46,68.00,0.00,99.80
t_20211003_315289_3,-120273844#1_1,-120273887#1_1,truck,57.00,576.36,0.00,0.00,16.38,59.00,576.36,0.00,0.00,13.22
t_20211017_518430_1,-119302363#1_1,128157289#3_1,DEFAULT_VEHTYPE,237.00,2371.16,47.00,0.00,82.15,240.00,2371.16,44.00,0.00,78.43
t_20211114_867665_3,1188021810#2_1,-162112517#1_1,DEFAULT_VEHTYPE,184.00,1053.66,76.00,0.00,106.21,185.00,1053.66,81.00,0.00,113.58
t_20211017_1109373_1,439262438#5_0,849787184#0_0,DEFAULT_VEHTYPE,181.00,1953.00,49.00,0.00,65.43,182.00,1953.00,44.00,0.00,60.30
t_20211128_735283_1,1188207865#3_1,102695241#0_1,DEFAULT_VEHTYPE,586.00,4553.94,180.00,0.00,275.80,575.00,4553.94,203.00,0.00,306.85
t_20211010_2666937_1,973190127#0_1,973405914#3_1,DEFAULT_VEHTYPE,288.00,1810.76,127.00,0.00,167.71,289.00,1810.76,121.00,0.00,164.83
t_20211003_1053804_2,223489476#1_1,-223489476#1_1,truck,163.00,1496.74,24.00,0.00,67.99,166.00,1496.74,21.00,0.00,64.32
t_20211107_4724650_1,1019666874#3_1,-177233256#1_2,DEFAULT_VEHTYPE,390.00,2796.81,151.00,0.00,209.17,386.00,2796.81,149.00,0.00,202.79
t_20211010_2018322_1,314943855#0_0,-1051749395#3_1,DEFAULT_VEHTYPE,321.00,2915.06,83.00,0.00,134.66,321.00,2915.06,94.00,0.00,144.17
t_20211024_500348_1,-819169272#4_1,28598976#112_1,DEFAULT_VEHTYPE,303.00,3252.86,52.00,0.00,95.90,306.00,3252.86,46.00,0.00,102.67
t_20211121_4217783_1,244247205#10_0,799537529#1_1,DEFAULT_VEHTYPE,547.00,5191.69,147.00,0.00,192.78,453.00,5191.69,79.00,0.00,118.98
t_20211031_2614324_1,119607721#4_1,233696887#0_1,DEFAULT_VEHTYPE,524.00,5071.69,122.00,0.00,176.15,358.00,5071.69,29.00,0.00,73.93
t_20211107_2472122_4,44420766#4_0,44351425#7_0,DEFAULT_VEHTYPE,503.00,12094.96,0.00,0.00,41.28,443.00,12094.96,0.00,0.00,46.00
t_20211114_608057_2,310738310_1,354970512#19_1,DEFAULT_VEHTYPE,467.00,3705.09,165.00,0.00,244.63,470.00,3705.09,164.00,0.00,239.10
t_20211121_453970_1,766811227#1_1,-95657340#9_1,DEFAULT_VEHTYPE,157.00,1836.26,0.00,0.00,30.87,158.00,1836.26,0.00,0.00,41.54
t_20211031_4525620_1,101764603#23_1,188994008#11_1,DEFAULT_VEHTYPE,278.00,2377.28,45.00,0.00,96.46,277.00,2377.28,53.00,0.00,99.73
t_20211128_698656_1,133720496#12_1,-133720496#12_1,truck,118.00,1278.32,0.00,0.00,18.82,114.00,1278.32,0.00,0.00,17.72
t_20211003_1781113_1,793868760#16_1,-120037238#9_1,DEFAULT_VEHTYPE,492.00,4435.96,133.00,0.00,206.17,493.00,4435.96,119.00,0.00,193.38
t_20211003_2113770_1,-120162123#1_1,120162123#1_1,DEFAULT_VEHTYPE,162.00,1381.66,45.00,0.00,64.97,166.00,1381.66,41.00,0.00,62.88
t_20211121_122148_1,123552179#2_1,-123552179#2_1,DEFAULT_VEHTYPE,70.00,803.90,0.00,0.00,11.26,81.00,803.90,0.00,0.00,11.69
t_20211121_2728806_8,-57376553#3_1,-139979906#4_1,DEFAULT_VEHTYPE,588.00,5095.64,176.00,0.00,242.84,586.00,5095.64,172.00,0.00,240.91
t_20211107_4907128_1,-133720488#6_1,-72848061#0_1,DEFAULT_VEHTYPE,511.00,5191.53,75.00,0.00,150.66,606.00,5191.53,134.00,0.00,215.34
t_20211024_107761_1,244247240#19_0,892353066#8_0,DEFAULT_VEHTYPE,480.00,6201.70,64.00,0.00,100.10,483.00,6201.70,62.00,0.00,99.91
t_20211114_1196918_1,244247240#4_0,230280343#1_1,DEFAULT_VEHTYPE,127.00,941.73,54.00,0.00,69.30,129.00,941.73,53.00,0.00,65.70
t_20211010_4494769_1,119769989#1_1,891419992#2_1,DEFAULT_VEHTYPE,539.00,4884.19,138.00,0.00,239.47,543.00,4884.19,126.00,0.00,207.39
t_20211031_1056857_1,447675894#2_1,39027137#0_1,DEFAULT_VEHTYPE,410.00,4214.89,95.00,0.00,141.65,319.00,4211.44,34.00,0.00,65.19
t_20211107_3405962_1,438367202#0_0,44351425#7_0,DEFAULT_VEHTYPE,325.00,6742.83,1.00,0.00,42.46,320.00,6742.83,3.00,0.00,42.01
t_20211024_2904884_1,-120162123#1_1,120162123#1_1,DEFAULT_VEHTYPE,125.00,1381.66,10.00,0.00,32.31,132.00,1381.66,1.00,0.00,22.89
t_20211107_1929668_1,755599334_0,260947905#59_0,DEFAULT_VEHTYPE,660.00,7234.63,117.00,0.00,193.63,649.00,7234.63,130.00,0.00,208.21
t_20211024_2259755_1,61785143#2_1,591306001_1,DEFAULT_VEHTYPE,458.00,4039.92,145.00,0.00,234.75,547.00,4039.92,208.00,0.00,323.68
t_20211017_939508_1,-290524679#6_1,871548258#2_1,DEFAULT_VEHTYPE,376.00,2968.19,132.00,0.00,201.74,379.00,2968.10,122.00,0.00,185.87
t_20211107_4246585_1,101977361#2_1,56409286#6_1,DEFAULT_VEHTYPE,303.00,2230.58,85.00,0.00,135.17,288.00,2230.58,82.00,0.00,138.89
t_20211128_1112478_2,581036396#1_1,80095197#4_1,DEFAULT_VEHTYPE,193.00,2269.05,24.00,0.00,56.51,194.00,2269.05,22.00,0.00,56.86
t_20211010_1064281_12,-102695241#0_1,-223489476#2_1,DEFAULT_VEHTYPE,233.00,2155.96,39.00,0.00,99.78,241.00,2155.96,38.00,0.00,123.36
t_20211107_1111831_1,651357266#0_0,120046913#2_1,truck,116.00,1368.33,0.00,0.00,27.78,114.00,1368.33,0.00,0.00,27.22
t_20211010_1368514_4,797365203#9_0,672627707#1_1,DEFAULT_VEHTYPE,68.00,783.76,0.00,0.00,12.86,72.00,783.76,0.00,0.00,11.75
t_20211010_3571029_1,248174349_0,127199257#1_1,DEFAULT_VEHTYPE,374.00,3256.80,72.00,0.00,156.44,553.00,3589.78,163.00,0.00,291.89
t_20211031_5051120_1,1019666874#3_1,1019675070_1,DEFAULT_VEHTYPE,264.00,2320.88,70.00,0.00,129.48,358.00,2320.88,117.00,0.00,166.31
t_20211024_2769111_1,-162056963#6_1,-100827870#1_1,DEFAULT_VEHTYPE,150.00,1496.62,0.00,0.00,22.50,155.00,1496.62,5.00,0.00,32.36
t_20211003_323713_77,120273887#1_1,120273844#1_1,truck,60.00,575.09,0.00,0.00,13.81,58.00,575.09,0.00,0.00,15.99
t_20211121_3219466_4,128194491_1,229626861#3_1,DEFAULT_VEHTYPE,276.00,2245.56,37.00,0.00,83.92,269.00,2245.56,66.00,0.00,123.89
t_20211010_700720_4,223489476#1_1,-223489476#1_1,truck,141.00,1496.74,6.00,0.00,39.72,183.00,1496.74,38.00,0.00,69.44
t_20211003_2625936_1,-101187781#3_1,128008526#1_1,DEFAULT_VEHTYPE,471.00,2509.06,223.00,0.00,298.77,477.00,2509.06,218.00,0.00,291.84
t_20211003_991965_1,128194491_1,229626861#3_1,DEFAULT_VEHTYPE,233.00,2245.56,7.00,0.00,59.92,248.00,2245.56,0.00,0.00,38.80
t_20211031_234866_2,-1013421828_1,1013421828_1,DEFAULT_VEHTYPE,119.00,994.35,0.00,0.00,16.22,112.00,1160.31,5.00,0.00,26.37
t_20211003_137125_7,120273887#1_1,120273844#1_1,DEFAULT_VEHTYPE,58.00,578.83,0.00,0.00,14.00,60.00,577.67,0.00,0.00,11.01
t_20211128_632214_1,-156947105#9_1,101641329#0_1,DEFAULT_VEHTYPE,341.00,2004.04,128.00,0.00,181.32,344.00,2004.04,125.00,0.00,179.95
t_20211128_2012136_1,-315596127#3_1,-802059268#2_1,DEFAULT_VEHTYPE,346.00,2495.56,122.00,0.00,177.02,356.00,2495.56,104.00,0.00,150.50
t_20211114_4533635_1,275820271#1_1,58610490#3_1,DEFAULT_VEHTYPE,183.00,2077.34,14.00,0.00,50.97,174.00,2077.34,34.00,0.00,71.08
t_20211031_1205731_1,44424772#3_1,-1188207865#3_1,truck,85.00,807.59,9.00,0.00,27.42,82.00,807.59,11.00,0.00,30.70
t_20211024_427470_1,-1013421828_1,1013421828_1,DEFAULT_VEHTYPE,113.00,994.35,0.00,0.00,22.95,106.00,1160.31,0.00,0.00,25.59
t_20211010_1114266_6,-226155533#1_1,1219265277_1,DEFAULT_VEHTYPE,59.00,631.16,0.00,0.00,10.60,58.00,631.16,0.00,0.00,10.08
t_20211017_626731_1,-120273844#1_1,277743732#1_1,DEFAULT_VEHTYPE,53.00,582.47,0.00,0.00,15.15,54.00,578.46,0.00,0.00,14.63
t_20211003_592101_1,102647400#2_1,-102695201#0_1,DEFAULT_VEHTYPE,653.00,5716.70,185.00,0.00,306.56,848.00,5716.70,246.00,0.00,356.22
t_20211010_3672760_1,651497828#1_0,-119617171#1_1,DEFAULT_VEHTYPE,155.00,1352.68,42.00,0.00,67.37,158.00,1352.68,42.00,0.00,67.31
t_20211003_925726_1,82578193#1_1,-138708219_1,DEFAULT_VEHTYPE,63.00,603.58,0.00,0.00,9.75,55.00,603.58,0.00,0.00,8.59
t_20211010_476174_1,-396031661#2_1,819169272#4_1,DEFAULT_VEHTYPE,404.00,3317.42,70.00,0.00,121.10,317.00,3317.42,0.00,0.00,86.57
t_20211024_3144545_1,-378380163#12_1,56396348#0_1,DEFAULT_VEHTYPE,378.00,2540.56,114.00,0.00,191.19,373.00,2540.56,151.00,0.00,205.37
t_20211003_2273179_1,951328431#4_0,472274826#0_1,DEFAULT_VEHTYPE,436.00,4685.45,99.00,0.00,167.30,519.00,4685.97,116.00,0.00,180.09
t_20211017_5030268_1,225073547#8_1,127188132#4_1,DEFAULT_VEHTYPE,283.00,1732.49,126.00,0.00,172.72,283.00,1732.49,125.00,0.00,171.44
t_20211017_1953009_1,-102695241#0_1,-223489476#1_1,DEFAULT_VEHTYPE,283.00,2546.29,57.00,0.00,105.02,293.00,2492.44,63.00,0.00,121.67
t_20211031_391019_2,119770963_1,-119770963_1,DEFAULT_VEHTYPE,61.00,629.14,0.00,0.00,15.34,55.00,629.14,0.00,0.00,12.78
t_20211024_105049_1,-691260517#2_1,-101358181#16_1,DEFAULT_VEHTYPE,233.00,1659.19,88.00,0.00,126.60,323.00,1636.73,166.00,0.00,214.77
t_20211024_5105969_1,333682724#7_1,-101977419#2_1,truck,207.00,1694.65,38.00,0.00,89.60,259.00,1694.65,78.00,0.00,135.16
t_20211017_2794324_8,102695201#0_1,-1188207865#3_1,DEFAULT_VEHTYPE,417.00,3656.72,72.00,0.00,124.16,429.00,3656.72,79.00,0.00,168.49
t_20211017_4643584_1,-475451377#55_1,-642815750#1_1,DEFAULT_VEHTYPE,277.00,2390.47,63.00,0.00,106.49,212.00,2390.47,7.00,0.00,43.33
t_20211003_3835512_1,868173009#2_1,-102299896#0_1,DEFAULT_VEHTYPE,633.00,5498.27,165.00,0.00,266.18,636.00,5498.26,153.00,0.00,258.13
t_20211003_1411019_16,48390571#2_1,-128182111#16_1,DEFAULT_VEHTYPE,425.00,3787.68,111.00,0.00,196.48,425.00,3787.68,117.00,0.00,211.55
t_20211024_459155_1,-119314734#1_1,-378600191#0_1,DEFAULT_VEHTYPE,389.00,5425.55,38.00,0.00,95.74,512.00,5536.25,52.00,0.00,118.17
t_20211003_137364_2,-120955758#9_1,-120955775_1,DEFAULT_VEHTYPE,197.00,1771.92,33.00,0.00,55.18,259.00,1771.92,79.00,0.00,106.77
t_20211017_3462365_2,120956713#0_1,120955715_1,DEFAULT_VEHTYPE,85.00,831.73,0.00,0.00,9.48,72.00,831.73,0.00,0.00,9.95
t_20211017_2169582_1,-1149389048.72_1,138708643#3_1,DEFAULT_VEHTYPE,255.00,3163.23,37.00,0.00,74.94,255.00,3163.23,30.00,0.00,68.45
t_20211121_3026023_1,-120162123#1_1,-1188207865#3_1,DEFAULT_VEHTYPE,216.00,2029.75,44.00,0.00,76.12,220.00,2029.75,42.00,0.00,71.43
t_20211017_171162_1,71762453#0_1,889998853#1_1,DEFAULT_VEHTYPE,557.00,9988.42,1.00,0.00,81.61,559.00,9988.42,23.00,0.00,112.37
t_20211003_451300_73,-277743732#1_1,119615045#1_1,truck,467.00,3598.35,117.00,0.00,205.63,460.00,3598.35,114.00,0.00,199.35
t_20211128_938472_2,223489476#1_1,-100827870#1_1,DEFAULT_VEHTYPE,409.00,3355.46,80.00,0.00,144.06,357.00,3355.46,61.00,0.00,161.38
t_20211024_1232620_2,1258959593_1,-751134599#5_1,DEFAULT_VEHTYPE,59.00,838.80,0.00,0.00,11.88,78.00,838.80,0.00,0.00,12.88
t_20211107_4166506_8,-102695241#0_1,-223489476#1_1,DEFAULT_VEHTYPE,310.00,2492.44,67.00,0.00,113.28,300.00,2492.44,76.00,0.00,119.31
t_20211003_3872878_1,124963754#0_1,-156805555#2_1,DEFAULT_VEHTYPE,147.00,1305.61,1.00,0.00,24.35,136.00,1305.61,14.00,0.00,36.03
t_20211003_568558_1,223489476#1_1,-100827870#1_1,truck,383.00,3353.36,79.00,0.00,160.81,373.00,3353.36,90.00,0.00,164.49
t_20211017_4501302_1,-819169272#4_1,-72848061#0_1,DEFAULT_VEHTYPE,256.00,2716.44,27.00,0.00,53.81,315.00,2716.44,63.00,0.00,96.96
t_20211017_301006_1,-277743732#1_1,119615131#0_1,DEFAULT_VEHTYPE,678.00,5684.70,135.00,0.00,251.22,615.00,5684.70,113.00,0.00,237.39
t_20211024_172503_1,223489476#2_1,102695241#0_1,DEFAULT_VEHTYPE,217.00,2043.16,30.00,0.00,59.52,239.00,2165.15,38.00,0.00,91.12
t_20211017_536063_1,120112489#0_1,120112478#2_1,DEFAULT_VEHTYPE,164.00,1419.61,40.00,0.00,69.22,172.00,1419.61,32.00,0.00,57.28
t_20211003_684084_1,-58473437#28_1,58473437#28_1,DEFAULT_VEHTYPE,111.00,649.81,31.00,0.00,56.27,105.00,649.81,31.00,0.00,55.17
t_20211121_3259448_1,102640242#5_1,44351425#7_0,DEFAULT_VEHTYPE,541.00,12228.43,10.00,0.00,57.62,568.00,12228.43,9.00,0.00,58.13
t_20211114_951721_9,223489476#1_1,-100827870#1_1,truck,376.00,3353.36,75.00,0.00,152.90,368.00,3353.36,79.00,0.00,148.55
t_20211031_4039328_1,-945670751#0_1,-138706883#3_1,DEFAULT_VEHTYPE,295.00,2437.82,80.00,0.00,117.17,314.00,2437.82,68.00,0.00,105.20
t_20211017_4733071_1,1169288440_1,119615131#0_1,DEFAULT_VEHTYPE,571.00,4898.02,104.00,0.00,288.00,570.00,4898.02,84.00,0.00,201.95
t_20211010_1014550_9,961206067#2_1,-693307001#11_1,DEFAULT_VEHTYPE,505.00,3516.40,153.00,0.00,245.00,505.00,3516.40,156.00,0.00,250.61
t_20211024_3954813_1,124963612#5_1,-119771873_1,DEFAULT_VEHTYPE,390.00,4843.71,8.00,0.00,81.76,534.00,4843.71,47.00,0.00,120.45
t_20211003_977889_1,-124963627#0_1,687435423#6_2,DEFAULT_VEHTYPE,435.00,4037.08,112.00,0.00,191.42,435.00,4037.08,104.00,0.00,181.57
t_20211024_599780_1,783800520#0_1,120038808#11_1,DEFAULT_VEHTYPE,145.00,1625.82,0.00,0.00,17.23,134.00,1625.82,0.00,0.00,16.28
t_20211121_890280_1,-890891589#12_1,-148820753#19_1,DEFAULT_VEHTYPE,510.00,4546.20,158.00,0.00,240.02,503.00,4546.20,185.00,0.00,270.51
t_20211121_4396502_1,-891425587#2_1,-119614880#2_1,DEFAULT_VEHTYPE,279.00,2467.59,40.00,0.00,104.87,274.00,2467.59,41.00,0.00,102.40
t_20211010_459662_1,-22748930#0_1,-580835182#15_1,DEFAULT_VEHTYPE,257.00,2018.04,88.00,0.00,131.75,260.00,2018.04,74.00,0.00,111.30
t_20211003_1153356_3,1188207865#3_1,997814886#2_1,truck,223.00,1926.21,50.00,0.00,95.08,223.00,1926.21,50.00,0.00,98.20
t_20211128_747591_1,-893581524#10_1,1277705896#4_0,truck,157.00,1337.04,27.00,0.00,56.77,149.00,1337.04,29.00,0.00,55.58
t_20211024_2296649_1,846888239#0_0,229479218#2_1,DEFAULT_VEHTYPE,605.00,5868.15,175.00,0.00,269.83,519.00,5868.15,95.00,0.00,191.25
t_20211024_3262077_8,438367202#0_0,44351425#7_0,DEFAULT_VEHTYPE,341.00,6742.83,0.00,0.00,37.16,310.00,6742.83,0.00,0.00,35.69
t_20211024_239174_1,333682724#6_1,-237801838#0_1,DEFAULT_VEHTYPE,131.00,852.10,43.00,0.00,68.68,130.00,852.10,44.00,0.00,71.90
t_20211031_1605842_1,846888239#0_0,492909459_0,DEFAULT_VEHTYPE,506.00,14568.18,0.00,0.00,60.84,515.00,14568.18,0.00,0.00,60.73
t_20211017_413531_4,223489476#1_1,-100827870#1_1,truck,381.00,3353.36,94.00,0.00,174.17,377.00,3353.36,96.00,0.00,175.35
t_20211128_1112478_3,60049952#3_1,290522434#1_1,DEFAULT_VEHTYPE,79.00,757.32,4.00,0.00,21.28,79.00,757.32,7.00,0.00,23.54
t_20211024_3496122_6,846888239#0_0,819169272#4_1,DEFAULT_VEHTYPE,615.00,15438.54,0.00,0.00,83.76,703.00,15438.54,31.00,0.00,128.11
t_20211107_134285_1,378317388#32_0,-690955064#29_1,DEFAULT_VEHTYPE,337.00,2692.93,107.00,0.00,173.79,344.00,2692.93,94.00,0.00,159.69
t_20211121_1064824_2,-1013421828_1,1013421828_1,DEFAULT_VEHTYPE,111.00,994.35,4.00,0.00,24.47,107.00,1160.31,0.00,0.00,20.24
t_20211017_1006448_8,223489476#1_1,-100827870#1_1,DEFAULT_VEHTYPE,379.00,3355.46,92.00,0.00,179.68,434.00,3355.46,124.00,0.00,205.98
t_20211003_1572040_1,-101358181#4_1,102647405#7_1,DEFAULT_VEHTYPE,263.00,1590.53,100.00,0.00,134.60,167.00,1678.41,45.00,0.00,70.30
t_20211010_1118250_2,223489476#1_1,-223489476#1_1,truck,126.00,1496.74,0.00,0.00,27.63,137.00,1496.74,0.00,0.00,25.60
t_20211017_724978_6,312362938#56_0,260947905#2_1,DEFAULT_VEHTYPE,93.00,605.37,40.00,0.00,51.56,91.00,605.37,44.00,0.00,54.06
t_20211003_4830546_3,605105364#3_1,233696887#1_1,DEFAULT_VEHTYPE,69.00,541.62,6.00,0.00,19.18,93.00,557.62,42.00,0.00,51.84
t_20211024_837702_1,-899867769#4_1,-326224748#3_1,DEFAULT_VEHTYPE,596.00,7632.08,54.00,0.00,114.54,599.00,7632.08,5.00,0.00,65.01
t_20211024_3910533_1,-133720488#6_1,-137066290#0_1,DEFAULT_VEHTYPE,304.00,1918.51,87.00,0.00,168.22,220.00,1900.49,73.00,0.00,112.84
t_20211010_4928982_1,248174349_0,243877276#1_1,DEFAULT_VEHTYPE,88.00,632.69,5.00,0.00,41.61,65.00,632.69,0.00,0.00,24.04
t_20211010_2099861_1,-119605145#7_1,-119607721#4_1,DEFAULT_VEHTYPE,161.00,1407.95,41.00,0.00,59.16,166.00,1407.95,29.00,0.00,49.23
t_20211017_283262_1,135978682#3_1,-120158977#5_1,DEFAULT_VEHTYPE,532.00,3649.11,115.00,0.00,188.08,421.00,3649.11,103.00,0.00,172.46
t_20211003_316873_1,651357705_0,475429160#2_0,truck,112.00,1022.04,22.00,0.00,47.80,114.00,1022.04,22.00,0.00,47.82
t_20211107_2018246_1,44420766#4_0,44351425#7_0,DEFAULT_VEHTYPE,506.00,12094.96,24.00,0.00,77.48,531.00,12094.96,0.00,0.00,52.47
t_20211010_3797674_1,681638687#58_0,-119305532#2_1,DEFAULT_VEHTYPE,210.00,1518.99,78.00,0.00,113.72,217.00,1518.99,67.00,0.00,100.14
t_20211114_2717658_3,248174349_0,243877276#1_1,DEFAULT_VEHTYPE,84.00,632.69,6.00,0.00,37.35,66.00,632.69,0.00,0.00,19.07
t_20211010_2762008_1,249861115#0_1,-101187695#12_1,DEFAULT_VEHTYPE,258.00,2314.31,64.00,0.00,110.11,245.00,2314.31,77.00,0.00,118.87
t_20211010_476174_2,-137066379#4_1,-137066290#0_1,DEFAULT_VEHTYPE,131.00,1165.39,22.00,0.00,51.23,127.00,1165.39,18.00,0.00,40.54
t_20211017_154466_1,120162185#2_1,44351425#7_0,truck,711.00,7006.68,183.00,0.00,331.23,717.00,7006.68,194.00,0.00,320.64
t_20211114_4622671_2,128194491_1,484316498_1,DEFAULT_VEHTYPE,260.00,2807.12,0.00,0.00,42.32,349.00,2807.12,70.00,0.00,125.96
t_20211114_112326_25,-120955715_1,100976223#1_1,DEFAULT_VEHTYPE,81.00,1018.28,0.00,0.00,6.78,80.00,1018.28,0.00,0.00,6.77
t_20211128_858357_1,763317884#1_0,288132111#0_0,DEFAULT_VEHTYPE,384.00,3019.99,168.00,0.00,220.44,384.00,3019.99,109.00,0.00,151.08
t_20211128_637910_1,-165303212_1,609841414#3_0,DEFAULT_VEHTYPE,318.00,3149.54,65.00,0.00,140.70,318.00,3149.54,35.00,0.00,99.58
t_20211121_857836_4,-233696887#0_1,-119607760#0_1,DEFAULT_VEHTYPE,301.00,4178.93,0.00,0.00,54.52,357.00,4178.93,0.00,0.00,38.81
t_20211114_356722_18,128194491_1,1149389055#1.33_0,DEFAULT_VEHTYPE,656.00,5078.07,173.00,0.00,277.11,462.00,5078.07,94.00,0.00,187.79
t_20211031_3589900_1,-119502332#17_1,-907675683#0_1,DEFAULT_VEHTYPE,442.00,3692.47,124.00,0.00,192.06,535.00,3692.47,194.00,0.00,262.25
t_20211024_872894_5,-1013421828_1,1013421828_1,DEFAULT_VEHTYPE,104.00,994.35,0.00,0.00,17.42,106.00,994.35,0.00,0.00,16.41
t_20211010_4140693_1,564630322_1,651497890_1,DEFAULT_VEHTYPE,339.00,2914.09,106.00,0.00,185.55,322.00,2914.09,123.00,0.00,186.35
t_20211024_463297_1,-591535747_1,31408779#12_1,DEFAULT_VEHTYPE,591.00,5594.29,102.00,0.00,182.03,458.00,5594.29,82.00,0.00,147.30
t_20211024_625487_1,-43419676#7_1,579798169#11_1,DEFAULT_VEHTYPE,240.00,1877.58,91.00,0.00,123.08,298.00,1877.58,133.00,0.00,167.68
t_20211114_850368_2,914045913#2_1,-378378929#4_1,DEFAULT_VEHTYPE,609.00,5789.43,146.00,0.00,250.69,608.00,5789.43,172.00,0.00,283.63
t_20211107_1554181_1,475877661#13_1,123537613#0_0,DEFAULT_VEHTYPE,383.00,3717.94,31.00,0.00,99.60,383.00,3717.69,47.00,0.00,111.72
t_20211003_1151389_1,-802330451#26_1,-802330451#12_1,DEFAULT_VEHTYPE,159.00,1175.57,48.00,0.00,73.72,158.00,1175.57,49.00,0.00,75.96
t_20211010_2123592_1,426156937#0_1,-426156937#0_1,DEFAULT_VEHTYPE,112.00,1809.77,0.00,0.00,12.84,116.00,1809.77,0.00,0.00,14.56
t_20211121_239309_1,961188422#2_1,-1188207865#3_1,DEFAULT_VEHTYPE,283.00,2348.52,78.00,0.00,126.98,285.00,2348.52,64.00,0.00,114.95
t_20211017_3918989_1,28185646#2_1,229142916#20_1,DEFAULT_VEHTYPE,447.00,3654.95,122.00,0.00,194.81,293.00,3654.95,15.00,0.00,64.27
t_20211128_791715_1,31408774_0,-133720482#5_1,DEFAULT_VEHTYPE,425.00,4747.87,73.00,0.00,135.38,523.00,4801.63,83.00,0.00,162.64
t_20211024_3704027_1,101977361#2_1,-101977419#2_1,DEFAULT_VEHTYPE,215.00,1490.43,57.00,0.00,113.96,221.00,1490.43,62.00,0.00,120.46
t_20211017_938014_1,31090808#2_0,651354806#2_0,DEFAULT_VEHTYPE,156.00,1663.67,6.00,0.00,29.98,151.00,1663.67,7.00,0.00,29.83
t_20211107_432704_2,-102695241#0_1,-100827870#1_1,DEFAULT_VEHTYPE,177.00,1693.74,33.00,0.00,62.66,185.00,1693.74,22.00,0.00,48.88
t_20211114_750854_14,-120273844#1_1,277743732#1_1,truck,74.00,580.37,11.00,0.00,33.96,57.00,576.36,0.00,0.00,16.16
t_20211031_3962756_1,1199150818#1_0,101971032_1,DEFAULT_VEHTYPE,377.00,5104.79,71.00,0.00,122.48,376.00,5104.79,85.00,0.00,138.67
t_20211003_2455386_1,961492228#0_1,687435406#1_1,DEFAULT_VEHTYPE,332.00,2294.63,150.00,0.00,196.14,333.00,2294.63,132.00,0.00,176.32
t_20211010_1048080_3,-156953315#3_1,28184296#11_0,DEFAULT_VEHTYPE,510.00,6325.86,35.00,0.00,106.68,619.00,6325.86,81.00,0.00,156.56
t_20211003_2447367_1,-961447773#4_1,799537528_1,DEFAULT_VEHTYPE,367.00,3235.36,120.00,0.00,149.66,376.00,3235.36,97.00,0.00,125.91
t_20211121_3665646_4,120878522#36_0,971135636#1_1,DEFAULT_VEHTYPE,271.00,2141.43,95.00,0.00,140.67,271.00,2141.43,86.00,0.00,134.23
t_20211010_1390132_1,119607721#4_1,119601982#0_1,DEFAULT_VEHTYPE,670.00,6882.51,45.00,0.00,118.88,659.00,6882.51,166.00,0.00,250.71
t_20211024_385792_1,581868723#1_0,732836002#1_1,DEFAULT_VEHTYPE,473.00,5197.38,124.00,0.00,177.50,403.00,5197.38,76.00,0.00,122.99
t_20211010_2502118_1,438367202#0_0,44351425#7_0,DEFAULT_VEHTYPE,321.00,6742.83,0.00,0.00,37.51,310.00,6742.83,0.00,0.00,44.15
t_20211107_352822_1,-34049070#6_1,84283268#5_1,DEFAULT_VEHTYPE,81.00,891.35,9.00,0.00,24.68,81.00,891.35,9.00,0.00,24.65
t_20211121_1084944_7,-102695241#0_1,-223489476#2_1,DEFAULT_VEHTYPE,252.00,2155.96,48.00,0.00,118.30,262.00,2155.96,73.00,0.00,116.81
t_20211010_1955597_3,-120273844#1_1,-120273887#1_1,truck,69.00,574.73,2.00,0.00,28.36,59.00,576.36,0.00,0.00,17.47
t_20211121_4011977_1,72848061#0_1,819169272#4_1,DEFAULT_VEHTYPE,396.00,3467.54,92.00,0.00,150.67,396.00,3467.54,93.00,0.00,148.24
t_20211024_1647173_1,-355258486#2_1,-617895492#13_1,DEFAULT_VEHTYPE,184.00,809.88,90.00,0.00,119.32,185.00,809.88,84.00,0.00,113.04
t_20211121_4900123_4,-819169272#4_1,-53638243#2_1,DEFAULT_VEHTYPE,688.00,6150.99,238.00,0.00,355.75,780.00,6150.99,217.00,0.00,326.46
t_20211003_543284_16,378600191#0_1,156953315#3_1,DEFAULT_VEHTYPE,514.00,4955.34,120.00,0.00,197.66,412.00,4955.34,67.00,0.00,141.01
t_20211024_1057516_1,-1000026116#0_1,119614996#6_1,DEFAULT_VEHTYPE,287.00,2237.11,84.00,0.00,135.00,282.00,2237.11,65.00,0.00,113.74
t_20211017_4732695_3,101358181#7_1,-934882309#1_1,DEFAULT_VEHTYPE,562.00,4301.23,195.00,0.00,272.53,651.00,4301.23,274.00,0.00,375.82
t_20211121_4192164_1,34062034#4_0,226946560#4_0,DEFAULT_VEHTYPE,726.00,7994.24,179.00,0.00,271.86,728.00,7994.24,174.00,0.00,259.21
t_20211024_1746609_9,438367202#0_0,-286705999#1_1,DEFAULT_VEHTYPE,497.00,5987.93,113.00,0.00,168.69,493.00,5987.93,156.00,0.00,227.45
t_20211003_661509_1,31408774_0,492909459_0,DEFAULT_VEHTYPE,353.00,4713.92,7.00,0.00,57.67,356.00,4713.92,20.00,0.00,76.11
t_20211017_3599187_1,1148810592#18_1,-127193441#2_1,DEFAULT_VEHTYPE,297.00,2693.43,99.00,0.00,151.02,317.00,2693.43,90.00,0.00,126.41
t_20211003_1208743_1,-120298207#9_1,-442675830#4_1,DEFAULT_VEHTYPE,98.00,1187.71,8.00,0.00,25.66,106.00,1187.71,9.00,0.00,26.25
t_20211017_4257572_1,163211935#2_1,102819800#12_1,DEFAULT_VEHTYPE,75.00,842.56,0.00,0.00,12.01,71.00,842.56,0.00,0.00,12.34
t_20211128_3837834_5,44420766#4_0,984899390_0,DEFAULT_VEHTYPE,562.00,16423.22,0.00,0.00,30.68,597.00,16423.21,0.00,0.00,32.69
t_20211010_2141527_1,314943855#3_0,314943855#11_0,DEFAULT_VEHTYPE,160.00,1214.84,73.00,0.00,94.29,162.00,1214.84,71.00,0.00,91.19
t_20211024_3143131_1,28186394#11_1,-860054591#15_1,DEFAULT_VEHTYPE,209.00,1850.35,54.00,0.00,88.11,111.00,1850.35,0.00,0.00,20.69
t_20211017_119423_1,61186532#0_1,-128194491_1,DEFAULT_VEHTYPE,447.00,4813.97,29.00,0.00,122.03,661.00,4823.01,119.00,0.00,208.53
t_20211010_1018830_1,120878522#34_0,-120158945#7_1,DEFAULT_VEHTYPE,592.00,4241.68,280.00,0.00,367.53,593.00,4241.68,271.00,0.00,355.75
t_20211010_1613285_1,127199214#1_1,243877276#1_0,DEFAULT_VEHTYPE,333.00,3154.55,68.00,0.00,125.32,405.00,3154.55,106.00,0.00,171.08
t_20211010_644020_2,-120273844#1_1,-120273887#1_1,truck,60.00,576.36,0.00,0.00,15.32,60.00,576.36,0.00,0.00,18.69
t_20211010_213455_1,-113387317#24_1,875663149#2_1,DEFAULT_VEHTYPE,472.00,5325.77,59.00,0.00,117.72,476.00,5325.77,55.00,0.00,113.76
t_20211107_726360_10,229626862#0_1,620511925#2_1,DEFAULT_VEHTYPE,435.00,4649.70,56.00,0.00,138.66,520.00,4649.70,147.00,0.00,234.58
t_20211024_3569149_2,101764677#0_1,243877276#1_0,DEFAULT_VEHTYPE,353.00,2956.00,89.00,0.00,169.46,352.00,2956.00,81.00,0.00,146.83
t_20211107_170660_1,-1188761977_1,844528733#4_0,truck,576.00,4324.98,212.00,0.00,320.98,577.00,4324.98,207.00,0.00,315.85
t_20211003_537347_1,76201910#4_1,291905178#0_1,truck,186.00,1737.21,33.00,0.00,71.33,186.00,1737.21,38.00,0.00,78.06
t_20211114_2609262_1,-860037377#3_1,890899882#1_0,DEFAULT_VEHTYPE,566.00,3916.59,258.00,0.00,342.41,568.00,3916.59,246.00,0.00,331.12
t_20211128_508944_1,808277658#3_0,296185505_1,DEFAULT_VEHTYPE,276.00,2681.15,55.00,0.00,106.18,274.00,2681.15,58.00,0.00,109.04
t_20211024_155025_1,322223808#6_0,-987699257#5_1,DEFAULT_VEHTYPE,122.00,939.23,40.00,0.00,62.93,122.00,939.23,37.00,0.00,62.92
t_20211107_102080_1,-156954147#3_1,-472323987#18_1,DEFAULT_VEHTYPE,67.00,816.52,0.00,0.00,12.70,75.00,816.52,0.00,0.00,14.08
t_20211128_4138626_1,44420766#4_0,691260517#2_1,DEFAULT_VEHTYPE,709.00,12543.84,61.00,0.00,140.50,775.00,12543.84,173.00,0.00,258.36
t_20211017_702064_1,231934099_1,-666325023_1,DEFAULT_VEHTYPE,521.00,7077.76,59.00,0.00,116.14,552.00,7077.76,39.00,0.00,88.35
t_20211128_952817_1,-162056963#6_1,102695241#0_1,DEFAULT_VEHTYPE,424.00,2815.08,165.00,0.00,232.38,420.00,2815.08,153.00,0.00,238.04
t_20211121_4790753_1,-188161877#0_1,229626861#3_1,DEFAULT_VEHTYPE,392.00,4138.73,39.00,0.00,114.44,319.00,4138.73,0.00,0.00,79.59
t_20211024_862827_1,-819169272#4_1,43992701#2_0,DEFAULT_VEHTYPE,716.00,15335.20,0.00,0.00,93.08,750.00,15335.20,0.00,0.00,88.09
t_20211017_212242_2,-102695241#0_1,-100827870#1_1,DEFAULT_VEHTYPE,130.00,1693.74,0.00,0.00,25.14,194.00,1693.74,39.00,0.00,68.19
t_20211114_4217633_20,-102695241#0_1,128008526#1_1,DEFAULT_VEHTYPE,75.00,916.87,0.00,0.00,10.39,74.00,916.87,0.00,0.00,12.74
t_20211010_667142_1,-102695241#0_1,-223489476#1_1,DEFAULT_VEHTYPE,281.00,2378.88,36.00,0.00,79.12,285.00,2492.44,68.00,0.00,120.18
t_20211017_4807663_1,-33050698#11_1,-1092136811#1_1,DEFAULT_VEHTYPE,214.00,1999.16,39.00,0.00,71.10,213.00,1999.16,42.00,0.00,77.77
t_20211017_4853766_1,128194491_1,229626861#3_1,DEFAULT_VEHTYPE,192.00,2245.56,0.00,0.00,50.62,269.00,2245.56,72.00,0.00,123.55
t_20211010_352443_2,-120273844#1_1,-119614880#2_1,truck,437.00,3164.62,132.00,0.00,221.29,364.00,3149.09,40.00,0.00,164.95
t_20211114_606832_1,-162056963#6_1,102695241#0_1,DEFAULT_VEHTYPE,415.00,2815.08,149.00,0.00,219.67,410.00,2815.08,139.00,0.00,238.97
t_20211010_1508760_1,881492506#4_1,199575475#9_1,DEFAULT_VEHTYPE,311.00,2707.43,73.00,0.00,130.69,314.00,2707.42,69.00,0.00,132.30
t_20211114_614538_29,651384895#2_0,651420975_1,DEFAULT_VEHTYPE,273.00,2298.36,85.00,0.00,117.81,260.00,2298.36,105.00,0.00,131.90
t_20211010_3310850_3,846888239#0_0,1199150818#1_0,DEFAULT_VEHTYPE,584.00,11534.27,19.00,0.00,70.48,596.00,11534.27,13.00,0.00,71.00
t_20211128_422519_1,66993599#3_1,-744555677#49_1,DEFAULT_VEHTYPE,456.00,5957.20,40.00,0.00,103.04,459.00,5957.20,20.00,0.00,82.43
t_20211024_164759_1,796459853#51_0,1180047185#6_0,DEFAULT_VEHTYPE,74.00,1013.61,0.00,0.00,10.86,78.00,1013.61,0.00,0.00,12.07
t_20211107_3809122_1,1052374666#7_1,102422696#1_1,DEFAULT_VEHTYPE,183.00,1867.52,23.00,0.00,53.94,176.00,1867.52,23.00,0.00,60.32
t_20211010_4450587_1,783800520#0_1,120956466#2_1,DEFAULT_VEHTYPE,694.00,8439.48,113.00,0.00,257.00,793.00,8439.48,144.00,0.00,243.41
t_20211107_262679_1,651480526#2_0,119615131#0_1,DEFAULT_VEHTYPE,501.00,3512.49,209.00,0.00,281.00,410.00,3512.49,134.00,0.00,199.76
t_20211003_244027_1,475451377#55_1,-30686273#38_1,DEFAULT_VEHTYPE,216.00,1445.33,67.00,0.00,104.33,206.00,1445.33,79.00,0.00,124.90
t_20211017_782343_1,137065768#1_1,-1187211564#15_1,truck,93.00,1034.14,0.00,0.00,18.29,93.00,1034.14,0.00,0.00,21.85
t_20211128_4091476_3,846888239#0_0,492909459_1,DEFAULT_VEHTYPE,502.00,14568.18,0.00,0.00,72.60,503.00,14568.18,0.00,0.00,59.80
t_20211128_4819048_1,175918336#0_1,342031866#4_1,DEFAULT_VEHTYPE,221.00,2082.53,24.00,0.00,50.55,205.00,2082.53,42.00,0.00,66.94
t_20211003_1114024_1,120273887#1_1,120273844#1_1,DEFAULT_VEHTYPE,59.00,577.19,0.00,0.00,9.11,53.00,578.83,0.00,0.00,9.79
t_20211003_548166_1,-102695241#0_1,-223489476#1_1,DEFAULT_VEHTYPE,272.00,2492.44,29.00,0.00,105.84,270.00,2492.44,48.00,0.00,108.85
t_20211010_474706_1,-162056963#6_1,-100827870#1_1,truck,233.00,2011.35,34.00,0.00,90.48,221.00,2011.35,36.00,0.00,95.68
t_20211121_1041432_1,28186396#1_1,228026165#7_1,DEFAULT_VEHTYPE,73.00,678.14,11.00,0.00,25.67,74.00,678.14,5.00,0.00,20.15
t_20211121_479735_1,-472326389#24_0,119329304_1,DEFAULT_VEHTYPE,62.00,815.44,0.00,0.00,7.78,65.00,815.44,0.00,0.00,7.88
t_20211024_1082338_1,846888239#0_0,43992701#2_1,DEFAULT_VEHTYPE,296.00,4776.53,36.00,0.00,95.45,308.00,4776.53,22.00,0.00,56.66
t_20211121_1203982_1,-162056963#6_1,-100827870#1_1,DEFAULT_VEHTYPE,159.00,1496.62,7.00,0.00,38.61,159.00,1496.62,10.00,0.00,41.25
t_20211114_111553_1,-798745729#4_1,277743732#1_1,truck,106.00,801.23,21.00,0.00,51.45,109.00,801.23,24.00,0.00,54.15
t_20211010_4100970_1,426156937#0_1,-426156937#0_1,DEFAULT_VEHTYPE,106.00,1809.77,0.00,0.00,12.40,131.00,1809.77,0.00,0.00,13.64
t_20211024_2102977_1,1019666874#3_1,120162123#1_1,DEFAULT_VEHTYPE,569.00,3676.18,183.00,0.00,266.01,465.00,3676.18,129.00,0.00,209.11
t_20211017_4222767_1,137066290#0_1,1091810134#1_1,DEFAULT_VEHTYPE,468.00,4224.79,94.00,0.00,160.39,461.00,4224.79,112.00,0.00,176.52
t_20211024_2324323_1,-911617033#0_1,-101977419#2_1,DEFAULT_VEHTYPE,398.00,2282.35,168.00,0.00,239.97,298.00,2281.86,70.00,0.00,108.35
t_20211024_324181_1,564369142#10_1,-736997183#1_1,DEFAULT_VEHTYPE,287.00,2886.73,52.00,0.00,92.86,279.00,2886.73,57.00,0.00,97.24
t_20211031_225864_1,426156937#0_1,-120956297_1,DEFAULT_VEHTYPE,257.00,3116.74,21.00,0.00,50.14,258.00,3116.74,22.00,0.00,51.17
t_20211128_2371828_1,-120112478#2_1,-48390571#2_1,DEFAULT_VEHTYPE,216.00,1061.82,113.00,0.00,157.57,292.00,1061.82,166.00,0.00,222.53
t_20211024_2926357_1,326224748#3_1,119605145#7_1,DEFAULT_VEHTYPE,103.00,1104.79,3.00,0.00,32.08,109.00,1104.79,0.00,0.00,27.45
t_20211017_958316_1,-119605489#3_1,233696887#0_1,DEFAULT_VEHTYPE,486.00,5817.86,28.00,0.00,102.81,477.00,5817.86,58.00,0.00,124.11
t_20211114_2221086_4,846888239#0_0,492909459_0,DEFAULT_VEHTYPE,579.00,14568.18,0.00,0.00,57.77,536.00,14568.18,0.00,0.00,58.88
t_20211128_1967394_1,-101641329#0_1,243877276#1_1,DEFAULT_VEHTYPE,184.00,1250.26,60.00,0.00,86.22,184.00,1250.26,67.00,0.00,92.99
t_20211128_2141958_30,-277743732#1_1,119299814#7_1,truck,747.00,7078.51,106.00,0.00,249.09,742.00,7100.08,135.00,0.00,284.89
t_20211121_1108011_1,-120038808#11_1,133720488#6_1,truck,699.00,5002.66,212.00,0.00,381.52,698.00,5002.66,232.00,0.00,345.31
t_20211024_1804803_6,846888239#0_0,-78127481#0_1,DEFAULT_VEHTYPE,623.00,10061.14,106.00,0.00,175.13,622.00,10061.14,103.00,0.00,181.96
t_20211024_1094533_1,651498676_0,119615131#0_1,DEFAULT_VEHTYPE,327.00,2606.65,90.00,0.00,139.55,265.00,2606.65,40.00,0.00,83.35
t_20211024_1593044_1,-58473437#28_1,58473437#28_1,DEFAULT_VEHTYPE,120.00,649.81,39.00,0.00,56.69,118.00,649.81,36.00,0.00,57.40
t_20211024_497470_19,-119615131#0_1,378317388#14_0,DEFAULT_VEHTYPE,755.00,9906.81,51.00,0.00,170.98,754.00,9906.81,56.00,0.00,219.90
t_20211128_108592_1,1188207865#3_1,263171347#8_1,DEFAULT_VEHTYPE,583.00,4628.44,174.00,0.00,281.68,590.00,4630.96,186.00,0.00,311.59
t_20211024_3962827_1,651184348#3_0,-1026925071#1_1,DEFAULT_VEHTYPE,160.00,1692.20,38.00,0.00,58.87,161.00,1692.20,40.00,0.00,61.23
t_20211114_2747049_3,102695201#0_1,-223489476#1_1,DEFAULT_VEHTYPE,158.00,1609.20,3.00,0.00,29.83,156.00,1609.20,0.00,0.00,29.27
t_20211121_1694748_4,248174349_0,243877276#1_1,DEFAULT_VEHTYPE,140.00,632.69,66.00,0.00,83.77,56.00,632.69,0.00,0.00,14.96
t_20211128_681625_1,-120273844#1_1,-120273887#1_1,truck,59.00,574.73,0.00,0.00,16.43,59.00,574.73,0.00,0.00,15.27
t_20211114_414170_4,-587995570#2_1,43992701#2_0,DEFAULT_VEHTYPE,596.00,9385.09,71.00,0.00,136.83,628.00,9385.09,142.00,0.00,215.17
t_20211003_485648_1,136964995#26_1,-128194491_1,DEFAULT_VEHTYPE,246.00,2874.84,0.00,0.00,41.88,242.00,2874.84,0.00,0.00,43.96
t_20211128_479015_2,223489476#1_1,-223489476#1_1,DEFAULT_VEHTYPE,118.00,1160.31,9.00,0.00,33.30,112.00,994.35,0.00,0.00,17.35
t_20211107_1688018_1,-472326389#36_0,-378600191#0_1,DEFAULT_VEHTYPE,360.00,3581.84,91.00,0.00,142.03,363.00,3581.84,94.00,0.00,140.03
t_20211017_2350110_1,-799361048#2_1,-426156937#0_1,DEFAULT_VEHTYPE,315.00,3921.44,49.00,0.00,109.10,323.00,3921.44,19.00,0.00,60.31
t_20211121_268966_13,-120273844#1_1,-120273887#1_1,DEFAULT_VEHTYPE,58.00,576.83,0.00,0.00,15.40,63.00,576.83,0.00,0.00,11.06
t_20211121_4196449_1,-128187725#0_1,737735988#8_1,DEFAULT_VEHTYPE,372.00,2363.31,152.00,0.00,207.66,370.00,2363.31,155.00,0.00,217.19
t_20211017_2741048_1,120955775_1,-120957314_1,DEFAULT_VEHTYPE,110.00,723.62,40.00,0.00,54.53,113.00,723.62,32.00,0.00,47.27
t_20211003_522179_7,-120112478#2_1,229479218#2_1,DEFAULT_VEHTYPE,265.00,2352.40,74.00,0.00,114.33,264.00,2352.40,71.00,0.00,112.17
t_20211121_4989786_1,248174349_0,243877276#1_1,DEFAULT_VEHTYPE,72.00,632.69,1.00,0.00,24.91,67.00,632.69,3.00,0.00,23.95
t_20211003_475245_1,395056073#0_0,763324771#9_1,DEFAULT_VEHTYPE,741.00,13022.47,45.00,0.00,97.50,656.00,13022.47,85.00,0.00,193.59
t_20211121_493493_3,651498676_0,1277705896#4_1,DEFAULT_VEHTYPE,393.00,4528.19,80.00,0.00,117.78,429.00,4528.19,79.00,0.00,117.33
t_20211121_2829228_1,123548376#12_1,672279633#2_0,DEFAULT_VEHTYPE,268.00,2771.27,29.00,0.00,71.66,268.00,2771.27,28.00,0.00,70.94
t_20211024_4091279_1,-1091810134#1_1,49249574#5_1,DEFAULT_VEHTYPE,239.00,1934.81,56.00,0.00,107.91,244.00,1934.81,39.00,0.00,75.03
t_20211031_4077208_1,120955775_1,-120957314_1,DEFAULT_VEHTYPE,77.00,723.62,4.00,0.00,19.93,61.00,742.11,0.00,0.00,8.86
t_20211114_2625176_1,248174349_0,243877276#1_1,DEFAULT_VEHTYPE,70.00,632.69,1.00,0.00,33.26,67.00,632.69,1.00,0.00,16.84
t_20211114_2567510_1,651498676_0,313299774#1_1,DEFAULT_VEHTYPE,640.00,5426.16,203.00,0.00,337.90,821.00,5426.16,316.00,0.00,441.18
t_20211024_4215671_1,28167432#3_1,-28185621#19_1,DEFAULT_VEHTYPE,559.00,5556.49,125.00,0.00,223.69,601.00,5556.49,97.00,0.00,175.85
t_20211003_432966_1,326370188#1_1,1125538888_1,DEFAULT_VEHTYPE,439.00,4315.48,82.00,0.00,146.98,520.00,4315.48,94.00,0.00,164.71
t_20211017_3909268_1,128197468#1_1,87961495#2_1,DEFAULT_VEHTYPE,159.00,1288.35,36.00,0.00,78.41,154.00,1288.35,34.00,0.00,72.85
t_20211114_782349_1,-1125758372#2_1,-651432084#9_1,DEFAULT_VEHTYPE,79.00,698.33,14.00,0.00,31.49,71.00,698.33,14.00,0.00,30.26
t_20211107_105509_1,-258637364#1_1,1277705897_0,DEFAULT_VEHTYPE,581.00,7204.04,43.00,0.00,91.59,554.00,7204.04,74.00,0.00,144.99
t_20211031_446096_1,783800520#0_1,130281026#32_1,DEFAULT_VEHTYPE,441.00,3689.62,111.00,0.00,198.79,443.00,3689.62,118.00,0.00,191.60
t_20211003_369567_1,-102695190#6_1,102695241#0_1,DEFAULT_VEHTYPE,178.00,1572.00,38.00,0.00,67.86,180.00,1572.00,35.00,0.00,66.61
t_20211024_431658_17,1188207865#3_1,-1019666874#3_1,DEFAULT_VEHTYPE,157.00,1251.64,41.00,0.00,65.82,157.00,1251.64,37.00,0.00,64.22
t_20211121_1857386_1,248174349_0,101641329#0_1,DEFAULT_VEHTYPE,203.00,1277.37,63.00,0.00,107.84,202.00,1277.37,68.00,0.00,103.70
t_20211031_1082415_1,-1091810134#1_1,33050698#11_1,DEFAULT_VEHTYPE,117.00,872.24,33.00,0.00,52.38,119.00,872.24,31.00,0.00,50.13
t_20211128_1562995_1,-937268038_1,-102695201#0_1,DEFAULT_VEHTYPE,462.00,3234.24,183.00,0.00,261.19,470.00,3234.24,175.00,0.00,260.36
t_20211024_1636310_6,439789797#2_1,-253263388_1,DEFAULT_VEHTYPE,349.00,4800.03,51.00,0.00,95.51,350.00,4800.03,42.00,0.00,92.21
t_20211003_431027_1,157076677#3_1,1180047185#6_0,DEFAULT_VEHTYPE,197.00,1968.03,28.00,0.00,52.04,193.00,1968.03,42.00,0.00,68.18
t_20211010_4061895_1,704175770_1,-582383118#33_1,DEFAULT_VEHTYPE,85.00,802.07,0.00,0.00,14.76,81.00,802.07,3.00,0.00,22.08
t_20211024_987297_11,-120162123#1_1,370061949#1_0,DEFAULT_VEHTYPE,81.00,849.82,0.00,0.00,11.00,85.00,849.82,0.00,0.00,15.10
t_20211114_569335_2,248174349_0,243877276#1_1,DEFAULT_VEHTYPE,69.00,632.69,6.00,0.00,24.99,62.00,632.69,3.00,0.00,16.93
t_20211121_141419_1,1019666874#3_1,-1188207865#3_1,truck,131.00,1236.61,0.00,0.00,39.04,123.00,1236.61,0.00,0.00,23.62
t_20211017_3826106_1,-686779987#0_1,627749909#0_1,DEFAULT_VEHTYPE,79.00,945.50,0.00,0.00,11.86,79.00,945.50,0.00,0.00,20.14
t_20211121_2165073_1,229626862#0_1,-229484056#3_1,DEFAULT_VEHTYPE,650.00,3412.23,291.00,0.00,435.85,560.00,3412.23,221.00,0.00,315.41
t_20211121_3665646_6,1019666874#3_1,-1188207865#3_1,DEFAULT_VEHTYPE,129.00,1238.71,0.00,0.00,35.37,119.00,1238.71,0.00,0.00,24.71
t_20211121_1705281_1,-1051741276#1_1,44351425#7_0,DEFAULT_VEHTYPE,627.00,7823.50,138.00,0.00,238.80,580.00,7823.50,128.00,0.00,212.60
t_20211017_428434_1,223489476#1_1,-100827870#1_1,DEFAULT_VEHTYPE,422.00,3424.26,119.00,0.00,186.27,406.00,3424.26,149.00,0.00,209.39
t_20211003_1026731_1,102695201#0_1,-1188207865#3_1,DEFAULT_VEHTYPE,375.00,3656.72,59.00,0.00,113.44,379.00,3656.72,49.00,0.00,104.57
t_20211024_1119047_1,-101187781#3_1,127199105#5_1,truck,172.00,1772.13,1.00,0.00,42.40,171.00,1772.13,5.00,0.00,42.69
t_20211010_558399_2,-120273844#1_1,-120273887#1_1,truck,60.00,574.73,0.00,0.00,16.25,60.00,574.73,0.00,0.00,15.12
t_20211031_246816_1,1184576352#3_1,-128194491_1,DEFAULT_VEHTYPE,636.00,5785.16,137.00,0.00,251.29,633.00,5785.16,157.00,0.00,271.90
t_20211121_493493_2,119614880#2_1,1000026116#0_1,DEFAULT_VEHTYPE,594.00,4289.79,204.00,0.00,311.20,508.00,4289.79,150.00,0.00,231.49
t_20211017_3825616_3,846888239#0_0,492909459_0,DEFAULT_VEHTYPE,524.00,14568.18,0.00,0.00,61.31,563.00,14568.18,0.00,0.00,59.59
t_20211024_3841228_1,184746717#2_1,120112478#2_1,DEFAULT_VEHTYPE,113.00,1072.72,0.00,0.00,18.85,100.00,1072.72,0.00,0.00,21.15
t_20211121_2253300_3,31408774_0,569665064_0,DEFAULT_VEHTYPE,237.00,4944.43,0.00,0.00,41.59,199.00,4944.43,0.00,0.00,44.02
t_20211017_780463_3,199320000#0_1,314943856#7_0,DEFAULT_VEHTYPE,347.00,3783.49,102.00,0.00,143.86,353.00,3783.49,95.00,0.00,139.32
t_20211003_106734_1,286683346#1_1,-30062248#15_1,DEFAULT_VEHTYPE,164.00,1553.49,34.00,0.00,50.85,110.00,1553.49,0.00,0.00,17.59
t_20211031_4287220_1,101970582#10_1,-128194587_1,DEFAULT_VEHTYPE,686.00,5074.15,210.00,0.00,328.32,675.00,5074.15,218.00,0.00,349.10
t_20211121_873580_1,777607052#40_1,798745728#14_1,DEFAULT_VEHTYPE,180.00,1011.02,87.00,0.00,113.80,146.00,1011.02,58.00,0.00,95.88
t_20211024_851659_1,-133720488#6_1,-133720482#5_1,DEFAULT_VEHTYPE,116.00,918.61,13.00,0.00,41.69,113.00,918.61,9.00,0.00,49.97
t_20211031_2186962_1,326224748#3_1,119605145#7_1,DEFAULT_VEHTYPE,103.00,1104.79,0.00,0.00,25.31,109.00,1104.79,0.00,0.00,23.53
t_20211114_863538_1,233696887#1_1,233696887#0_1,DEFAULT_VEHTYPE,54.00,551.33,0.00,0.00,10.58,51.00,551.33,0.00,0.00,9.48
t_20211010_4479097_1,205725093#1_1,-1188207865#3_1,DEFAULT_VEHTYPE,228.00,1888.99,58.00,0.00,100.61,228.00,1888.99,68.00,0.00,114.19
t_20211121_1091337_1,-662324851#4_1,995974549#5_1,DEFAULT_VEHTYPE,86.00,785.50,1.00,0.00,25.67,76.00,785.50,0.00,0.00,12.18
t_20211024_141588_4,-120273844#1_1,-120273887#1_1,truck,60.00,574.73,0.00,0.00,15.25,65.00,574.73,0.00,0.00,21.19
t_20211010_3400689_1,1019666874#3_1,-1188207865#3_1,DEFAULT_VEHTYPE,223.00,1287.18,94.00,0.00,131.77,177.00,1238.71,43.00,0.00,71.14
t_20211003_3816254_1,341996339#1_1,-963099318#4_1,DEFAULT_VEHTYPE,504.00,4715.63,147.00,0.00,240.91,684.00,4715.63,277.00,0.00,383.62
t_20211128_4478327_4,593046492#0_0,775462030#2_1,DEFAULT_VEHTYPE,463.00,12129.82,0.00,0.00,23.72,424.00,12127.56,0.00,0.00,24.13
t_20211107_1250952_1,1055237472_1,-1188207865#3_1,DEFAULT_VEHTYPE,634.00,8458.74,157.00,0.00,244.46,632.00,8458.74,164.00,0.00,267.78
t_20211024_436258_1,224701816#11_1,-258637364#1_1,truck,265.00,3301.83,33.00,0.00,62.01,348.00,3301.83,79.00,0.00,119.01
t_20211017_165732_3,247339758#0_0,228767150#3_1,DEFAULT_VEHTYPE,128.00,2144.89,0.00,0.00,10.56,151.00,2144.89,0.00,0.00,10.91
t_20211121_244468_9,-120273844#1_1,-120273887#1_1,DEFAULT_VEHTYPE,58.00,576.83,0.00,0.00,16.68,64.00,576.83,0.00,0.00,13.55
t_20211031_2897128_1,-675094551#7_1,1144264674#0_1,DEFAULT_VEHTYPE,664.00,4773.70,231.00,0.00,334.36,573.00,4773.70,189.00,0.00,274.07
t_20211024_166261_2,-798745729#4_1,58473437#28_1,DEFAULT_VEHTYPE,254.00,2578.15,35.00,0.00,76.07,253.00,2430.45,45.00,0.00,77.67
t_20211128_3029248_1,651432084#4_1,-909606568_1,DEFAULT_VEHTYPE,584.00,3248.60,281.00,0.00,361.43,496.00,3130.53,146.00,0.00,222.06
t_20211121_3665646_5,-1219265277_1,-1188207865#3_1,DEFAULT_VEHTYPE,257.00,2124.27,70.00,0.00,124.01,343.00,2275.26,102.00,0.00,171.00
t_20211010_2541602_1,-226021689#15_1,127188126#10_1,DEFAULT_VEHTYPE,129.00,1400.15,0.00,0.00,24.96,135.00,1400.15,0.00,0.00,25.21
t_20211128_2300090_1,120048985#1_1,-120048985#1_1,DEFAULT_VEHTYPE,59.00,590.33,0.00,0.00,10.61,60.00,590.33,0.00,0.00,11.54
t_20211010_864751_1,120044052_1,688859679#27_1,DEFAULT_VEHTYPE,382.00,4420.91,66.00,0.00,124.30,385.00,4420.91,46.00,0.00,107.32
t_20211114_3872613_4,-233696887#1_1,-605105364#3_1,DEFAULT_VEHTYPE,88.00,557.62,36.00,0.00,51.14,88.00,557.62,35.00,0.00,46.66
t_20211031_621995_1,42391287#19_1,124963628#11_1,truck,229.00,1626.18,66.00,0.00,109.86,226.00,1626.18,69.00,0.00,112.19
t_20211017_2971257_1,138422770#4_1,799537528_1,DEFAULT_VEHTYPE,832.00,10397.58,221.00,0.00,316.93,833.00,10397.58,206.00,0.00,299.48
t_20211121_3968626_1,102299731#0_1,-226046864#7_1,DEFAULT_VEHTYPE,153.00,1505.91,0.00,0.00,21.63,167.00,1505.91,0.00,0.00,21.71
t_20211003_216778_1,120112431#8_1,-914043042#1_1,truck,615.00,4602.35,172.00,0.00,306.56,623.00,4602.35,169.00,0.00,308.45
t_20211024_3802211_1,312362939#1_0,229479218#2_1,DEFAULT_VEHTYPE,691.00,6805.41,199.00,0.00,265.82,694.00,6805.41,209.00,0.00,280.32
t_20211024_431465_1,943251251#12_1,865554622#5_1,truck,366.00,2984.64,67.00,0.00,140.71,364.00,2984.64,79.00,0.00,152.73
t_20211024_187441_1,-1013421828_1,1013421828_1,DEFAULT_VEHTYPE,103.00,994.35,0.00,0.00,16.42,101.00,994.35,0.00,0.00,16.87
t_20211010_2106917_1,44351424_0,438367202#6_0,DEFAULT_VEHTYPE,789.00,17550.60,50.00,0.00,149.52,850.00,17550.60,117.00,0.00,221.89
t_20211031_303747_2,1216810227#5_1,1182813963_1,DEFAULT_VEHTYPE,636.00,5118.17,193.00,0.00,311.72,641.00,5118.17,187.00,0.00,296.56
t_20211107_559417_6,438367202#0_0,1008396879_1,DEFAULT_VEHTYPE,782.00,9328.02,225.00,0.00,358.06,782.00,9328.02,192.00,0.00,322.04
t_20211128_5099644_1,-30433536#3_1,30433536#3_1,DEFAULT_VEHTYPE,55.00,556.54,0.00,0.00,12.85,50.00,556.54,0.00,0.00,12.52
t_20211024_3990445_1,871532775_1,871535112#7_1,DEFAULT_VEHTYPE,456.00,2693.72,211.00,0.00,277.20,457.00,2693.72,205.00,0.00,271.86
t_20211017_4445459_1,102819800#12_1,763324771#9_1,DEFAULT_VEHTYPE,249.00,1748.03,96.00,0.00,130.94,250.00,1748.03,97.00,0.00,132.76
t_20211114_4899494_1,-34049070#6_1,-729769744#20_1,DEFAULT_VEHTYPE,90.00,955.08,3.00,0.00,21.27,97.00,955.08,2.00,0.00,19.39
t_20211114_3887441_1,120957314_1,100976223#1_1,DEFAULT_VEHTYPE,85.00,618.85,29.00,0.00,39.58,87.00,618.85,27.00,0.00,38.53
t_20211114_2542019_1,-120273844#1_1,-120273887#0_1,DEFAULT_VEHTYPE,55.00,632.44,0.00,0.00,10.93,68.00,630.81,0.00,0.00,10.10
t_20211017_960919_2,128194491_1,229626861#3_1,DEFAULT_VEHTYPE,244.00,2245.56,42.00,0.00,89.22,246.00,2245.56,38.00,0.00,93.27
t_20211121_792616_5,248174349_0,44351425#7_0,DEFAULT_VEHTYPE,709.00,11934.57,99.00,0.00,176.66,684.00,11934.57,117.00,0.00,197.42
t_20211114_4222552_7,438367202#0_0,44351425#7_0,DEFAULT_VEHTYPE,327.00,6742.83,0.00,0.00,54.74,324.00,6742.83,0.00,0.00,42.46
t_20211024_112957_15,-120112478#2_1,102647442#1_1,DEFAULT_VEHTYPE,777.00,5973.78,214.00,0.00,333.05,779.00,5973.78,207.00,0.00,337.47
t_20211121_114375_2,620514026_0,229626861#3_1,DEFAULT_VEHTYPE,333.00,4139.40,6.00,0.00,85.59,335.00,4139.40,2.00,0.00,86.72
t_20211003_424248_1,899867769#5_1,39027137#2_1,DEFAULT_VEHTYPE,835.00,17607.31,36.00,0.00,102.18,938.00,17603.85,26.00,0.00,88.90
t_20211024_844795_2,737543125#0_1,-66993599#2_1,truck,542.00,5138.78,129.00,0.00,236.26,544.00,5138.78,113.00,0.00,220.06
t_20211024_3253987_1,-651472811#22_1,119304425#0_1,DEFAULT_VEHTYPE,483.00,4133.49,187.00,0.00,277.22,490.00,4133.49,143.00,0.00,228.63
t_20211003_361394_1,-72182650_1,-865554623#3_1,DEFAULT_VEHTYPE,244.00,3543.33,4.00,0.00,44.15,334.00,3608.37,75.00,0.00,116.73
t_20211010_670400_1,426156937#0_1,-426156937#0_1,DEFAULT_VEHTYPE,119.00,1809.77,0.00,0.00,13.56,112.00,1809.77,0.00,0.00,13.20
t_20211003_1539466_1,459548652#4_1,-119329632_1,DEFAULT_VEHTYPE,397.00,3951.65,71.00,0.00,120.59,392.00,3951.65,95.00,0.00,138.52
t_20211017_897687_1,651497828#10_0,119611791_1,DEFAULT_VEHTYPE,355.00,2842.62,136.00,0.00,189.48,364.00,2842.62,131.00,0.00,184.84
t_20211031_4091300_1,102695201#1_1,-223489476#2_1,DEFAULT_VEHTYPE,141.00,1165.47,29.00,0.00,57.01,143.00,1165.47,20.00,0.00,46.40
t_20211024_456743_1,1188062006#0_1,-223489476#1_1,DEFAULT_VEHTYPE,757.00,5518.67,288.00,0.00,400.59,749.00,5518.67,309.00,0.00,424.31
t_20211114_1188544_5,846888239#0_0,188163200#2_1,DEFAULT_VEHTYPE,562.00,9215.74,80.00,0.00,125.99,468.00,9218.80,43.00,0.00,80.42
t_20211128_1559577_1,-312909712#4_1,119605145#7_1,DEFAULT_VEHTYPE,355.00,3032.67,79.00,0.00,137.35,360.00,3032.67,75.00,0.00,131.96
t_20211003_758102_1,43433955#9_1,290523812#3_0,DEFAULT_VEHTYPE,257.00,2954.72,33.00,0.00,63.86,262.00,2954.72,26.00,0.00,58.75
t_20211010_1044988_2,871547549#0_1,1190714694_1,DEFAULT_VEHTYPE,209.00,1670.27,63.00,0.00,94.21,205.00,1670.27,72.00,0.00,106.91
t_20211128_2481052_2,-101187781#3_1,-100827870#1_1,DEFAULT_VEHTYPE,174.00,1279.97,49.00,0.00,83.93,204.00,1279.97,48.00,0.00,81.26
t_20211017_4326392_2,120041155_1,-120038533#2_1,DEFAULT_VEHTYPE,88.00,1107.53,0.00,0.00,14.04,102.00,1107.53,0.00,0.00,15.89
t_20211017_1751099_1,-102303939#4_1,893581526#8_1,DEFAULT_VEHTYPE,826.00,7428.61,160.00,0.00,274.80,832.00,7428.61,186.00,0.00,310.61
t_20211024_164729_1,1188207865#3_1,102695241#0_1,DEFAULT_VEHTYPE,618.00,4553.94,153.00,0.00,255.73,588.00,4553.94,188.00,0.00,289.88
t_20211024_209707_1,-473977955#6_1,133720488#6_1,DEFAULT_VEHTYPE,147.00,1323.20,20.00,0.00,47.09,147.00,1323.20,19.00,0.00,44.75
t_20211024_759637_1,-120273844#1_1,-120273887#1_1,DEFAULT_VEHTYPE,56.00,576.83,0.00,0.00,9.92,66.00,576.83,1.00,0.00,12.61
t_20211107_436608_1,176920625#1_1,-43419654#10_1,DEFAULT_VEHTYPE,220.00,1741.79,69.00,0.00,107.71,196.00,1741.79,55.00,0.00,95.91
t_20211128_1112478_5,120298828#3_1,684372536#2_1,DEFAULT_VEHTYPE,97.00,660.25,45.00,0.00,57.07,99.00,660.25,44.00,0.00,54.90
t_20211031_1750543_1,-228769630#0_1,237179085#3_1,DEFAULT_VEHTYPE,614.00,3843.75,199.00,0.00,329.22,625.00,3843.75,204.00,0.00,326.21
t_20211024_699699_1,61186532#0_1,-128194491_1,DEFAULT_VEHTYPE,527.00,4813.97,91.00,0.00,165.57,551.00,4813.97,67.00,0.00,217.90
t_20211017_774195_1,120273887#0_1,-56178828#3_1,DEFAULT_VEHTYPE,834.00,8458.85,191.00,0.00,331.13,925.00,8458.85,264.00,0.00,427.70
t_20211003_2073374_1,-58473437#28_1,798745729#4_1,DEFAULT_VEHTYPE,261.00,2589.69,32.00,0.00,78.27,266.00,2589.69,14.00,0.00,46.63
t_20211010_1368514_5,797365203#0_0,1165383577_0,DEFAULT_VEHTYPE,138.00,1207.04,25.00,0.00,44.19,138.00,1207.04,40.00,0.00,64.31
t_20211024_2118621_1,-102695241#0_1,128008526#1_1,DEFAULT_VEHTYPE,137.00,916.87,54.00,0.00,73.31,128.00,916.87,40.00,0.00,61.13
t_20211128_374958_78,-277743732#1_1,-56178828#3_1,DEFAULT_VEHTYPE,797.00,8405.88,172.00,0.00,337.45,1060.00,8405.88,392.00,0.00,583.16
t_20211128_290956_1,119614880#2_1,-120261538#1_1,DEFAULT_VEHTYPE,167.00,1661.54,32.00,0.00,58.75,169.00,1661.54,32.00,0.00,57.86