id,departLane,arrivalLane,vType,step1_duration,step1_routeLength,step1_waitingTime,step1_stopTime,step1_timeLoss,step4_duration,step4_routeLength,step4_waitingTime,step4_stopTime,step4_timeLoss,depart_lon,depart_lat,arrival_lon,arrival_lat
t_20211031_2167629_6,248174349_0,243877276#1_1,DEFAULT_VEHTYPE,53.0,632.69,0.0,0.0,14.1,55.0,632.69,0.0,0.0,14.02,139.693765,35.845376,139.693832,35.845174
t_20211024_634417_1,-120273844#1_1,-120273887#1_1,DEFAULT_VEHTYPE,54.0,576.83,0.0,0.0,10.04,54.0,576.83,0.0,0.0,9.99,139.697652,36.007235,,
t_20211128_410319_1,-120273844#1_1,-120273887#1_1,DEFAULT_VEHTYPE,53.0,576.83,0.0,0.0,9.8,54.0,576.83,0.0,0.0,11.79,139.697652,36.007235,,
t_20211017_4633904_1,-100976223#1_1,-120957314_1,DEFAULT_VEHTYPE,61.0,623.71,3.0,0.0,15.12,63.0,623.71,2.0,0.0,13.61,139.911898,35.99996,139.910886,36.005199
t_20211017_141812_1,651197726#0_0,-285604737#1_1,DEFAULT_VEHTYPE,72.0,871.21,0.0,0.0,9.6,78.0,871.21,0.0,0.0,9.69,139.902606,35.92926,139.900583,35.934369
t_20211121_833024_30,-277743732#1_1,120273844#1_1,DEFAULT_VEHTYPE,59.0,577.67,0.0,0.0,11.6,52.0,577.67,0.0,0.0,9.97,,,139.697652,36.007235
t_20211024_195008_1,605105364#3_1,233696887#1_1,DEFAULT_VEHTYPE,66.0,541.62,13.0,0.0,23.05,63.0,541.62,13.0,0.0,25.54,139.695004,35.908113,139.694932,35.908121
t_20211128_1649271_1,119770963_1,-119770963_1,DEFAULT_VEHTYPE,57.0,629.14,0.0,0.0,12.32,68.0,629.14,0.0,0.0,12.23,139.695901,35.899227,139.695901,35.899227
t_20211010_4934109_1,229626862#0_1,-120112442#16_1,DEFAULT_VEHTYPE,67.0,689.64,0.0,0.0,16.41,70.0,689.64,0.0,0.0,16.59,139.842889,35.793269,139.836357,35.793189
t_20211024_1112308_1,119317028#1_1,1180047185#6_0,truck,81.0,857.26,4.0,0.0,18.52,81.0,857.26,3.0,0.0,20.1,139.788537,36.00691,139.788676,36.006973
t_20211024_919462_1,-120273844#1_1,-120273887#1_1,truck,61.0,574.73,0.0,0.0,15.44,57.0,574.73,0.0,0.0,15.09,139.697652,36.007235,,
t_20211107_300218_15,-120273844#1_1,-120273887#1_1,truck,59.0,574.73,0.0,0.0,15.58,57.0,574.73,0.0,0.0,14.83,139.697652,36.007235,,
t_20211114_3082825_1,635620393#1_0,635620393#0_0,DEFAULT_VEHTYPE,91.0,741.84,7.0,0.0,29.45,92.0,741.84,8.0,0.0,32.4,139.80139,35.804858,139.80139,35.804858
t_20211128_1639976_1,233696887#1_1,233696887#0_1,DEFAULT_VEHTYPE,48.0,551.33,0.0,0.0,11.34,117.0,551.33,49.0,0.0,60.52,139.694946,35.908973,139.694946,35.908973
t_20211128_1146526_51,-277743732#1_1,120273844#1_1,truck,57.0,575.57,0.0,0.0,17.67,61.0,575.57,0.0,0.0,19.65,,,139.697652,36.007235
t_20211024_1520512_1,137066290#0_1,995974549#5_1,DEFAULT_VEHTYPE,62.0,718.28,0.0,0.0,10.9,69.0,718.28,0.0,0.0,10.91,139.913189,35.88487,,
t_20211128_878744_1,646823318#7_0,646823318#11_0,DEFAULT_VEHTYPE,50.0,643.35,0.0,0.0,5.69,40.0,643.35,0.0,0.0,4.85,,,139.701388,35.927077
t_20211017_382597_1,-819169272#4_1,819169272#4_1,truck,67.0,659.04,0.0,0.0,16.19,66.0,659.04,0.0,0.0,16.04,139.913706,35.874443,139.913706,35.874443
t_20211114_614538_23,651354807#3_0,651351926#4_0,DEFAULT_VEHTYPE,67.0,829.91,0.0,0.0,10.15,65.0,829.91,0.0,0.0,8.83,139.853721,35.988545,139.852183,35.989913
t_20211114_492459_42,-277743732#1_1,120273844#1_1,truck,69.0,575.57,3.0,0.0,26.1,61.0,575.57,0.0,0.0,16.28,,,139.697652,36.007235
t_20211003_3859185_1,79292405#9_1,-79292405#9_1,truck,117.0,1026.57,4.0,0.0,39.58,112.0,1026.57,1.0,0.0,33.3,139.901104,35.793377,139.901104,35.793377
t_20211031_1126928_6,-798745729#4_1,277743732#1_1,DEFAULT_VEHTYPE,132.0,803.33,52.0,0.0,71.28,138.0,803.33,47.0,0.0,68.96,139.698405,36.007575,,
t_20211128_2147774_36,-277743732#1_1,-229142916#37_1,truck,128.0,1283.87,8.0,0.0,39.23,123.0,1283.87,8.0,0.0,41.2,,,139.698,35.994774
t_20211003_1650323_1,-268014002#3_1,-589651779_1,DEFAULT_VEHTYPE,128.0,1365.1,0.0,0.0,15.8,116.0,1365.1,0.0,0.0,15.42,139.772711,35.918716,139.761902,35.92097
t_20211003_125463_1,101977326#17_1,890899884#3_1,truck,76.0,698.99,0.0,0.0,19.35,73.0,698.99,0.0,0.0,19.19,139.78991,35.792849,139.796153,35.792874
t_20211121_315741_1,-95518297#6_1,-893581524#8_1,DEFAULT_VEHTYPE,142.0,1790.99,0.0,0.0,14.35,142.0,1790.99,0.0,0.0,13.8,139.728445,35.92147,139.71399,35.913865
t_20211017_3694658_1,-128193091#1_1,43992701#2_0,DEFAULT_VEHTYPE,134.0,2363.53,0.0,0.0,18.6,148.0,2363.53,0.0,0.0,16.15,139.831999,35.804298,139.827324,35.787478
t_20211010_1990836_1,137066290#0_1,995974549#5_1,DEFAULT_VEHTYPE,63.0,718.28,0.0,0.0,10.93,64.0,718.28,0.0,0.0,11.47,139.913189,35.88487,,
t_20211010_893361_1,-28186168#6_1,-34057828#0_1,DEFAULT_VEHTYPE,127.0,1255.74,0.0,0.0,24.04,104.0,1255.74,0.0,0.0,22.78,139.786321,35.893613,,
t_20211017_4243115_1,693697751#4_1,102170283#6_1,DEFAULT_VEHTYPE,58.0,703.62,0.0,0.0,16.27,62.0,703.62,0.0,0.0,11.9,,,139.805454,35.805621
t_20211017_2743732_1,248174349_0,243877276#1_1,DEFAULT_VEHTYPE,94.0,632.69,20.0,0.0,47.36,91.0,632.69,20.0,0.0,44.03,139.693765,35.845376,139.693832,35.845174
t_20211010_4170641_1,119607760#0_1,-119607760#0_1,DEFAULT_VEHTYPE,85.0,889.34,0.0,0.0,13.35,98.0,889.34,0.0,0.0,14.27,139.694952,35.930509,139.694952,35.930509
t_20211107_2663856_1,248174349_0,243877276#1_1,DEFAULT_VEHTYPE,84.0,632.69,3.0,0.0,37.39,81.0,632.69,2.0,0.0,40.7,139.693765,35.845376,139.693832,35.845174
t_20211017_952346_1,314944599#6_1,113387428#4_1,DEFAULT_VEHTYPE,126.0,1227.28,24.0,0.0,45.15,140.0,1227.28,17.0,0.0,38.49,139.823781,35.912891,139.82721,35.921295
t_20211121_4427719_4,223489476#2_1,-102695201#0_1,DEFAULT_VEHTYPE,118.0,1270.98,0.0,0.0,19.8,122.0,1270.98,0.0,0.0,30.81,139.716122,35.79429,139.707391,35.79686
t_20211024_733386_22,120955775_1,-120956713#0_1,DEFAULT_VEHTYPE,78.0,741.35,0.0,0.0,10.02,64.0,741.35,0.0,0.0,12.1,139.910886,36.005199,139.906718,36.009461
t_20211024_1654075_1,1019653112_0,120162123#1_1,DEFAULT_VEHTYPE,83.0,856.44,2.0,0.0,14.44,67.0,856.44,0.0,0.0,9.24,139.726627,35.79731,139.732414,35.792314
t_20211024_2843325_9,223489476#1_1,-102695201#0_1,DEFAULT_VEHTYPE,140.0,1615.81,0.0,0.0,22.81,144.0,1615.81,0.0,0.0,34.04,139.719602,35.793266,139.707391,35.79686
t_20211128_4620178_4,248174349_0,243877276#1_1,DEFAULT_VEHTYPE,84.0,632.69,8.0,0.0,39.6,77.0,632.69,0.0,0.0,29.35,139.693765,35.845376,139.693832,35.845174
t_20211128_2434880_1,-38104421#13_1,127016714#1_1,DEFAULT_VEHTYPE,147.0,1315.42,32.0,0.0,56.13,149.0,1315.42,27.0,0.0,48.12,139.755946,35.852993,139.768911,35.84917
t_20211107_840896_1,1189269490#0_1,-1189269490#0_1,truck,72.0,734.11,0.0,0.0,19.94,74.0,734.11,0.0,0.0,20.31,,,,
t_20211017_3235594_1,120048985#1_1,-120048985#1_1,DEFAULT_VEHTYPE,61.0,590.33,0.0,0.0,10.49,67.0,590.33,0.0,0.0,11.5,139.911943,35.942818,139.911943,35.942818
t_20211107_4040665_1,312362939#1_0,-136789962#0_1,DEFAULT_VEHTYPE,113.0,933.87,10.0,0.0,32.91,104.0,933.87,12.0,0.0,34.81,,,,
t_20211003_522642_1,248174349_0,243877276#1_1,DEFAULT_VEHTYPE,77.0,632.69,6.0,0.0,31.01,70.0,632.69,4.0,0.0,21.75,139.693765,35.845376,139.693832,35.845174
t_20211128_1158657_9,223489476#1_1,-223489476#1_1,truck,142.0,1496.74,0.0,0.0,39.08,156.0,1496.74,16.0,0.0,50.07,139.719602,35.793266,139.719602,35.793266
t_20211128_2128247_1,120880428#0_1,-483436969_1,DEFAULT_VEHTYPE,115.0,1487.56,0.0,0.0,21.13,112.0,1487.56,0.0,0.0,23.23,139.73505,35.870332,139.73401,35.876728
t_20211003_667812_1,-120273844#1_1,-120273887#1_1,DEFAULT_VEHTYPE,51.0,578.46,0.0,0.0,12.14,88.0,576.83,25.0,0.0,38.14,139.697652,36.007235,,
t_20211017_2288624_1,312362938#53_0,28166570#18_1,DEFAULT_VEHTYPE,119.0,1087.12,32.0,0.0,51.6,119.0,1087.12,23.0,0.0,42.51,139.768958,35.909201,139.762486,35.914883
t_20211010_1095944_1,-120273844#1_1,-120273887#1_1,DEFAULT_VEHTYPE,51.0,578.46,0.0,0.0,11.13,85.0,576.83,22.0,0.0,36.31,139.697652,36.007235,,
t_20211107_4746517_2,-627749909#0_1,-662816763#3_1,DEFAULT_VEHTYPE,100.0,731.71,33.0,0.0,51.45,100.0,731.71,13.0,0.0,27.84,139.91366,35.84208,139.907124,35.842005
t_20211010_990796_1,156945875#0_1,-124963612#5_1,DEFAULT_VEHTYPE,105.0,1449.25,0.0,0.0,22.05,164.0,1449.25,29.0,0.0,53.66,139.696035,35.864923,139.696068,35.873972
t_20211024_1636310_2,646823318#11_0,378317391#16_0,DEFAULT_VEHTYPE,74.0,712.21,0.0,0.0,14.73,67.0,712.21,0.0,0.0,14.41,139.700679,35.927848,139.700289,35.927598
t_20211121_3971667_1,563856389#7_1,919817854_1,DEFAULT_VEHTYPE,139.0,1194.4,34.0,0.0,60.53,140.0,1194.4,33.0,0.0,59.22,139.71619,35.862374,,
t_20211010_4243531_1,-102695241#0_1,-100827870#1_1,DEFAULT_VEHTYPE,179.0,1693.74,24.0,0.0,53.62,206.0,1693.74,47.0,0.0,75.09,139.698212,35.801073,139.696969,35.80417
t_20211003_242185_1,763210011#4_0,378317388#35_1,DEFAULT_VEHTYPE,109.0,645.1,48.0,0.0,62.62,107.0,645.1,48.0,0.0,65.12,139.733983,35.857343,139.734832,35.85924
t_20211107_4629293_1,119770963_1,-119770963_1,DEFAULT_VEHTYPE,72.0,629.14,0.0,0.0,12.73,61.0,629.14,0.0,0.0,12.92,139.695901,35.899227,139.695901,35.899227
t_20211003_502456_19,-120273844#1_1,-120273887#1_1,DEFAULT_VEHTYPE,62.0,576.83,0.0,0.0,8.87,54.0,578.46,0.0,0.0,10.04,139.697652,36.007235,,
t_20211003_144569_1,651201554_0,430333963#1_0,DEFAULT_VEHTYPE,132.0,1375.64,22.0,0.0,42.63,132.0,1375.64,25.0,0.0,45.76,139.885006,35.944356,139.893827,35.934083
t_20211010_2205043_1,-120273844#1_1,-120273887#1_1,DEFAULT_VEHTYPE,55.0,576.83,0.0,0.0,10.17,54.0,578.46,0.0,0.0,9.97,139.697652,36.007235,,
t_20211114_569335_1,-127200781#1_1,243877276#1_0,DEFAULT_VEHTYPE,143.0,1618.99,0.0,0.0,24.6,125.0,1618.99,0.0,0.0,25.89,139.696436,35.837634,139.693832,35.845174
t_20211107_3689245_39,-1013421828_1,1013421828_1,DEFAULT_VEHTYPE,93.0,994.35,0.0,0.0,15.58,102.0,994.35,0.0,0.0,14.68,139.719602,35.793266,139.719602,35.793266
t_20211114_2967060_4,102695201#0_1,-223489476#2_1,DEFAULT_VEHTYPE,114.0,1272.72,3.0,0.0,28.22,104.0,1272.72,0.0,0.0,21.48,139.707391,35.79686,139.716122,35.79429
t_20211017_2724362_1,225071042#7_1,112187020#13_1,DEFAULT_VEHTYPE,170.0,1947.27,28.0,0.0,59.51,171.0,1947.27,27.0,0.0,58.33,139.740956,35.82744,139.759669,35.824367
t_20211003_442512_1,-120955715_1,-120956297_1,truck,120.0,1170.36,9.0,0.0,35.4,120.0,1170.36,10.0,0.0,38.15,139.908149,36.008692,139.906718,36.009461
t_20211017_279863_1,-120273844#1_1,-120273887#1_1,DEFAULT_VEHTYPE,49.0,578.46,0.0,0.0,11.75,50.0,578.46,0.0,0.0,11.68,139.697652,36.007235,,
t_20211128_990638_1,808277658#3_0,808277659#1_0,DEFAULT_VEHTYPE,151.0,1424.65,37.0,0.0,59.2,152.0,1424.65,32.0,0.0,53.33,139.879037,35.793062,139.878226,35.800426
t_20211121_4452010_1,120274340#1_1,58473437#28_1,DEFAULT_VEHTYPE,126.0,1566.67,0.0,0.0,16.8,129.0,1566.67,0.0,0.0,14.3,139.707019,36.007754,139.720133,36.007946
t_20211107_2104310_1,934904301#0_0,971263707#0_0,DEFAULT_VEHTYPE,113.0,810.09,41.0,0.0,52.55,106.0,810.09,43.0,0.0,56.52,139.736797,35.818388,139.7348,35.811085
t_20211114_363209_6,-229484052#6_1,-48390571#2_1,DEFAULT_VEHTYPE,168.0,1218.71,66.0,0.0,104.66,169.0,1218.71,57.0,0.0,89.39,139.821806,35.801927,139.828226,35.793098
t_20211024_940096_1,-124024493#12_1,916532678_1,DEFAULT_VEHTYPE,196.0,1079.3,79.0,0.0,110.39,187.0,1079.3,89.0,0.0,120.22,,,,
t_20211017_1067634_1,-133720488#6_1,-137065768#1_1,DEFAULT_VEHTYPE,195.0,1685.67,47.0,0.0,82.6,211.0,1685.67,41.0,0.0,75.74,139.913516,35.899096,139.913605,35.8896
t_20211031_238362_6,378600191#0_1,-1202492712#20_1,DEFAULT_VEHTYPE,150.0,1611.85,40.0,0.0,67.37,153.0,1611.85,33.0,0.0,58.21,139.741346,36.008226,139.743946,35.995495
t_20211031_3427129_1,120046669_1,1205652775#1_1,DEFAULT_VEHTYPE,94.0,1052.46,0.0,0.0,16.93,99.0,1052.46,0.0,0.0,15.26,,,139.88036,35.944683
t_20211031_1270320_1,-102695241#0_1,128008526#1_1,DEFAULT_VEHTYPE,117.0,916.87,25.0,0.0,48.64,111.0,916.87,8.0,0.0,39.87,139.698212,35.801073,,
t_20211031_821220_1,-102422858#1_1,102422675#5_1,DEFAULT_VEHTYPE,203.0,1304.14,79.0,0.0,106.29,199.0,1304.14,83.0,0.0,108.14,,,139.81879,35.849245
t_20211017_4835898_1,119605171_1,224575999#0_1,DEFAULT_VEHTYPE,61.0,743.21,0.0,0.0,11.48,65.0,743.21,0.0,0.0,10.86,,,139.712402,35.911001
t_20211107_574586_1,120273887#0_1,120273844#1_1,DEFAULT_VEHTYPE,111.0,630.31,43.0,0.0,68.18,54.0,630.31,0.0,0.0,11.59,139.693573,36.004036,139.697652,36.007235
t_20211017_1664788_4,223489476#2_1,102695241#0_1,DEFAULT_VEHTYPE,234.0,2043.16,64.0,0.0,97.16,244.0,2043.16,47.0,0.0,79.35,139.716122,35.79429,139.698212,35.801073
t_20211024_4370586_1,-28127746#7_1,28186391#1_1,DEFAULT_VEHTYPE,156.0,1099.62,61.0,0.0,87.35,156.0,1099.62,43.0,0.0,70.7,139.788598,35.851578,139.800618,35.853648
t_20211107_1221566_14,120956847#1_1,120955758#9_1,DEFAULT_VEHTYPE,228.0,2391.9,10.0,0.0,40.67,228.0,2391.9,19.0,0.0,49.78,139.881242,36.009329,139.89389,36.009312
t_20211031_1000921_1,-127014320#0_1,127014320#0_1,truck,72.0,724.58,0.0,0.0,19.66,74.0,724.58,0.0,0.0,19.63,,,,
t_20211128_745526_9,223489476#1_1,102695241#0_1,DEFAULT_VEHTYPE,228.0,2387.99,35.0,0.0,66.12,315.0,2387.99,75.0,0.0,109.59,139.719602,35.793266,139.698212,35.801073
t_20211128_550664_1,-58473437#28_1,58473437#28_1,DEFAULT_VEHTYPE,115.0,649.81,45.0,0.0,66.77,115.0,649.81,47.0,0.0,72.35,139.720133,36.007946,139.720133,36.007946
t_20211003_1745131_1,888546347#6_1,483837892#2_1,DEFAULT_VEHTYPE,143.0,1203.11,36.0,0.0,58.9,135.0,1203.11,43.0,0.0,66.59,139.760703,35.823687,139.763122,35.833716
t_20211024_2362074_34,120956847#1_1,120955758#9_1,DEFAULT_VEHTYPE,228.0,2391.9,0.0,0.0,29.73,227.0,2391.9,3.0,0.0,32.73,139.881242,36.009329,139.89389,36.009312
t_20211114_4493829_1,120956847#1_1,120955758#9_1,DEFAULT_VEHTYPE,201.0,2391.9,0.0,0.0,33.83,201.0,2391.9,1.0,0.0,36.83,139.881242,36.009329,139.89389,36.009312
t_20211003_1223003_5,248174349_0,243877276#1_1,DEFAULT_VEHTYPE,92.0,632.69,22.0,0.0,49.15,91.0,632.69,24.0,0.0,50.5,139.693765,35.845376,139.693832,35.845174
t_20211107_348283_80,120273887#1_1,120273844#1_1,truck,67.0,575.09,0.0,0.0,19.8,113.0,576.73,42.0,0.0,72.57,,,139.697652,36.007235
t_20211107_3360658_6,326224748#3_1,651497890_0,DEFAULT_VEHTYPE,121.0,945.02,20.0,0.0,54.89,124.0,945.02,13.0,0.0,45.45,,,139.695056,35.941775
t_20211003_1001925_1,248174349_0,243877276#1_1,DEFAULT_VEHTYPE,88.0,632.69,12.0,0.0,39.29,88.0,632.69,15.0,0.0,41.31,139.693765,35.845376,139.693832,35.845174
t_20211010_261283_20,120273887#1_1,120273844#1_1,truck,65.0,575.09,0.0,0.0,20.08,160.0,576.73,84.0,0.0,117.93,,,139.697652,36.007235
t_20211003_868493_1,102695201#1_1,102695241#0_1,truck,155.0,1192.1,38.0,0.0,68.8,159.0,1192.1,40.0,0.0,72.14,139.708551,35.796489,139.698212,35.801073
t_20211128_333410_1,-120273844#1_1,-120273887#1_1,DEFAULT_VEHTYPE,58.0,576.83,0.0,0.0,11.3,52.0,578.46,0.0,0.0,16.14,139.697652,36.007235,,
t_20211010_2000715_1,846888239#0_0,43992701#2_0,DEFAULT_VEHTYPE,225.0,4776.53,0.0,0.0,32.43,304.0,4776.53,38.0,0.0,74.66,139.826026,35.783091,139.827324,35.787478
t_20211031_4775678_1,120046251#1_1,1205652785#3_1,DEFAULT_VEHTYPE,193.0,1413.94,54.0,0.0,75.46,112.0,1413.94,12.0,0.0,27.18,139.874893,35.952733,139.884874,35.945416
t_20211017_3420922_1,233696887#1_1,233696887#0_1,DEFAULT_VEHTYPE,97.0,551.33,40.0,0.0,53.49,98.0,551.33,40.0,0.0,53.69,139.694946,35.908973,139.694946,35.908973
t_20211017_534270_1,120273887#1_1,798745729#4_1,DEFAULT_VEHTYPE,94.0,775.18,21.0,0.0,46.51,94.0,775.18,24.0,0.0,42.6,,,139.698405,36.007575
t_20211003_1589338_1,120956713#0_1,120955715_1,DEFAULT_VEHTYPE,82.0,831.73,0.0,0.0,10.63,97.0,831.73,0.0,0.0,10.82,139.906718,36.009461,139.908149,36.008692
t_20211017_3084324_1,248174349_0,243877276#1_1,DEFAULT_VEHTYPE,71.0,632.69,0.0,0.0,19.31,81.0,632.69,8.0,0.0,33.17,139.693765,35.845376,139.693832,35.845174
t_20211017_3234385_1,120955775_1,-120957314_1,DEFAULT_VEHTYPE,68.0,723.62,0.0,0.0,15.04,69.0,723.62,1.0,0.0,15.78,139.910886,36.005199,139.910886,36.005199
t_20211024_839182_1,-162056963#6_1,-100827870#1_1,DEFAULT_VEHTYPE,136.0,1496.62,0.0,0.0,25.45,158.0,1496.62,0.0,0.0,23.47,139.696625,35.816038,139.696969,35.80417
t_20211003_170693_1,248174349_0,243877276#1_1,DEFAULT_VEHTYPE,67.0,632.69,1.0,0.0,25.17,81.0,632.69,9.0,0.0,30.42,139.693765,35.845376,139.693832,35.845174
t_20211031_3544951_1,120956297_1,-120956297_1,DEFAULT_VEHTYPE,89.0,849.38,0.0,0.0,24.42,101.0,849.38,0.0,0.0,22.32,139.906718,36.009461,139.906718,36.009461
t_20211107_379503_1,-321107542#1_1,321107542#1_1,DEFAULT_VEHTYPE,171.0,1981.38,0.0,0.0,16.07,153.0,1981.38,0.0,0.0,14.19,139.90203,35.71622,139.90203,35.71622
t_20211121_108832_1,120036775#1_1,1191434222_0,DEFAULT_VEHTYPE,207.0,1743.01,22.0,0.0,47.5,194.0,1743.01,45.0,0.0,70.43,139.838989,35.995727,139.839867,35.996031
t_20211003_4566200_1,127199115#0_1,100827869#8_1,DEFAULT_VEHTYPE,153.0,923.65,73.0,0.0,95.41,161.0,923.65,63.0,0.0,84.84,139.699737,35.820607,139.697437,35.815791
t_20211017_178845_17,120273887#1_1,798745729#4_1,DEFAULT_VEHTYPE,74.0,775.18,0.0,0.0,17.2,152.0,775.18,57.0,0.0,107.38,,,139.698405,36.007575
t_20211114_273568_5,1188207865#3_1,-1019666874#3_1,DEFAULT_VEHTYPE,205.0,1299.31,58.0,0.0,103.3,204.0,1299.31,58.0,0.0,101.24,139.742513,35.792281,139.752097,35.792304
t_20211017_712556_1,223489476#1_1,-223489476#1_1,truck,159.0,1496.74,9.0,0.0,46.07,134.0,1496.74,0.0,0.0,31.29,139.719602,35.793266,139.719602,35.793266
t_20211031_835218_1,605105364#3_1,233696887#1_1,DEFAULT_VEHTYPE,53.0,541.62,0.0,0.0,10.62,55.0,541.62,0.0,0.0,9.74,139.695004,35.908113,139.694932,35.908121
t_20211024_2738405_1,426156937#0_1,-426156937#0_1,truck,127.0,1807.67,0.0,0.0,17.35,133.0,1807.67,0.0,0.0,17.25,139.91074,35.988906,139.91074,35.988906
t_20211107_1058747_18,-120273844#1_1,-120273887#1_1,truck,68.0,576.36,2.0,0.0,22.72,59.0,576.36,0.0,0.0,16.62,139.697652,36.007235,,
t_20211017_377637_1,120273887#0_1,120273844#1_1,truck,75.0,629.85,5.0,0.0,30.74,155.0,629.85,63.0,0.0,107.9,139.693573,36.004036,139.697652,36.007235
t_20211114_3667711_1,244906555#2_1,627749909#0_1,DEFAULT_VEHTYPE,139.0,1299.59,26.0,0.0,46.54,140.0,1299.59,25.0,0.0,44.08,139.904919,35.849596,139.91366,35.84208
t_20211128_1938356_1,119607760#0_1,-119607760#0_1,DEFAULT_VEHTYPE,87.0,889.34,0.0,0.0,14.85,92.0,889.34,0.0,0.0,12.94,139.694952,35.930509,139.694952,35.930509
t_20211017_102175_1,-156953315#3_1,-56178828#3_1,DEFAULT_VEHTYPE,177.0,1955.08,38.0,0.0,70.98,201.0,1955.08,25.0,0.0,60.39,139.76768,36.00834,139.751947,36.008372
t_20211031_475907_17,-120273844#1_1,-120273887#1_1,DEFAULT_VEHTYPE,64.0,578.46,1.0,0.0,25.0,59.0,576.83,0.0,0.0,9.46,139.697652,36.007235,,
t_20211010_1055501_21,180099700#0_1,127199105#5_1,DEFAULT_VEHTYPE,209.0,1593.24,47.0,0.0,74.86,211.0,1593.24,44.0,0.0,76.81,,,139.696425,35.823026
t_20211024_644161_1,28185621#15_1,-459548652#1_1,truck,159.0,1399.68,43.0,0.0,64.53,161.0,1399.68,41.0,0.0,64.74,,,,
t_20211010_2287923_1,233696887#1_1,233696887#0_1,DEFAULT_VEHTYPE,61.0,551.33,0.0,0.0,11.3,91.0,573.91,34.0,0.0,46.84,139.694946,35.908973,139.694946,35.908973
t_20211010_2254468_1,849961298#3_1,32133016#0_1,DEFAULT_VEHTYPE,181.0,1285.06,64.0,0.0,90.08,181.0,1285.06,66.0,0.0,89.98,139.851927,35.844245,,
t_20211128_3543038_1,-119571679#1_1,-119571046_1,DEFAULT_VEHTYPE,67.0,664.41,0.0,0.0,9.42,58.0,664.41,0.0,0.0,7.97,139.722044,35.915081,139.728266,35.914741
t_20211114_4883016_1,-396031661#2_1,819169272#4_1,DEFAULT_VEHTYPE,253.0,3317.42,7.0,0.0,48.35,351.0,3317.42,83.0,0.0,127.27,139.914003,35.85654,139.913706,35.874443
t_20211017_4664352_1,-102802609#3_1,934882308#0_1,DEFAULT_VEHTYPE,222.0,1853.62,66.0,0.0,101.72,225.0,1853.62,72.0,0.0,118.26,139.724167,35.822976,139.725803,35.806462
t_20211031_3544951_2,120956713#0_1,120955715_1,DEFAULT_VEHTYPE,75.0,831.73,0.0,0.0,10.52,72.0,831.73,0.0,0.0,10.29,139.906718,36.009461,139.908149,36.008692
t_20211031_2061871_1,-1013421828_1,1013421828_1,DEFAULT_VEHTYPE,96.0,994.35,4.0,0.0,23.61,91.0,994.35,0.0,0.0,16.51,139.719602,35.793266,139.719602,35.793266
t_20211128_990638_2,609841415#0_0,75035978#3_1,DEFAULT_VEHTYPE,107.0,1541.31,0.0,0.0,19.71,114.0,1541.31,0.0,0.0,18.83,139.876121,35.808807,139.874704,35.81496
t_20211128_149036_1,223489476#1_1,-223489476#1_1,truck,137.0,1496.74,0.0,0.0,30.73,136.0,1496.74,0.0,0.0,28.11,139.719602,35.793266,139.719602,35.793266
t_20211107_2800895_10,120273887#1_1,798745729#4_1,DEFAULT_VEHTYPE,212.0,725.79,128.0,0.0,160.91,161.0,796.28,71.0,0.0,100.55,,,139.698405,36.007575
t_20211003_930501_1,119611696#0_1,119611983_1,DEFAULT_VEHTYPE,176.0,1867.74,16.0,0.0,45.78,171.0,1867.74,22.0,0.0,53.57,139.712882,35.960123,139.71963,35.951561
t_20211128_3575003_1,124049264#1_1,28168270#33_1,DEFAULT_VEHTYPE,260.0,1621.88,113.0,0.0,159.11,260.0,1621.88,115.0,0.0,162.8,139.782373,35.900835,139.781406,35.915346
t_20211024_2797137_1,162057025_1,162056965#2_1,DEFAULT_VEHTYPE,118.0,586.6,60.0,0.0,76.49,119.0,586.6,60.0,0.0,77.14,139.706315,35.814597,139.699857,35.813706
t_20211128_2289227_1,863465221#6_1,-119304280#2_1,DEFAULT_VEHTYPE,220.0,1981.46,31.0,0.0,81.55,219.0,1981.46,50.0,0.0,100.5,139.756451,35.969714,139.754538,35.981197
t_20211128_3846310_1,-120955758#9_1,-120956297_1,truck,165.0,1318.1,42.0,0.0,68.57,158.0,1318.1,42.0,0.0,69.63,139.89389,36.009312,139.906718,36.009461
t_20211024_1636310_3,646823318#23_0,1277705896#4_0,DEFAULT_VEHTYPE,62.0,866.66,0.0,0.0,5.59,62.0,866.66,0.0,0.0,5.64,139.707043,35.914792,,
t_20211114_3413740_1,53638243#2_1,-580835182#15_1,DEFAULT_VEHTYPE,262.0,2135.93,62.0,0.0,94.6,264.0,2135.93,23.0,0.0,54.86,139.914179,35.836851,139.91419,35.824612
t_20211031_511105_2,378376548#1_0,378376548#0_0,DEFAULT_VEHTYPE,110.0,1401.73,0.0,0.0,20.16,176.0,1401.73,44.0,0.0,68.7,139.879158,35.793478,139.879158,35.793478
t_20211017_1033612_1,120273887#1_1,798745729#4_1,DEFAULT_VEHTYPE,167.0,725.79,75.0,0.0,117.11,87.0,725.79,4.0,0.0,29.42,,,139.698405,36.007575
t_20211128_1862020_1,673531871#0_1,-48390571#2_1,DEFAULT_VEHTYPE,220.0,2730.0,5.0,0.0,32.85,268.0,2730.0,5.0,0.0,35.36,139.831149,35.793151,139.828226,35.793098
t_20211017_3012157_1,58610487#5_0,-120158929#1_1,DEFAULT_VEHTYPE,180.0,1261.53,77.0,0.0,97.85,178.0,1261.53,72.0,0.0,94.42,139.76883,35.801926,139.768656,35.792583
t_20211017_506969_1,808277658#3_0,137028292#1_1,DEFAULT_VEHTYPE,146.0,1761.89,0.0,0.0,22.69,157.0,1779.5,0.0,0.0,25.34,139.879037,35.793062,,
t_20211107_457544_5,-102695241#0_1,-223489476#2_1,DEFAULT_VEHTYPE,256.0,2042.4,50.0,0.0,81.98,261.0,2042.4,49.0,0.0,108.55,139.698212,35.801073,139.716122,35.79429
t_20211107_134091_1,120273887#1_1,120273844#1_1,truck,74.0,576.73,9.0,0.0,29.76,64.0,575.09,0.0,0.0,17.9,,,139.697652,36.007235
t_20211024_1368959_1,797365203#22_0,229479218#2_1,DEFAULT_VEHTYPE,268.0,2904.84,65.0,0.0,89.93,213.0,2904.84,33.0,0.0,51.62,139.793419,35.816115,139.801824,35.792884
t_20211024_738056_1,426156937#0_1,-120956613#0_1,DEFAULT_VEHTYPE,173.0,2043.92,0.0,0.0,21.44,155.0,2043.92,0.0,0.0,22.49,139.91074,35.988906,139.911898,35.99996
t_20211024_1059023_1,1169288440_1,-1169288440_1,DEFAULT_VEHTYPE,103.0,1278.28,0.0,0.0,17.07,105.0,1278.28,0.0,0.0,18.25,139.693753,35.994726,139.693753,35.994726
t_20211031_4456369_1,56396574#3_1,229479218#2_1,DEFAULT_VEHTYPE,289.0,1729.48,115.0,0.0,163.67,288.0,1729.48,125.0,0.0,170.43,139.791977,35.802844,139.801824,35.792884
t_20211114_101172_4,-156954147#3_1,-472323987#17_1,DEFAULT_VEHTYPE,77.0,875.76,0.0,0.0,14.01,71.0,875.76,0.0,0.0,15.6,,,139.760308,36.005263
t_20211010_874602_1,260651681_1,127199257#1_1,DEFAULT_VEHTYPE,260.0,1925.16,79.0,0.0,128.2,257.0,1925.16,82.0,0.0,131.26,,,139.696318,35.825007
t_20211024_2343329_1,135978782#2_1,888773097#8_1,DEFAULT_VEHTYPE,132.0,967.2,36.0,0.0,66.3,136.0,967.2,35.0,0.0,59.31,139.803796,35.827531,139.801592,35.832354
t_20211003_692987_34,-120273844#1_1,-120273887#1_1,DEFAULT_VEHTYPE,74.0,578.46,12.0,0.0,30.94,55.0,578.46,0.0,0.0,10.76,139.697652,36.007235,,
t_20211003_3497055_2,120273887#1_1,120273844#1_1,truck,64.0,576.73,0.0,0.0,18.22,114.0,575.57,44.0,0.0,70.54,,,139.697652,36.007235
t_20211031_3960125_1,128194491_1,229626861#3_1,DEFAULT_VEHTYPE,229.0,2245.56,26.0,0.0,85.67,233.0,2245.56,22.0,0.0,78.07,,,,
t_20211128_3778530_3,79292405#9_1,-79292405#9_1,truck,109.0,1026.57,0.0,0.0,33.85,117.0,1026.57,4.0,0.0,35.49,139.901104,35.793377,139.901104,35.793377
t_20211010_247431_1,1184576352#2_1,-1184576352#2_1,DEFAULT_VEHTYPE,68.0,782.18,0.0,0.0,13.96,89.0,782.18,0.0,0.0,14.24,139.860025,35.831182,139.860025,35.831182
t_20211121_580193_1,-819169272#4_1,-744555677#56_1,DEFAULT_VEHTYPE,249.0,2834.71,13.0,0.0,51.63,342.0,2834.71,92.0,0.0,135.23,139.913706,35.874443,139.900448,35.893921
t_20211003_3849036_1,438367202#0_0,44351425#7_0,DEFAULT_VEHTYPE,301.0,6742.83,0.0,0.0,37.04,335.0,6742.83,0.0,0.0,34.77,139.756695,35.791589,139.756136,35.790789
t_20211107_60252_3,-120162123#1_1,1188020939#0_1,DEFAULT_VEHTYPE,116.0,1408.51,0.0,0.0,14.44,117.0,1408.51,0.0,0.0,16.07,139.732414,35.792314,139.723271,35.797523
t_20211010_3595281_1,-1017258316#3_1,756131902#3_1,DEFAULT_VEHTYPE,102.0,874.26,22.0,0.0,51.93,111.0,874.26,20.0,0.0,46.2,139.881069,35.840374,139.884118,35.845979
t_20211003_164423_10,491244288_0,691260517#2_1,DEFAULT_VEHTYPE,215.0,1692.93,66.0,0.0,94.28,218.0,1692.93,55.0,0.0,85.72,139.756695,35.791589,,
t_20211003_1196248_1,-799311092#12_1,-24994544#26_1,truck,193.0,1720.0,54.0,0.0,88.89,193.0,1720.0,53.0,0.0,88.83,139.902432,35.994193,,
t_20211017_265335_1,120273887#0_1,-119614880#2_1,DEFAULT_VEHTYPE,293.0,2955.84,20.0,0.0,108.56,295.0,2955.84,38.0,0.0,108.56,139.693573,36.004036,139.694326,35.983421
t_20211114_4468205_1,-627750917#12_1,-662816763#3_1,DEFAULT_VEHTYPE,76.0,742.27,4.0,0.0,19.78,58.0,742.27,0.0,0.0,15.25,139.91365,35.843362,139.907124,35.842005
t_20211031_3204612_1,766811227#11_1,-119314675#3_1,DEFAULT_VEHTYPE,52.0,614.09,0.0,0.0,10.74,56.0,614.09,0.0,0.0,11.31,139.774434,35.999216,139.774434,35.999216
t_20211121_2145158_1,434955698_0,-137065768#1_1,DEFAULT_VEHTYPE,318.0,3619.08,35.0,0.0,89.55,328.0,3619.08,43.0,0.0,98.35,139.907465,35.882823,139.913605,35.8896
t_20211017_4279140_1,226480390#1_1,-888762367#0_1,truck,199.0,1892.1,30.0,0.0,79.67,200.0,1892.1,24.0,0.0,64.03,,,139.760718,35.839953
t_20211017_4086296_1,102695201#1_1,47359172#1_1,DEFAULT_VEHTYPE,185.0,1721.45,40.0,0.0,72.83,182.0,1721.45,44.0,0.0,79.66,139.708551,35.796489,139.717663,35.803467
t_20211017_2991090_1,1097425650#2_1,-199575555#3_1,DEFAULT_VEHTYPE,89.0,872.36,14.0,0.0,35.41,148.0,872.3,57.0,0.0,78.76,139.792567,35.882005,139.791668,35.875402
t_20211024_4411919_1,-102695241#0_1,-100827870#1_1,DEFAULT_VEHTYPE,208.0,1693.74,44.0,0.0,105.78,225.0,1693.74,35.0,0.0,85.87,139.698212,35.801073,139.696969,35.80417
t_20211107_3353545_1,967414938_0,370061949#1_1,DEFAULT_VEHTYPE,135.0,834.0,51.0,0.0,71.66,133.0,834.0,60.0,0.0,83.07,139.725363,35.792971,139.725488,35.792935
t_20211017_2442124_1,-102695241#0_1,128008526#1_1,DEFAULT_VEHTYPE,88.0,916.87,0.0,0.0,26.44,86.0,916.87,0.0,0.0,13.59,139.698212,35.801073,,
t_20211031_2320018_1,120956713#0_1,120955715_1,DEFAULT_VEHTYPE,88.0,831.73,0.0,0.0,11.76,81.0,831.73,0.0,0.0,10.99,139.906718,36.009461,139.908149,36.008692
t_20211107_4754848_1,-1091810134#1_1,686779987#0_1,DEFAULT_VEHTYPE,287.0,2804.55,53.0,0.0,102.41,397.0,2804.55,105.0,0.0,164.02,139.914003,35.856489,139.914031,35.838254
t_20211024_884729_1,128008537#1_1,-223489476#1_1,DEFAULT_VEHTYPE,135.0,1262.45,26.0,0.0,49.49,129.0,1262.45,5.0,0.0,25.7,139.710244,35.79607,139.719602,35.793266
t_20211024_675873_1,-800405402#3_1,-1188207865#3_1,DEFAULT_VEHTYPE,157.0,1271.18,31.0,0.0,61.94,184.0,1271.18,25.0,0.0,51.36,139.753838,35.792382,139.742513,35.792281
t_20211031_347752_1,378317388#11_0,378317388#10_0,DEFAULT_VEHTYPE,155.0,2249.03,1.0,0.0,33.64,242.0,2249.03,49.0,0.0,79.13,139.722177,35.891248,139.722177,35.891248
t_20211024_202649_41,120273887#1_1,120273844#1_1,truck,79.0,576.73,12.0,0.0,36.44,117.0,575.57,38.0,0.0,73.97,,,139.697652,36.007235
t_20211128_4099428_1,-137028292#1_1,378376548#1_0,DEFAULT_VEHTYPE,79.0,741.13,0.0,0.0,18.07,86.0,741.13,0.0,0.0,15.1,,,139.879238,35.793018
t_20211107_1632208_1,33050698#12_1,686779987#0_1,DEFAULT_VEHTYPE,202.0,2316.35,6.0,0.0,38.84,200.0,2316.35,9.0,0.0,46.51,,,139.914031,35.838254
t_20211010_494684_3,120273887#1_1,120273844#1_1,truck,69.0,576.73,3.0,0.0,27.13,118.0,575.57,36.0,0.0,77.17,,,139.697652,36.007235
t_20211010_636964_1,137320755#2_1,30686274#23_1,DEFAULT_VEHTYPE,201.0,1652.89,35.0,0.0,71.6,212.0,1652.89,32.0,0.0,72.51,139.913039,35.9093,139.912951,35.897463
t_20211003_128557_18,120956847#1_1,-120956175#0_1,DEFAULT_VEHTYPE,197.0,2158.23,0.0,0.0,21.28,166.0,2158.23,0.0,0.0,21.85,139.881242,36.009329,139.895132,36.002561
t_20211107_4328281_1,128008526#2_1,-223489476#2_1,DEFAULT_VEHTYPE,168.0,1380.47,27.0,0.0,64.37,157.0,1380.47,14.0,0.0,55.15,139.705878,35.797526,139.716122,35.79429
t_20211128_168548_1,-31408779#12_1,624678474#3_1,DEFAULT_VEHTYPE,225.0,2543.22,0.0,0.0,28.5,223.0,2543.22,0.0,0.0,28.14,139.913511,35.890311,139.89626,35.876778
t_20211010_414509_6,-277743732#1_1,120273844#1_1,DEFAULT_VEHTYPE,68.0,577.67,7.0,0.0,22.83,115.0,577.67,27.0,0.0,64.59,,,139.697652,36.007235
t_20211024_447936_1,-120038808#11_1,-120048985#1_1,DEFAULT_VEHTYPE,223.0,2345.59,0.0,0.0,29.43,231.0,2345.59,0.0,0.0,30.54,139.912851,35.928277,139.911943,35.942818
t_20211010_1997257_6,-691260517#2_1,997814886#2_1,DEFAULT_VEHTYPE,117.0,907.2,27.0,0.0,44.97,111.0,907.2,27.0,0.0,46.31,,,139.757463,35.792432
t_20211003_311490_18,-120273844#1_1,-120273887#1_1,truck,95.0,576.36,25.0,0.0,50.06,87.0,576.36,13.0,0.0,39.45,139.697652,36.007235,,
t_20211107_479600_1,378317391#2_0,119605266#3_1,truck,250.0,3652.42,0.0,0.0,27.18,269.0,3652.42,0.0,0.0,26.09,139.707306,35.912776,,
t_20211024_3957348_1,29312691#11_1,627749909#0_1,DEFAULT_VEHTYPE,187.0,1337.4,50.0,0.0,83.65,177.0,1337.4,51.0,0.0,90.9,139.913448,35.834137,139.91366,35.84208
t_20211024_702818_9,438367202#0_0,44351425#7_0,DEFAULT_VEHTYPE,319.0,6742.83,0.0,0.0,33.65,334.0,6742.83,0.0,0.0,36.82,139.756695,35.791589,139.756136,35.790789
t_20211024_1851203_1,-162056963#6_1,-100827870#1_1,DEFAULT_VEHTYPE,140.0,1496.62,0.0,0.0,23.74,140.0,1496.62,0.0,0.0,26.69,139.696625,35.816038,139.696969,35.80417
t_20211024_2812376_1,-102695241#0_1,-223489476#2_1,DEFAULT_VEHTYPE,236.0,2042.4,50.0,0.0,88.7,232.0,2042.4,41.0,0.0,104.88,139.698212,35.801073,139.716122,35.79429
t_20211003_2243831_1,28185104#3_1,437343025#5_1,DEFAULT_VEHTYPE,80.0,821.77,0.0,0.0,12.67,71.0,821.77,6.0,0.0,20.42,139.751724,35.977786,,
t_20211031_4826882_1,233696887#1_1,233696887#0_1,DEFAULT_VEHTYPE,51.0,551.33,0.0,0.0,11.77,61.0,551.33,0.0,0.0,11.06,139.694946,35.908973,139.694946,35.908973
t_20211114_4869217_1,-130281026#32_1,133720488#6_1,DEFAULT_VEHTYPE,255.0,2090.84,13.0,0.0,71.82,259.0,2090.84,26.0,0.0,77.24,139.913412,35.91422,139.913516,35.899096
t_20211024_1232620_1,237521194#2_1,615443797#5_2,DEFAULT_VEHTYPE,145.0,1797.88,0.0,0.0,26.0,158.0,1797.88,0.0,0.0,26.15,139.907678,35.819293,139.895425,35.817722
t_20211017_3170883_1,-123548120_1,-123548220#3_1,DEFAULT_VEHTYPE,160.0,1805.4,0.0,0.0,29.7,150.0,1805.4,12.0,0.0,40.0,139.802445,35.866813,,
t_20211017_3075538_1,426156937#0_1,-426156937#0_1,truck,133.0,1807.67,0.0,0.0,18.55,131.0,1807.67,0.0,0.0,16.63,139.91074,35.988906,139.91074,35.988906
t_20211024_784622_1,-859955135#1_1,-717098951_1,DEFAULT_VEHTYPE,290.0,2398.54,89.0,0.0,126.23,197.0,2396.32,14.0,0.0,50.34,139.818855,35.866395,139.804659,35.87708
t_20211128_93257_1,605105364#3_1,233696887#1_1,DEFAULT_VEHTYPE,56.0,541.62,3.0,0.0,16.32,54.0,541.62,3.0,0.0,16.14,139.695004,35.908113,139.694932,35.908121
t_20211010_3622507_1,128008502#1_1,102695241#0_1,DEFAULT_VEHTYPE,151.0,1083.25,36.0,0.0,51.27,146.0,1083.25,37.0,0.0,52.41,139.707402,35.796888,139.698212,35.801073
t_20211003_960015_3,-156953315#3_1,-157076677#3_1,truck,248.0,2896.55,0.0,0.0,44.06,251.0,2896.55,0.0,0.0,40.24,139.76768,36.00834,139.779534,36.007298
t_20211031_3534048_1,-378420713_1,277743732#1_1,DEFAULT_VEHTYPE,222.0,2516.4,2.0,0.0,44.44,217.0,2516.4,14.0,0.0,49.39,139.71594,36.007906,,
t_20211024_2008431_1,-137066379#4_1,995974549#5_1,DEFAULT_VEHTYPE,187.0,1702.42,23.0,0.0,53.46,147.0,1702.42,1.0,0.0,31.42,139.913107,35.88086,,
t_20211114_1055985_20,-22748930#0_1,668208394#14_1,DEFAULT_VEHTYPE,176.0,1423.7,30.0,0.0,52.28,167.0,1423.7,37.0,0.0,60.37,139.91424,35.811726,139.914448,35.822827
t_20211003_367062_1,248174349_0,243877276#1_1,truck,69.0,663.63,0.0,0.0,22.86,71.0,663.63,0.0,0.0,24.19,139.693765,35.845376,139.693832,35.845174
t_20211010_4279047_2,-120273844#1_1,-120273887#1_1,DEFAULT_VEHTYPE,56.0,576.83,0.0,0.0,13.69,73.0,578.46,4.0,0.0,28.19,139.697652,36.007235,,
t_20211024_3911523_1,846888239#0_0,43992701#2_0,DEFAULT_VEHTYPE,257.0,4776.53,0.0,0.0,33.81,269.0,4776.53,0.0,0.0,35.57,139.826026,35.783091,139.827324,35.787478
t_20211031_916622_1,233696887#1_1,233696887#0_1,DEFAULT_VEHTYPE,52.0,551.33,0.0,0.0,10.98,55.0,551.33,0.0,0.0,11.37,139.694946,35.908973,139.694946,35.908973
t_20211003_2019258_1,-102170437#21_1,-101977326#17_1,DEFAULT_VEHTYPE,286.0,2400.2,81.0,0.0,137.55,283.0,2400.2,72.0,0.0,122.41,139.810887,35.793071,139.78991,35.792849
t_20211121_3665646_1,892353065_0,43419654#0_1,DEFAULT_VEHTYPE,210.0,3038.94,23.0,0.0,40.9,311.0,3038.94,81.0,0.0,111.56,,,,
t_20211114_614538_24,1189930720_0,1191434222_0,DEFAULT_VEHTYPE,180.0,1882.12,19.0,0.0,39.75,165.0,1882.12,24.0,0.0,46.68,139.83986,35.996108,139.839867,35.996031
t_20211010_4412584_1,1188207865#3_1,-1019666874#3_1,DEFAULT_VEHTYPE,230.0,1309.29,89.0,0.0,132.14,231.0,1309.29,86.0,0.0,125.13,139.742513,35.792281,139.752097,35.792304
t_20211128_2438095_3,-102981406#1_1,243877276#1_1,DEFAULT_VEHTYPE,324.0,2438.95,104.0,0.0,155.31,329.0,2438.95,94.0,0.0,145.54,139.695949,35.860351,139.693832,35.845174
t_20211128_161056_1,102695201#0_1,-223489476#1_1,DEFAULT_VEHTYPE,170.0,1609.2,23.0,0.0,60.12,167.0,1609.2,4.0,0.0,33.35,139.707391,35.79686,139.719602,35.793266
t_20211031_1105490_1,124963612#5_1,124963627#0_1,DEFAULT_VEHTYPE,101.0,1224.01,0.0,0.0,19.35,142.0,1224.01,0.0,0.0,18.55,139.696068,35.873972,139.696168,35.882686
t_20211024_983862_1,233696887#1_1,233696887#0_1,DEFAULT_VEHTYPE,57.0,551.33,0.0,0.0,17.65,57.0,551.33,0.0,0.0,11.23,139.694946,35.908973,139.694946,35.908973
t_20211128_277298_64,-277743732#1_1,120273844#1_1,DEFAULT_VEHTYPE,55.0,577.67,0.0,0.0,8.09,84.0,577.67,9.0,0.0,48.19,,,139.697652,36.007235
t_20211003_103714_1,223489476#1_1,-223489476#1_1,truck,176.0,1496.74,26.0,0.0,67.15,167.0,1496.74,12.0,0.0,64.74,139.719602,35.793266,139.719602,35.793266
t_20211017_326881_1,-819169272#4_1,-137066290#0_1,DEFAULT_VEHTYPE,171.0,2024.11,2.0,0.0,47.74,234.0,2024.11,42.0,0.0,107.44,139.913706,35.874443,139.913189,35.88487
t_20211128_367081_1,-229484052#7_1,-120112431#8_1,DEFAULT_VEHTYPE,166.0,1236.61,50.0,0.0,78.98,164.0,1236.61,53.0,0.0,82.36,139.822022,35.802868,,
t_20211114_223983_5,180099700#0_1,127199105#5_1,DEFAULT_VEHTYPE,202.0,1593.24,46.0,0.0,83.98,191.0,1561.61,47.0,0.0,74.45,,,139.696425,35.823026
t_20211107_102288_1,-165303212_1,137028292#1_1,DEFAULT_VEHTYPE,178.0,2327.14,0.0,0.0,20.54,261.0,2327.14,38.0,0.0,84.28,139.894811,35.793311,,
t_20211003_4520714_1,-120955758#9_1,120955758#9_1,DEFAULT_VEHTYPE,114.0,1105.49,4.0,0.0,25.84,166.0,1105.49,37.0,0.0,62.48,139.89389,36.009312,139.89389,36.009312
t_20211017_1025194_1,-837339689#0_1,651495784#7_0,DEFAULT_VEHTYPE,340.0,2077.18,175.0,0.0,223.11,351.0,2077.18,175.0,0.0,224.92,139.717348,35.948834,139.696732,35.942078
t_20211017_3861999_1,-102695241#0_1,-223489476#2_1,DEFAULT_VEHTYPE,249.0,2042.4,40.0,0.0,84.51,259.0,2042.4,38.0,0.0,95.9,139.698212,35.801073,139.716122,35.79429
t_20211024_4317174_2,-819169272#4_1,-137066290#0_1,DEFAULT_VEHTYPE,173.0,2024.11,0.0,0.0,31.24,237.0,2024.11,39.0,0.0,77.92,139.913706,35.874443,139.913189,35.88487
t_20211017_4496223_1,-229484052#21_1,-128195429#5_1,DEFAULT_VEHTYPE,151.0,1062.5,53.0,0.0,73.29,242.0,1062.5,130.0,0.0,160.9,139.828044,35.807693,139.828583,35.799417
t_20211010_2087693_1,89200115#6_1,119308846_1,DEFAULT_VEHTYPE,119.0,1387.12,0.0,0.0,21.47,119.0,1387.12,1.0,0.0,22.46,139.731471,35.998197,,
t_20211121_835859_1,605105364#3_1,233696887#1_1,DEFAULT_VEHTYPE,51.0,541.62,0.0,0.0,11.02,50.0,541.62,0.0,0.0,11.48,139.695004,35.908113,139.694932,35.908121
t_20211121_2790983_1,-473977955#6_1,133720488#6_1,DEFAULT_VEHTYPE,167.0,1323.2,40.0,0.0,68.55,167.0,1323.2,43.0,0.0,70.38,139.913646,35.890019,139.913516,35.899096
t_20211010_827060_2,223489476#1_1,-223489476#1_1,truck,161.0,1496.74,14.0,0.0,46.23,160.0,1496.74,17.0,0.0,53.37,139.719602,35.793266,139.719602,35.793266
t_20211107_804635_1,79312649#2_1,-79312649#2_1,DEFAULT_VEHTYPE,73.0,633.34,0.0,0.0,15.06,78.0,633.34,0.0,0.0,16.07,,,,
t_20211031_2824710_29,-627750917#12_1,686779987#0_1,DEFAULT_VEHTYPE,78.0,942.46,0.0,0.0,15.2,88.0,942.46,0.0,0.0,16.47,139.91365,35.843362,139.914031,35.838254
t_20211010_2405428_1,119329478_1,-886383893#8_1,DEFAULT_VEHTYPE,203.0,2098.52,23.0,0.0,59.03,294.0,2098.52,98.0,0.0,137.17,,,139.739733,35.987445
t_20211114_1803082_6,-33050698#11_1,819169272#4_1,DEFAULT_VEHTYPE,369.0,3791.59,55.0,0.0,113.19,392.0,3791.59,39.0,0.0,88.17,139.913929,35.85198,139.913706,35.874443
t_20211017_3504351_1,-1000026116#0_1,119614996#6_1,DEFAULT_VEHTYPE,298.0,2237.11,96.0,0.0,145.6,297.0,2237.11,114.0,0.0,164.63,139.694132,35.949071,139.694231,35.966647
t_20211010_392608_1,128008537#1_1,-223489476#1_1,truck,118.0,1260.35,2.0,0.0,34.75,133.0,1260.35,3.0,0.0,33.68,139.710244,35.79607,139.719602,35.793266
t_20211003_232131_77,-277743732#1_1,120273844#1_1,truck,57.0,575.57,0.0,0.0,15.54,79.0,575.57,8.0,0.0,33.43,,,139.697652,36.007235
t_20211128_4251468_1,737522149#1_1,312362938#25_0,DEFAULT_VEHTYPE,329.0,2271.98,158.0,0.0,206.39,334.0,2271.98,127.0,0.0,177.04,139.792871,35.879293,139.773686,35.884448
t_20211010_1997271_1,-842368713#1_1,189128935#6_1,DEFAULT_VEHTYPE,157.0,1181.45,48.0,0.0,77.88,159.0,1181.45,41.0,0.0,71.82,139.702038,35.81976,139.7026,35.81564
t_20211024_654545_1,-1013421828_1,1013421828_1,DEFAULT_VEHTYPE,105.0,994.35,4.0,0.0,24.98,112.0,994.35,0.0,0.0,26.63,139.719602,35.793266,139.719602,35.793266
t_20211128_798715_1,119317028#1_1,1180047185#6_0,DEFAULT_VEHTYPE,64.0,859.36,0.0,0.0,7.87,126.0,859.36,49.0,0.0,59.34,139.788537,36.00691,139.788676,36.006973
t_20211024_424927_28,48390571#2_1,868315932_1,DEFAULT_VEHTYPE,282.0,2667.45,39.0,0.0,69.62,272.0,2667.45,52.0,0.0,82.19,139.828226,35.793098,139.831157,35.793144
t_20211024_1001201_1,967414938_0,-223489476#2_1,DEFAULT_VEHTYPE,182.0,1368.59,54.0,0.0,78.35,174.0,1368.59,55.0,0.0,84.05,139.725363,35.792971,139.716122,35.79429
t_20211031_511105_3,808277658#3_0,137028292#1_1,DEFAULT_VEHTYPE,146.0,1761.89,0.0,0.0,23.24,144.0,1761.89,0.0,0.0,23.05,139.879037,35.793062,,
t_20211128_976806_1,101977419#2_1,-120159014#3_1,DEFAULT_VEHTYPE,141.0,1231.88,16.0,0.0,45.77,134.0,1231.88,16.0,0.0,46.39,139.793346,35.792872,139.784779,35.792966
t_20211031_3231326_1,123547454_1,868228654#10_1,DEFAULT_VEHTYPE,76.0,1014.16,0.0,0.0,15.81,79.0,1014.16,0.0,0.0,15.47,139.781195,35.888225,139.774044,35.89269
t_20211017_777008_2,100827921#19_1,-100827870#1_1,truck,220.0,1534.88,50.0,0.0,97.18,173.0,1534.88,9.0,0.0,67.77,,,139.696969,35.80417
t_20211031_2300584_7,44420766#4_0,775773151_1,DEFAULT_VEHTYPE,154.0,4183.3,0.0,0.0,12.27,144.0,4183.3,0.0,0.0,11.47,139.693027,35.845145,139.73888,35.853255
t_20211121_717573_1,-277743732#1_1,120273844#1_1,DEFAULT_VEHTYPE,54.0,577.67,0.0,0.0,10.88,74.0,577.67,10.0,0.0,28.73,,,139.697652,36.007235
t_20211017_2006203_1,-102695241#0_1,-128008502#1_1,DEFAULT_VEHTYPE,123.0,1084.32,34.0,0.0,55.04,141.0,1084.32,43.0,0.0,58.39,139.698212,35.801073,139.707402,35.796888
t_20211017_2513311_1,128194491_1,229626861#3_1,DEFAULT_VEHTYPE,248.0,2245.56,44.0,0.0,90.31,246.0,2245.56,49.0,0.0,97.3,,,,
t_20211010_808614_1,74882788#28_1,-74034799#64_1,DEFAULT_VEHTYPE,118.0,805.73,33.0,0.0,53.06,116.0,814.55,36.0,0.0,57.51,139.881614,35.798552,,
t_20211003_3282658_1,53638243#2_1,-33050698#12_1,DEFAULT_VEHTYPE,263.0,2609.95,28.0,0.0,98.58,258.0,2609.95,33.0,0.0,87.6,139.914179,35.836851,,
t_20211003_488607_1,101764677#0_1,243877276#1_0,DEFAULT_VEHTYPE,378.0,2956.0,103.0,0.0,169.72,384.0,2956.0,101.0,0.0,168.33,139.696638,35.829779,139.693832,35.845174
t_20211031_2256791_5,-119615131#0_1,119605145#7_1,DEFAULT_VEHTYPE,301.0,3169.22,28.0,0.0,94.26,390.0,3169.22,103.0,0.0,174.33,139.694109,35.960774,139.694712,35.93963
t_20211128_996172_1,-668208394#14_1,668208394#14_1,DEFAULT_VEHTYPE,107.0,586.13,43.0,0.0,58.6,106.0,586.13,44.0,0.0,59.96,139.914448,35.822827,139.914448,35.822827
t_20211107_3655029_1,934904316#0_1,842368685#10_1,DEFAULT_VEHTYPE,375.0,2623.74,185.0,0.0,241.51,377.0,2623.74,171.0,0.0,229.88,,,,
t_20211017_2745498_1,-67005283#6_1,75947017#3_1,DEFAULT_VEHTYPE,284.0,3119.53,50.0,0.0,96.48,292.0,3119.53,41.0,0.0,87.84,139.882184,35.846064,139.855357,35.859889
t_20211024_715797_22,729769744#20_1,34049070#6_1,DEFAULT_VEHTYPE,91.0,1048.39,0.0,0.0,13.13,108.0,1048.39,0.0,0.0,14.69,139.913777,35.794618,139.914024,35.799262
t_20211121_735520_1,43419655#8_1,176920625#0_2,DEFAULT_VEHTYPE,95.0,800.08,22.0,0.0,44.94,97.0,800.08,16.0,0.0,38.1,139.726524,35.864474,139.71801,35.862127
t_20211128_2456327_1,-934904316#7_1,-97209940#5_1,DEFAULT_VEHTYPE,161.0,1299.59,54.0,0.0,84.72,150.0,1299.59,64.0,0.0,94.63,139.708974,35.818749,,
t_20211031_722458_1,43419655#2_1,176920625#0_1,DEFAULT_VEHTYPE,178.0,1207.36,60.0,0.0,93.32,175.0,1207.36,76.0,0.0,104.93,139.730963,35.86495,139.71801,35.862127
t_20211031_1019604_4,593046492#0_0,593046492#1_1,DEFAULT_VEHTYPE,214.0,6345.54,0.0,0.0,11.63,234.0,6345.54,0.0,0.0,11.69,139.895999,35.767126,139.873536,35.820282
t_20211107_2152518_1,-102695241#0_1,-100827870#1_1,DEFAULT_VEHTYPE,196.0,1693.74,35.0,0.0,66.49,191.0,1693.74,35.0,0.0,67.36,139.698212,35.801073,139.696969,35.80417
t_20211121_4488643_1,-102695241#0_1,-100827870#1_1,DEFAULT_VEHTYPE,162.0,1693.74,9.0,0.0,49.23,158.0,1693.74,7.0,0.0,38.16,139.698212,35.801073,139.696969,35.80417
t_20211003_1201805_1,-120273844#1_1,-120273887#0_1,DEFAULT_VEHTYPE,67.0,630.81,4.0,0.0,20.9,63.0,632.44,0.0,0.0,9.3,139.697652,36.007235,139.693573,36.004036
t_20211003_519100_9,-120273844#1_1,-120273887#1_1,truck,68.0,574.73,1.0,0.0,24.8,62.0,576.36,0.0,0.0,16.94,139.697652,36.007235,,
t_20211024_397609_1,137320755#2_1,-133720482#5_1,DEFAULT_VEHTYPE,275.0,2253.29,5.0,0.0,53.41,274.0,2253.29,22.0,0.0,71.71,139.913039,35.9093,139.913553,35.893046
t_20211017_780463_2,28187775#2_1,480972620#1_1,DEFAULT_VEHTYPE,228.0,2317.56,48.0,0.0,83.49,227.0,2317.56,50.0,0.0,84.53,139.787478,35.84845,139.810496,35.850922
t_20211031_596258_6,-321107542#1_1,321107542#1_1,DEFAULT_VEHTYPE,153.0,1981.38,0.0,0.0,14.59,159.0,1981.38,0.0,0.0,15.37,139.90203,35.71622,139.90203,35.71622
t_20211121_2811397_5,491244288_0,997814886#2_1,DEFAULT_VEHTYPE,124.0,1181.08,20.0,0.0,41.26,135.0,1181.08,24.0,0.0,48.25,139.756695,35.791589,139.757463,35.792432
t_20211017_2265010_1,-58473437#28_1,121061586#1_1,DEFAULT_VEHTYPE,102.0,860.61,28.0,0.0,46.8,105.0,860.61,28.0,0.0,46.09,139.720133,36.007946,139.722044,36.007777
t_20211003_865728_3,-120273844#1_1,-120273887#1_1,truck,65.0,574.73,0.0,0.0,20.14,60.0,576.36,0.0,0.0,17.59,139.697652,36.007235,,
t_20211010_4246399_1,378317388#5_0,-479943829_1,DEFAULT_VEHTYPE,179.0,1294.25,45.0,0.0,64.93,113.0,1294.25,0.0,0.0,14.67,139.715346,35.899711,,
t_20211114_3848066_1,438367202#0_0,44351425#7_0,DEFAULT_VEHTYPE,313.0,6742.83,0.0,0.0,37.68,319.0,6742.83,0.0,0.0,35.54,139.756695,35.791589,139.756136,35.790789
t_20211003_197994_1,-277743732#1_1,120273844#1_1,truck,60.0,575.57,0.0,0.0,16.62,61.0,575.09,0.0,0.0,16.22,,,139.697652,36.007235
t_20211003_161375_2,-101187781#3_1,-100827870#1_1,DEFAULT_VEHTYPE,178.0,1279.97,34.0,0.0,61.72,164.0,1279.97,37.0,0.0,71.2,139.696799,35.814296,139.696969,35.80417
t_20211107_4141210_1,101187652_1,288132112#1_0,DEFAULT_VEHTYPE,420.0,3216.86,146.0,0.0,197.16,418.0,3216.86,153.0,0.0,203.68,139.731037,35.796059,139.738015,35.822946
t_20211121_4493160_4,223489476#2_1,-128008526#2_1,DEFAULT_VEHTYPE,144.0,1386.88,4.0,0.0,31.52,144.0,1386.88,19.0,0.0,53.31,139.716122,35.79429,139.705878,35.797526
t_20211031_937097_1,-101641329#0_1,243877276#1_1,truck,216.0,1541.73,50.0,0.0,106.26,216.0,1541.73,50.0,0.0,104.86,139.695188,35.853788,139.693832,35.845174
t_20211107_128987_13,-277743732#1_1,120273844#1_1,truck,60.0,575.57,0.0,0.0,16.87,60.0,575.09,0.0,0.0,17.47,,,139.697652,36.007235
t_20211107_261631_1,-119615129#2_1,119615131#0_1,truck,261.0,2000.94,58.0,0.0,121.5,260.0,2000.94,54.0,0.0,117.86,,,139.694109,35.960774
t_20211107_477350_1,1187850210_1,119316977#1_1,DEFAULT_VEHTYPE,67.0,642.1,0.0,0.0,10.86,66.0,642.1,0.0,0.0,10.87,,,139.792379,36.006823
t_20211010_884643_61,223489476#1_1,-100827870#1_1,truck,408.0,3216.85,106.0,0.0,202.67,407.0,3216.85,105.0,0.0,199.53,139.719602,35.793266,139.696969,35.80417
t_20211003_1042364_1,564369142#10_1,-564369142#10_1,DEFAULT_VEHTYPE,189.0,1549.92,27.0,0.0,60.01,185.0,1549.92,43.0,0.0,83.38,139.911426,35.94648,139.911426,35.94648
t_20211121_4419257_1,799361047#8_1,120046111#2_1,DEFAULT_VEHTYPE,131.0,1609.9,26.0,0.0,45.68,223.0,1609.9,90.0,0.0,125.95,139.866723,35.951476,139.864907,35.939695
t_20211114_1204863_3,223489476#2_1,-102695201#1_1,DEFAULT_VEHTYPE,105.0,1157.98,0.0,0.0,22.0,104.0,1157.98,0.0,0.0,20.38,139.716122,35.79429,139.708551,35.796489
t_20211017_463743_2,-277743732#1_1,120273844#1_1,DEFAULT_VEHTYPE,57.0,577.67,0.0,0.0,15.45,60.0,577.19,0.0,0.0,13.86,,,139.697652,36.007235
t_20211010_1114479_4,-120273844#1_1,-120273887#1_1,truck,57.0,574.73,0.0,0.0,13.96,65.0,576.36,2.0,0.0,21.9,139.697652,36.007235,,
t_20211010_897303_1,426156937#0_1,120955715_1,DEFAULT_VEHTYPE,286.0,3204.51,42.0,0.0,86.02,296.0,3204.51,38.0,0.0,86.9,139.91074,35.988906,139.908149,36.008692
t_20211128_4286542_1,128008502#1_1,102695241#0_1,DEFAULT_VEHTYPE,152.0,1083.25,35.0,0.0,75.55,129.0,1083.25,40.0,0.0,54.16,139.707402,35.796888,139.698212,35.801073
t_20211121_4946996_1,622670657#3_1,672860114#0_1,DEFAULT_VEHTYPE,125.0,909.11,32.0,0.0,48.46,122.0,909.11,31.0,0.0,49.95,139.905878,35.814374,139.90232,35.809801
t_20211114_3805189_1,248174349_0,243877276#1_1,DEFAULT_VEHTYPE,130.0,632.69,52.0,0.0,79.88,130.0,632.69,54.0,0.0,79.74,139.693765,35.845376,139.693832,35.845174
t_20211010_1034554_1,651472811#15_1,-119617353#0_1,DEFAULT_VEHTYPE,267.0,3057.68,70.0,0.0,111.2,278.0,3057.68,54.0,0.0,92.7,139.724477,35.963111,139.698421,35.947414
t_20211017_2149923_1,248174349_0,243877276#1_1,DEFAULT_VEHTYPE,129.0,632.69,50.0,0.0,81.49,125.0,632.69,46.0,0.0,77.46,139.693765,35.845376,139.693832,35.845174
t_20211024_1459719_3,491244288_0,-210352172#44_1,DEFAULT_VEHTYPE,423.0,3122.59,123.0,0.0,200.77,419.0,3122.59,136.0,0.0,206.9,139.756695,35.791589,139.788359,35.795707
t_20211128_791797_1,846888239#0_0,43992701#2_1,DEFAULT_VEHTYPE,326.0,4776.53,39.0,0.0,77.06,315.0,4776.53,43.0,0.0,78.51,139.826026,35.783091,139.827324,35.787478
t_20211031_604725_7,223489476#2_1,102695241#0_1,DEFAULT_VEHTYPE,244.0,2043.16,39.0,0.0,75.42,248.0,2155.29,50.0,0.0,107.39,139.716122,35.79429,139.698212,35.801073
t_20211010_826269_1,846888239#0_0,43992701#2_0,DEFAULT_VEHTYPE,342.0,4776.53,43.0,0.0,76.58,258.0,4776.53,0.0,0.0,45.83,139.826026,35.783091,139.827324,35.787478
t_20211114_225595_4,223489476#1_1,102695241#0_1,DEFAULT_VEHTYPE,265.0,2387.99,36.0,0.0,81.95,270.0,2500.12,47.0,0.0,118.65,139.719602,35.793266,139.698212,35.801073
t_20211031_356779_1,-1302710118#0_1,-133720496#12_1,truck,156.0,1246.86,52.0,0.0,75.54,154.0,1246.86,56.0,0.0,79.07,139.892346,35.897459,139.892755,35.907092
t_20211003_1926664_1,248174349_0,243877276#1_1,DEFAULT_VEHTYPE,130.0,632.69,44.0,0.0,75.35,124.0,632.69,43.0,0.0,78.12,139.693765,35.845376,139.693832,35.845174
t_20211003_3098967_4,-120955758#9_1,-120956297_1,DEFAULT_VEHTYPE,160.0,1320.2,42.0,0.0,59.96,98.0,1320.2,0.0,0.0,14.3,139.89389,36.009312,139.906718,36.009461
t_20211017_1017675_1,248174349_0,243877276#1_1,DEFAULT_VEHTYPE,121.0,632.69,49.0,0.0,80.23,125.0,632.69,43.0,0.0,79.03,139.693765,35.845376,139.693832,35.845174
t_20211017_373389_1,223489476#1_1,-100827870#1_1,truck,386.0,3216.85,81.0,0.0,171.31,384.0,3216.85,88.0,0.0,185.96,139.719602,35.793266,139.696969,35.80417
t_20211114_3014255_1,846888239#0_0,890891591#0_1,DEFAULT_VEHTYPE,360.0,4630.38,65.0,0.0,125.69,356.0,4630.38,81.0,0.0,135.47,139.826026,35.783091,139.834723,35.821399
t_20211017_514954_1,30065931#8_1,-475445327#1_1,DEFAULT_VEHTYPE,106.0,1147.25,0.0,0.0,14.99,91.0,1147.25,0.0,0.0,14.56,139.863447,35.94211,,
t_20211031_4026676_1,603969984#2_1,-120112431#8_1,truck,290.0,2067.86,97.0,0.0,149.83,290.0,2067.86,90.0,0.0,143.42,139.836228,35.806391,,
t_20211114_614538_27,359839964_0,651370142#1_0,DEFAULT_VEHTYPE,140.0,1108.99,36.0,0.0,65.28,139.0,1108.99,34.0,0.0,68.79,139.816613,35.990183,139.816557,35.99025
t_20211010_1568125_1,846888239#0_0,43992701#2_1,DEFAULT_VEHTYPE,231.0,4776.53,0.0,0.0,41.08,311.0,4776.53,18.0,0.0,54.88,139.826026,35.783091,139.827324,35.787478
t_20211010_3321563_14,-1013421828_1,1013421828_1,DEFAULT_VEHTYPE,105.0,994.35,0.0,0.0,25.18,113.0,994.35,0.0,0.0,16.09,139.719602,35.793266,139.719602,35.793266
t_20211024_711755_1,120956713#0_1,120955715_1,DEFAULT_VEHTYPE,81.0,831.73,0.0,0.0,10.77,95.0,831.73,0.0,0.0,11.63,139.906718,36.009461,139.908149,36.008692
t_20211031_4821170_1,-33050698#11_1,1091810134#1_1,DEFAULT_VEHTYPE,77.0,881.03,0.0,0.0,15.19,78.0,881.03,0.0,0.0,15.47,139.913929,35.85198,139.914003,35.856489
t_20211024_166261_1,120273887#1_1,798745729#4_1,DEFAULT_VEHTYPE,173.0,789.48,88.0,0.0,114.18,180.0,782.7,65.0,0.0,126.88,,,139.698405,36.007575
t_20211128_3394638_1,120956297_1,-120956297_1,DEFAULT_VEHTYPE,153.0,849.38,51.0,0.0,79.5,145.0,849.38,55.0,0.0,85.33,139.906718,36.009461,139.906718,36.009461
t_20211017_164904_1,378600191#0_1,58473437#28_1,DEFAULT_VEHTYPE,399.0,3302.26,85.0,0.0,151.69,377.0,3302.26,134.0,0.0,198.17,139.741346,36.008226,139.720133,36.007946
t_20211114_4166255_1,-837494255#10_1,-651473924#3_1,DEFAULT_VEHTYPE,296.0,3553.99,19.0,0.0,71.41,294.0,3553.99,23.0,0.0,78.86,139.759511,35.947403,139.733548,35.961585
t_20211024_350091_1,120273887#1_1,798745729#4_1,DEFAULT_VEHTYPE,171.0,789.48,86.0,0.0,115.11,245.0,770.06,101.0,0.0,165.17,,,139.698405,36.007575
t_20211121_1725058_1,120956847#1_1,-120956847#1_1,DEFAULT_VEHTYPE,78.0,652.04,0.0,0.0,13.2,63.0,652.04,0.0,0.0,14.17,139.881242,36.009329,139.881242,36.009329
t_20211128_705078_1,-277743732#1_1,120273844#1_1,DEFAULT_VEHTYPE,60.0,577.67,0.0,0.0,10.12,62.0,577.67,0.0,0.0,9.56,,,139.697652,36.007235
t_20211121_3142486_3,378600191#0_1,58473437#28_1,DEFAULT_VEHTYPE,395.0,3302.26,84.0,0.0,207.3,375.0,3302.26,101.0,0.0,167.44,139.741346,36.008226,139.720133,36.007946
t_20211128_788519_6,248174349_0,243877276#1_1,DEFAULT_VEHTYPE,126.0,632.69,42.0,0.0,73.73,130.0,632.69,40.0,0.0,80.63,139.693765,35.845376,139.693832,35.845174
t_20211121_1851153_1,-802330451#19_1,-312592560#6_0,DEFAULT_VEHTYPE,161.0,1638.6,22.0,0.0,45.36,157.0,1638.6,22.0,0.0,47.66,139.760772,35.895318,139.744544,35.891584
t_20211017_1198542_1,763210011#2_0,-633218712_1,DEFAULT_VEHTYPE,134.0,1471.86,0.0,0.0,16.02,119.0,1471.86,0.0,0.0,15.76,139.733853,35.854174,139.73379,35.850991
t_20211107_3056771_1,1169288440_1,798745729#4_1,DEFAULT_VEHTYPE,283.0,1884.74,92.0,0.0,140.53,288.0,1884.74,103.0,0.0,156.28,139.693753,35.994726,139.698405,36.007575
t_20211017_4199664_1,165048601#2_1,44351425#7_0,DEFAULT_VEHTYPE,425.0,5502.72,98.0,0.0,149.52,456.0,5502.72,73.0,0.0,130.25,139.78129,35.826053,139.756136,35.790789
t_20211107_268261_1,-732836013#1_1,-80093887_1,DEFAULT_VEHTYPE,388.0,3492.27,110.0,0.0,175.69,387.0,3492.27,116.0,0.0,174.91,139.833667,35.846075,139.86097,35.834141
t_20211017_1396136_4,-120261508_1,798745729#4_1,DEFAULT_VEHTYPE,294.0,2229.42,88.0,0.0,159.94,358.0,2229.42,137.0,0.0,200.28,139.69421,35.990354,139.698405,36.007575
t_20211003_259966_1,-120046222_1,-120045382_1,DEFAULT_VEHTYPE,193.0,1999.18,38.0,0.0,66.42,187.0,1999.18,36.0,0.0,61.53,139.83449,36.008121,139.828937,35.996842
t_20211010_3589306_1,128008502#1_1,102695241#0_1,DEFAULT_VEHTYPE,111.0,1083.25,0.0,0.0,10.98,109.0,1083.25,0.0,0.0,10.31,139.707402,35.796888,139.698212,35.801073
t_20211128_2057102_1,-120162123#1_1,-102695201#0_1,DEFAULT_VEHTYPE,304.0,2679.29,43.0,0.0,91.37,278.0,2679.29,58.0,0.0,98.94,139.732414,35.792314,139.707391,35.79686
t_20211024_1066325_1,1149389052#4_0,672267591_1,DEFAULT_VEHTYPE,302.0,3721.78,28.0,0.0,56.81,300.0,3721.78,42.0,0.0,75.42,,,139.830285,35.848984
t_20211107_277456_1,120273887#1_1,120273844#1_1,truck,60.0,575.09,0.0,0.0,16.3,55.0,575.09,0.0,0.0,15.23,,,139.697652,36.007235
t_20211017_595381_1,-119605145#7_1,-119607721#4_1,DEFAULT_VEHTYPE,119.0,1407.95,0.0,0.0,15.36,109.0,1407.95,1.0,0.0,20.24,139.694712,35.93963,139.694952,35.930509
t_20211024_2108556_30,-120112478#2_1,-56409286#2_1,DEFAULT_VEHTYPE,340.0,2709.88,90.0,0.0,154.87,304.0,2709.88,52.0,0.0,107.82,139.82347,35.793004,139.798006,35.792833
t_20211024_2215603_1,651184348#4_0,-783800520#0_1,truck,199.0,1778.01,36.0,0.0,68.19,200.0,1778.01,35.0,0.0,69.38,139.903541,35.928892,139.911965,35.938245
t_20211128_243922_1,-102422702#0_1,228024299#1_1,DEFAULT_VEHTYPE,113.0,939.35,33.0,0.0,48.96,122.0,939.35,29.0,0.0,47.31,139.794447,35.853544,139.799581,35.848271
t_20211114_479516_1,-49249574#5_1,1091810134#1_1,DEFAULT_VEHTYPE,184.0,1947.88,14.0,0.0,45.68,278.0,1947.88,72.0,0.0,113.33,139.913841,35.843489,139.914003,35.856489
t_20211107_4068354_1,479943852#2_1,479943852#1_1,DEFAULT_VEHTYPE,136.0,1343.1,0.0,0.0,21.37,141.0,1343.1,0.0,0.0,20.37,139.730171,35.898381,139.730171,35.898381
t_20211010_4618848_1,326224748#3_1,119605145#7_1,DEFAULT_VEHTYPE,124.0,1104.79,0.0,0.0,23.38,109.0,1104.79,0.0,0.0,24.33,,,139.694712,35.93963
t_20211031_1256623_1,102299703#5_1,797365203#17_0,truck,447.0,3741.72,129.0,0.0,212.19,448.0,3741.72,122.0,0.0,208.31,,,,
t_20211003_308405_23,-120273844#1_1,-120273887#1_1,truck,60.0,574.73,0.0,0.0,15.19,59.0,574.73,0.0,0.0,14.57,139.697652,36.007235,,
t_20211024_1073362_9,-102695241#0_1,-223489476#2_1,DEFAULT_VEHTYPE,269.0,2042.4,67.0,0.0,119.95,270.0,2042.4,69.0,0.0,129.89,139.698212,35.801073,139.716122,35.79429
t_20211121_2275340_4,-124963628#11_1,124963627#0_1,DEFAULT_VEHTYPE,95.0,929.76,0.0,0.0,13.12,80.0,929.76,0.0,0.0,11.91,139.696028,35.876271,139.696168,35.882686
t_20211024_4432923_4,229626862#0_1,-128194587_1,DEFAULT_VEHTYPE,370.0,2685.06,79.0,0.0,129.34,373.0,2685.06,81.0,0.0,132.82,139.842889,35.793269,139.855104,35.793514
t_20211017_444503_1,225071063#0_1,1144278747#0_1,DEFAULT_VEHTYPE,348.0,2758.61,127.0,0.0,171.72,204.0,2758.61,8.0,0.0,42.81,,,139.723807,35.844793
t_20211017_4265534_1,386247276#5_1,-254125378#17_1,DEFAULT_VEHTYPE,84.0,1186.14,0.0,0.0,19.34,83.0,1186.14,0.0,0.0,19.71,139.739528,35.827853,,
t_20211107_188123_1,378600191#0_1,-58473437#19_1,DEFAULT_VEHTYPE,366.0,3499.27,46.0,0.0,131.5,344.0,3499.27,63.0,0.0,138.49,139.741346,36.008226,,
t_20211031_1615390_1,137065768#1_1,133720488#6_1,DEFAULT_VEHTYPE,259.0,1754.09,78.0,0.0,123.37,260.0,1754.09,74.0,0.0,120.15,139.913605,35.8896,139.913516,35.899096
t_20211010_968960_1,-162056963#6_1,100827914#1_1,truck,219.0,1826.79,47.0,0.0,93.85,218.0,1826.79,46.0,0.0,97.79,139.696625,35.816038,139.697503,35.805767
t_20211114_4287021_1,763210011#1_0,-936564017#3_1,DEFAULT_VEHTYPE,218.0,2265.37,45.0,0.0,78.46,219.0,2265.37,45.0,0.0,75.86,139.733825,35.853265,139.733872,35.842571
t_20211017_192494_1,-102695241#0_1,-223489476#1_1,DEFAULT_VEHTYPE,341.0,2378.88,102.0,0.0,157.59,284.0,2378.88,36.0,0.0,104.87,139.698212,35.801073,139.719602,35.793266
t_20211024_3288617_1,-68340319#3_1,243877276#1_0,DEFAULT_VEHTYPE,313.0,2683.43,103.0,0.0,143.71,222.0,2683.43,41.0,0.0,72.99,139.722406,35.84752,139.693832,35.845174
t_20211031_3813897_1,729769744#20_1,34049070#6_1,DEFAULT_VEHTYPE,118.0,1048.39,15.0,0.0,33.98,118.0,1048.39,20.0,0.0,39.91,139.913777,35.794618,139.914024,35.799262
t_20211024_165889_1,101764553#3_1,243877276#1_0,DEFAULT_VEHTYPE,342.0,2024.79,132.0,0.0,186.94,340.0,2024.79,148.0,0.0,206.3,139.696747,35.834576,139.693832,35.845174
t_20211107_119426_1,128186295#4_1,1149389054#1_0,DEFAULT_VEHTYPE,386.0,4604.25,66.0,0.0,98.33,387.0,4604.25,66.0,0.0,100.24,139.83202,35.848091,139.86875,35.828051
t_20211114_3269363_1,802059268#9_1,1097444026#2_1,DEFAULT_VEHTYPE,179.0,1099.33,66.0,0.0,89.29,180.0,1099.33,64.0,0.0,87.74,,,139.784022,35.895269
t_20211010_1114266_3,263171347#23_1,263171347#22_1,DEFAULT_VEHTYPE,68.0,722.26,0.0,0.0,15.77,68.0,722.26,0.0,0.0,16.02,139.749604,35.843492,139.749604,35.843492
t_20211107_193329_1,-120273844#1_1,-120273887#1_1,truck,63.0,574.73,0.0,0.0,15.47,60.0,574.73,0.0,0.0,17.0,139.697652,36.007235,,
t_20211121_2008429_1,119770963_1,-119770963_1,DEFAULT_VEHTYPE,67.0,629.14,0.0,0.0,13.38,68.0,629.14,0.0,0.0,12.93,139.695901,35.899227,139.695901,35.899227
t_20211017_4638184_1,-1184579572#2_0,-53638243#2_1,DEFAULT_VEHTYPE,431.0,3182.76,171.0,0.0,240.07,433.0,3182.76,164.0,0.0,247.03,139.884834,35.846944,139.914179,35.836851
t_20211017_3056353_1,72848061#0_1,819169272#4_1,DEFAULT_VEHTYPE,352.0,3545.53,79.0,0.0,146.58,355.0,3467.54,52.0,0.0,100.06,139.913414,35.863027,139.913706,35.874443
t_20211010_1114266_2,244247240#9_0,263171347#26_1,DEFAULT_VEHTYPE,275.0,1636.87,127.0,0.0,156.42,276.0,1636.87,123.0,0.0,157.86,139.755928,35.850801,139.741549,35.846304
t_20211107_4603934_1,971263707#1_0,-128008537#1_1,DEFAULT_VEHTYPE,444.0,3406.91,160.0,0.0,223.23,451.0,3406.91,161.0,0.0,230.43,139.7348,35.811085,139.710244,35.79607
t_20211121_4224154_1,53638243#2_1,-33050698#12_1,DEFAULT_VEHTYPE,324.0,2609.95,94.0,0.0,155.16,344.0,2609.95,88.0,0.0,136.13,139.914179,35.836851,,
t_20211107_218936_1,-102695241#0_1,-223489476#1_1,truck,319.0,2376.78,72.0,0.0,130.02,302.0,2376.78,81.0,0.0,134.9,139.698212,35.801073,139.719602,35.793266
t_20211121_4382930_1,128194491_1,229626861#3_1,DEFAULT_VEHTYPE,270.0,2245.56,66.0,0.0,109.98,273.0,2245.56,56.0,0.0,105.52,,,,
t_20211003_125463_2,911624067#1_0,-120112431#8_1,truck,350.0,2522.34,113.0,0.0,193.4,348.0,2522.34,104.0,0.0,175.23,139.802407,35.792929,,
t_20211114_386683_1,-1013421828_1,1013421828_1,DEFAULT_VEHTYPE,120.0,994.35,8.0,0.0,28.53,98.0,994.35,0.0,0.0,15.36,139.719602,35.793266,139.719602,35.793266
t_20211024_733715_1,-378420713_1,-120274340#1_1,DEFAULT_VEHTYPE,88.0,1084.96,0.0,0.0,11.49,87.0,1084.96,0.0,0.0,14.12,139.71594,36.007906,139.707019,36.007754
t_20211121_2063389_4,-120273844#1_1,-120273887#1_1,truck,57.0,576.36,0.0,0.0,16.08,61.0,574.73,0.0,0.0,19.19,139.697652,36.007235,,
t_20211031_178992_1,355105943#0_0,609841415#0_0,DEFAULT_VEHTYPE,119.0,1042.45,32.0,0.0,49.16,117.0,1042.45,35.0,0.0,51.27,139.87488,35.81595,139.876678,35.806525
t_20211017_3642197_1,128194491_1,229626861#3_1,DEFAULT_VEHTYPE,234.0,2245.56,31.0,0.0,95.8,234.0,2245.56,23.0,0.0,79.94,,,,
t_20211003_183566_1,28184603#2.78_0,28184296#12_0,DEFAULT_VEHTYPE,103.0,1412.14,0.0,0.0,14.35,111.0,1325.8,0.0,0.0,13.57,139.793415,35.97143,139.792866,35.980011
t_20211010_3591093_1,651413705#1_0,120048804#0_1,DEFAULT_VEHTYPE,452.0,4961.21,81.0,0.0,129.55,449.0,4961.21,105.0,0.0,158.46,139.77812,35.991155,139.830198,35.995492
t_20211017_165732_1,127199256#1_1,243877276#1_0,DEFAULT_VEHTYPE,384.0,3463.82,61.0,0.0,131.28,381.0,3463.82,68.0,0.0,140.43,139.696524,35.825818,139.693832,35.845174
t_20211010_3806502_1,128194491_1,229626861#3_1,DEFAULT_VEHTYPE,188.0,2245.56,0.0,0.0,52.39,189.0,2245.56,1.0,0.0,53.17,,,,
t_20211010_3494174_1,102695211#0_1,177602352#3_1,DEFAULT_VEHTYPE,64.0,783.34,0.0,0.0,12.91,64.0,783.34,0.0,0.0,13.67,,,139.720521,35.801074
t_20211114_3325792_1,-120273844#1_1,120261508_1,DEFAULT_VEHTYPE,253.0,2251.66,27.0,0.0,98.06,239.0,2251.66,24.0,0.0,82.05,139.697652,36.007235,139.69421,35.990354
t_20211003_955176_1,120042225_1,120049671#0_1,DEFAULT_VEHTYPE,211.0,2570.78,0.0,0.0,19.06,197.0,2570.78,0.0,0.0,16.67,139.879533,35.984407,139.858473,35.998866
t_20211017_3836276_1,763324771#9_1,102977602#29_1,DEFAULT_VEHTYPE,180.0,1576.04,46.0,0.0,76.89,179.0,1576.04,51.0,0.0,81.82,139.72467,35.851445,139.709193,35.850966
t_20211003_856054_1,124963612#5_1,174711144#2_1,DEFAULT_VEHTYPE,191.0,2154.65,0.0,0.0,35.83,193.0,2154.65,1.0,0.0,48.14,139.696068,35.873972,,
t_20211017_3944649_1,72848061#0_1,1091810134#1_1,DEFAULT_VEHTYPE,164.0,1086.52,63.0,0.0,91.6,168.0,1086.52,58.0,0.0,83.82,139.913414,35.863027,139.914003,35.856489
t_20211017_4926533_1,175918112#0_0,902154974#0_1,DEFAULT_VEHTYPE,222.0,1637.48,70.0,0.0,96.78,224.0,1637.48,67.0,0.0,93.7,139.728788,35.892699,139.726962,35.893768
t_20211010_802132_1,1188207865#3_1,120162123#1_1,DEFAULT_VEHTYPE,327.0,2623.65,97.0,0.0,145.23,328.0,2623.65,85.0,0.0,129.89,139.742513,35.792281,139.732414,35.792314
t_20211024_3897077_1,128008502#1_1,102695241#0_1,DEFAULT_VEHTYPE,125.0,1083.25,31.0,0.0,49.19,124.0,1083.25,34.0,0.0,49.09,139.707402,35.796888,139.698212,35.801073
t_20211114_2249757_11,-1013421828_1,1013421828_1,DEFAULT_VEHTYPE,107.0,994.35,0.0,0.0,15.96,124.0,994.35,3.0,0.0,25.25,139.719602,35.793266,139.719602,35.793266
t_20211003_544730_5,-120273844#1_1,-120273887#1_1,truck,59.0,576.36,0.0,0.0,17.35,59.0,574.73,0.0,0.0,15.51,139.697652,36.007235,,
t_20211128_4285575_1,-102695241#0_1,-100827870#1_1,DEFAULT_VEHTYPE,169.0,1693.74,15.0,0.0,46.1,169.0,1693.74,12.0,0.0,41.98,139.698212,35.801073,139.696969,35.80417
t_20211003_1134664_1,56409286#3_1,120112478#2_1,DEFAULT_VEHTYPE,323.0,2669.36,82.0,0.0,149.98,329.0,2669.36,76.0,0.0,125.72,139.798361,35.792831,139.82347,35.793004
t_20211010_167851_1,-1013421828_1,1013421828_1,DEFAULT_VEHTYPE,98.0,994.35,0.0,0.0,16.75,113.0,994.35,0.0,0.0,17.0,139.719602,35.793266,139.719602,35.793266
t_20211024_3239743_1,228025601#0_1,351768792#2_1,DEFAULT_VEHTYPE,336.0,3906.67,36.0,0.0,94.3,392.0,3906.67,59.0,0.0,112.18,,,139.825241,35.822651
t_20211017_2787764_2,-113388414_1,-113387840#26_1,DEFAULT_VEHTYPE,49.0,622.36,0.0,0.0,12.11,52.0,622.36,0.0,0.0,11.24,,,,
t_20211010_3618864_1,101764677#0_1,176922026#19_1,DEFAULT_VEHTYPE,489.0,3637.09,157.0,0.0,240.37,578.0,3637.09,231.0,0.0,325.71,139.696638,35.829779,139.700495,35.854664
t_20211121_465598_1,223489476#1_1,-102695201#1_1,DEFAULT_VEHTYPE,136.0,1502.81,0.0,0.0,22.62,133.0,1502.81,0.0,0.0,29.01,139.719602,35.793266,139.708551,35.796489
t_20211114_4499795_1,-120299285#9_1,672428421#1_2,DEFAULT_VEHTYPE,407.0,4703.58,103.0,0.0,158.99,573.0,4703.58,177.0,0.0,232.93,,,139.856127,35.849859
t_20211017_4768213_1,-102695241#0_1,-223489476#1_1,DEFAULT_VEHTYPE,288.0,2378.88,57.0,0.0,107.33,276.0,2378.88,48.0,0.0,103.49,139.698212,35.801073,139.719602,35.793266
t_20211010_3604042_1,491244288_0,-967414925_1,DEFAULT_VEHTYPE,473.0,3893.38,148.0,0.0,229.94,624.0,3893.38,231.0,0.0,313.69,139.756695,35.791589,139.729281,35.796587
t_20211003_2032560_1,-997814886#2_1,-1188207865#3_1,DEFAULT_VEHTYPE,207.0,1777.29,44.0,0.0,71.64,144.0,1777.29,0.0,0.0,24.39,139.757463,35.792432,139.742513,35.792281
t_20211017_3401419_1,-102695241#0_1,-100827870#1_1,truck,160.0,1691.64,0.0,0.0,39.01,157.0,1691.64,0.0,0.0,37.84,139.698212,35.801073,139.696969,35.80417
t_20211017_112732_1,1017258317#2_1,80103864#5_1,DEFAULT_VEHTYPE,80.0,1017.59,0.0,0.0,11.93,82.0,1017.59,0.0,0.0,12.01,139.874548,35.831661,139.870659,35.826076
t_20211031_672268_1,-120273844#1_1,-120273887#1_1,DEFAULT_VEHTYPE,52.0,578.46,0.0,0.0,10.57,51.0,576.83,0.0,0.0,12.46,139.697652,36.007235,,
t_20211121_3183163_1,102170267#1_1,102170527#23_0,DEFAULT_VEHTYPE,396.0,4456.84,66.0,0.0,106.9,448.0,4456.84,110.0,0.0,153.33,139.802164,35.797507,139.791192,35.83371
t_20211114_614538_26,651365134#0_0,359839959#2_0,DEFAULT_VEHTYPE,252.0,3447.95,5.0,0.0,39.82,234.0,3447.95,5.0,0.0,41.56,139.824994,35.994505,139.824994,35.994505
t_20211010_2068004_1,33050698#12_1,686779987#0_1,DEFAULT_VEHTYPE,251.0,2316.35,40.0,0.0,80.58,249.0,2316.35,48.0,0.0,86.55,,,139.914031,35.838254
t_20211107_419051_1,1259361400#1_1,1259361400#0_1,truck,221.0,2174.44,39.0,0.0,83.02,228.0,2174.44,40.0,0.0,84.61,139.896694,35.886219,139.896694,35.886219
t_20211003_3850558_2,-120955715_1,-120956713#0_1,DEFAULT_VEHTYPE,77.0,841.48,0.0,0.0,14.77,83.0,841.48,0.0,0.0,9.92,139.908149,36.008692,139.906718,36.009461
t_20211024_3785333_1,1019666874#3_1,-1188207865#3_1,DEFAULT_VEHTYPE,175.0,1238.71,53.0,0.0,81.97,218.0,1287.18,82.0,0.0,122.48,139.752097,35.792304,139.742513,35.792281
t_20211107_2749407_2,-101187781#3_1,-100827870#1_1,DEFAULT_VEHTYPE,167.0,1279.97,24.0,0.0,52.28,168.0,1279.97,32.0,0.0,62.64,139.696799,35.814296,139.696969,35.80417
t_20211114_99808_1,-156953315#3_1,156953315#3_1,DEFAULT_VEHTYPE,65.0,623.92,2.0,0.0,18.65,64.0,623.92,0.0,0.0,14.21,139.76768,36.00834,139.76768,36.00834
t_20211121_4353032_1,-911617034#3_1,890907501#0_1,DEFAULT_VEHTYPE,306.0,2432.63,84.0,0.0,140.63,425.0,2432.63,114.0,0.0,174.64,139.811855,35.80092,139.791191,35.794159
t_20211107_3099247_3,102695201#0_1,-223489476#1_1,DEFAULT_VEHTYPE,145.0,1609.2,6.0,0.0,32.6,169.0,1609.2,13.0,0.0,44.5,139.707391,35.79686,139.719602,35.793266
t_20211121_4387417_1,-58473437#28_1,58473437#28_1,DEFAULT_VEHTYPE,115.0,649.81,44.0,0.0,69.68,115.0,649.81,44.0,0.0,68.51,139.720133,36.007946,139.720133,36.007946
t_20211031_2707588_1,425612663#0_0,425612663#0_0,DEFAULT_VEHTYPE,107.0,2777.25,0.0,0.0,9.22,124.0,2777.25,0.0,0.0,9.0,139.707736,35.912125,139.693917,35.934118
t_20211121_3665646_3,120878522#23_1,263171347#9_2,DEFAULT_VEHTYPE,94.0,1136.75,0.0,0.0,12.51,119.0,1136.75,0.0,0.0,15.61,139.756361,35.833791,139.757986,35.828424
t_20211017_2097096_1,-156953315#3_1,156953315#3_1,DEFAULT_VEHTYPE,64.0,623.92,0.0,0.0,23.64,68.0,623.92,0.0,0.0,18.08,139.76768,36.00834,139.76768,36.00834
t_20211128_452514_1,312362938#31_0,-882175373#1_1,DEFAULT_VEHTYPE,289.0,3760.45,36.0,0.0,77.92,310.0,3760.45,44.0,0.0,83.95,139.771192,35.889802,139.754636,35.918101
t_20211128_344759_1,-120038178#1_1,-120037140#10_1,DEFAULT_VEHTYPE,272.0,2698.89,48.0,0.0,84.48,272.0,2698.89,52.0,0.0,88.13,139.864815,35.974327,,
t_20211107_680995_2,-800405402#3_1,-1188207865#3_1,truck,185.0,1271.18,45.0,0.0,90.45,182.0,1271.18,39.0,0.0,79.69,139.753838,35.792382,139.742513,35.792281
t_20211003_1159583_1,-120261508_1,-777607052#40_1,DEFAULT_VEHTYPE,240.0,2213.74,46.0,0.0,90.09,246.0,2213.74,34.0,0.0,78.99,139.69421,35.990354,139.69768,36.007273
t_20211017_1569663_5,223489476#2_1,102695241#0_1,DEFAULT_VEHTYPE,253.0,2043.16,63.0,0.0,95.51,254.0,2043.16,59.0,0.0,93.52,139.716122,35.79429,139.698212,35.801073
t_20211107_3642476_1,-120045651#1_1,120036933#1_1,DEFAULT_VEHTYPE,241.0,2461.27,43.0,0.0,80.4,241.0,2461.27,54.0,0.0,100.5,139.840899,35.964186,,
t_20211031_2238214_22,-277743732#1_1,798745729#4_1,truck,130.0,794.18,27.0,0.0,70.2,141.0,794.18,38.0,0.0,80.6,,,139.698405,36.007575
t_20211107_516383_7,-120273844#1_1,-120273887#1_1,truck,59.0,576.36,0.0,0.0,16.93,59.0,574.73,0.0,0.0,15.14,139.697652,36.007235,,
t_20211128_3782319_1,-101187805#15_1,128008526#1_1,DEFAULT_VEHTYPE,345.0,2042.53,138.0,0.0,205.88,336.0,2042.53,148.0,0.0,219.3,139.700551,35.813735,,
t_20211024_972525_1,102695201#1_1,102695241#0_1,DEFAULT_VEHTYPE,135.0,1194.2,21.0,0.0,58.66,135.0,1194.2,17.0,0.0,46.49,139.708551,35.796489,139.698212,35.801073
t_20211024_759011_57,223489476#1_1,-100827870#1_1,truck,462.0,3216.85,143.0,0.0,241.87,460.0,3216.85,136.0,0.0,233.46,139.719602,35.793266,139.696969,35.80417
t_20211003_1555554_3,-120162123#1_1,-1188207865#3_1,DEFAULT_VEHTYPE,299.0,2029.75,88.0,0.0,119.01,205.0,2029.75,35.0,0.0,61.28,139.732414,35.792314,139.742513,35.792281
t_20211121_1631353_1,128008502#1_1,102695241#0_1,DEFAULT_VEHTYPE,105.0,1083.25,4.0,0.0,23.26,110.0,1083.25,5.0,0.0,20.72,139.707402,35.796888,139.698212,35.801073
t_20211010_373206_1,123548376#0_1,859955149#2_1,DEFAULT_VEHTYPE,175.0,1676.11,31.0,0.0,61.9,172.0,1676.14,33.0,0.0,62.81,,,,
t_20211003_806510_1,223489476#1_1,-100827870#1_1,truck,411.0,3216.85,100.0,0.0,216.19,413.0,3216.85,87.0,0.0,201.93,139.719602,35.793266,139.696969,35.80417
t_20211010_1669812_1,248174349_0,243877276#1_1,DEFAULT_VEHTYPE,158.0,632.69,66.0,0.0,111.87,152.0,632.69,72.0,0.0,104.13,139.693765,35.845376,139.693832,35.845174
t_20211114_4631574_1,119614880#2_1,-120261538#1_1,DEFAULT_VEHTYPE,186.0,1661.54,24.0,0.0,47.55,174.0,1661.54,28.0,0.0,53.97,139.694326,35.983421,,
t_20211121_1061942_1,438367202#0_0,44351425#7_0,DEFAULT_VEHTYPE,345.0,6742.83,40.0,0.0,86.91,298.0,6742.83,0.0,0.0,34.56,139.756695,35.791589,139.756136,35.790789
t_20211121_3665646_2,-226663198_1,120878522#15_1,DEFAULT_VEHTYPE,261.0,2753.55,41.0,0.0,75.62,269.0,2753.55,27.0,0.0,64.3,139.734531,35.855735,139.753662,35.839726
t_20211031_601161_1,223489476#1_1,-223489476#1_1,truck,162.0,1496.74,13.0,0.0,49.98,167.0,1496.74,14.0,0.0,46.29,139.719602,35.793266,139.719602,35.793266
t_20211128_2544486_1,333682724#6_1,229481998_1,DEFAULT_VEHTYPE,119.0,878.51,34.0,0.0,63.43,123.0,878.51,32.0,0.0,56.08,,,139.785469,35.795016
t_20211017_2230517_1,248174349_0,243877276#1_1,DEFAULT_VEHTYPE,119.0,632.69,39.0,0.0,69.59,116.0,632.69,29.0,0.0,56.31,139.693765,35.845376,139.693832,35.845174
t_20211017_322187_3,438367202#0_0,44351425#7_0,DEFAULT_VEHTYPE,373.0,6742.83,42.0,0.0,88.15,426.0,6742.83,0.0,0.0,42.54,139.756695,35.791589,139.756136,35.790789
t_20211017_2194926_1,-119317039_1,1180047185#6_1,DEFAULT_VEHTYPE,167.0,1503.2,38.0,0.0,63.78,173.0,1503.2,28.0,0.0,46.03,,,139.788676,36.006973
t_20211121_249492_1,-120273844#1_1,-120273887#1_1,DEFAULT_VEHTYPE,54.0,578.46,0.0,0.0,12.34,55.0,576.83,0.0,0.0,10.68,139.697652,36.007235,,
t_20211003_515298_5,223489476#2_1,-100827870#1_1,truck,365.0,3077.33,104.0,0.0,178.18,338.0,3008.53,90.0,0.0,156.55,139.716122,35.79429,139.696969,35.80417
t_20211121_4143172_1,-124963627#0_1,124963628#11_1,DEFAULT_VEHTYPE,81.0,938.82,0.0,0.0,11.37,84.0,938.82,0.0,0.0,12.87,139.696168,35.882686,139.696028,35.876271
t_20211128_4106673_1,1162251459#0_1,-229484056#3_1,DEFAULT_VEHTYPE,416.0,2644.13,157.0,0.0,208.25,328.0,2644.13,111.0,0.0,154.58,,,139.82677,35.793153
t_20211128_329932_1,-233696887#0_1,-119607760#0_1,DEFAULT_VEHTYPE,285.0,4178.93,0.0,0.0,46.88,346.0,4178.93,0.0,0.0,35.03,139.694946,35.908973,139.694952,35.930509
t_20211003_2966474_1,763324771#8_1,247355553#2_0,DEFAULT_VEHTYPE,228.0,2348.72,47.0,0.0,85.47,238.0,2348.72,40.0,0.0,76.14,139.725072,35.85154,139.72593,35.852029
t_20211128_2956026_1,124963612#5_1,243877276#1_1,DEFAULT_VEHTYPE,446.0,3934.71,132.0,0.0,212.67,445.0,3934.71,130.0,0.0,211.19,139.696068,35.873972,139.693832,35.845174
t_20211010_1097660_4,120273887#1_1,120273844#1_1,truck,60.0,575.09,0.0,0.0,15.02,60.0,575.09,0.0,0.0,14.82,,,139.697652,36.007235
t_20211024_942336_2,223489476#1_1,-100827870#1_1,DEFAULT_VEHTYPE,354.0,3355.46,86.0,0.0,183.57,432.0,3218.95,90.0,0.0,200.02,139.719602,35.793266,139.696969,35.80417
t_20211107_591720_1,1188207865#3_1,-1019666874#3_1,truck,217.0,1249.54,75.0,0.0,117.76,215.0,1249.54,71.0,0.0,121.1,139.742513,35.792281,139.752097,35.792304
t_20211010_2714134_1,-119571726_1,-228779406_1,DEFAULT_VEHTYPE,318.0,3741.32,0.0,0.0,52.18,313.0,3741.32,0.0,0.0,49.68,139.725795,35.917555,,
t_20211031_357680_2,-120273844#1_1,-120273887#1_1,truck,58.0,576.36,0.0,0.0,14.57,61.0,574.73,0.0,0.0,16.72,139.697652,36.007235,,
t_20211128_2337621_1,248174349_0,243877276#1_1,DEFAULT_VEHTYPE,121.0,632.69,37.0,0.0,81.84,110.0,632.69,35.0,0.0,66.74,139.693765,35.845376,139.693832,35.845174
t_20211128_2204537_1,31408774_0,43992701#2_0,DEFAULT_VEHTYPE,531.0,14057.94,0.0,0.0,73.36,512.0,14057.94,0.0,0.0,74.09,139.912159,35.887376,139.827324,35.787478
t_20211017_909935_1,-165303212_1,67153325#2_0,DEFAULT_VEHTYPE,465.0,6557.21,36.0,0.0,115.03,469.0,6557.21,35.0,0.0,90.15,139.894811,35.793311,139.858082,35.836801
t_20211107_1195574_3,-156953315#3_1,28184296#9_0,truck,488.0,6130.76,22.0,0.0,92.4,592.0,6130.76,86.0,0.0,166.56,139.76768,36.00834,139.792897,35.974714
t_20211010_808614_2,61186304#5_1,79312634#0_1,DEFAULT_VEHTYPE,170.0,1310.59,27.0,0.0,64.53,171.0,1310.59,23.0,0.0,64.11,,,139.905502,35.797606
t_20211017_977570_1,223489476#1_1,-100827870#1_1,DEFAULT_VEHTYPE,411.0,3218.95,82.0,0.0,201.13,396.0,3218.95,76.0,0.0,191.05,139.719602,35.793266,139.696969,35.80417
t_20211017_165732_2,248174349_0,243877276#1_1,DEFAULT_VEHTYPE,103.0,632.69,12.0,0.0,59.07,102.0,632.69,19.0,0.0,57.18,139.693765,35.845376,139.693832,35.845174
t_20211128_1087816_5,223489476#1_1,-128008526#2_1,DEFAULT_VEHTYPE,159.0,1731.71,0.0,0.0,26.87,154.0,1731.71,6.0,0.0,41.63,139.719602,35.793266,139.705878,35.797526
t_20211114_4431564_1,119771873_1,124963627#0_1,DEFAULT_VEHTYPE,390.0,5122.49,0.0,0.0,51.05,445.0,5122.49,9.0,0.0,60.86,139.696069,35.897045,139.696168,35.882686
t_20211024_2092758_1,72848061#0_1,819169272#4_1,DEFAULT_VEHTYPE,380.0,3545.53,114.0,0.0,173.15,427.0,3545.53,67.0,0.0,115.97,139.913414,35.863027,139.913706,35.874443
t_20211031_823831_1,-58473437#28_1,58473437#28_1,truck,147.0,1146.42,34.0,0.0,70.14,161.0,1100.14,39.0,0.0,75.13,139.720133,36.007946,139.720133,36.007946
t_20211024_622696_1,-102695241#0_1,-1188207865#3_1,DEFAULT_VEHTYPE,504.0,4426.4,84.0,0.0,164.79,569.0,4426.4,118.0,0.0,210.4,139.698212,35.801073,139.742513,35.792281
t_20211128_3088749_1,605105364#3_1,233696887#1_1,truck,56.0,539.52,0.0,0.0,11.29,52.0,539.52,0.0,0.0,13.47,139.695004,35.908113,139.694932,35.908121
t_20211017_219397_7,-120273844#1_1,-120273887#1_1,DEFAULT_VEHTYPE,54.0,578.46,0.0,0.0,10.54,50.0,582.47,0.0,0.0,15.0,139.697652,36.007235,,
t_20211003_2643438_1,590445196#6_1,-28165418#2_1,DEFAULT_VEHTYPE,233.0,1237.63,102.0,0.0,142.69,233.0,1237.63,102.0,0.0,150.72,,,,
t_20211024_865260_1,914045913#2_1,-378378929#4_1,DEFAULT_VEHTYPE,548.0,5789.43,143.0,0.0,262.46,639.0,5789.43,204.0,0.0,311.24,139.787795,35.81421,139.843498,35.812498
t_20211107_1088330_1,120162144#3_1,-223489476#1_1,truck,418.0,3447.77,116.0,0.0,191.19,510.0,3447.77,188.0,0.0,274.41,,,139.719602,35.793266
t_20211017_2645956_1,427792747#6_1,1028665317#0_1,DEFAULT_VEHTYPE,244.0,1306.4,116.0,0.0,154.44,244.0,1306.4,111.0,0.0,146.92,139.887935,35.935163,139.887374,35.925331
t_20211024_1567348_1,148820758#13_1,148820763#1_1,truck,123.0,941.83,46.0,0.0,72.3,123.0,941.83,47.0,0.0,75.17,139.860612,35.802869,139.859756,35.795162
t_20211107_4867819_1,373862797#3_1,43433956#0_1,DEFAULT_VEHTYPE,177.0,1283.02,66.0,0.0,91.58,179.0,1283.02,53.0,0.0,78.45,139.859208,35.847295,139.854346,35.855183
t_20211128_2158050_1,72848061#0_1,416929975#0_1,DEFAULT_VEHTYPE,396.0,3274.23,117.0,0.0,176.33,342.0,3274.23,98.0,0.0,159.07,139.913414,35.863027,139.904439,35.83869
t_20211031_2933995_1,286616759#2_1,-127188132#2_1,DEFAULT_VEHTYPE,170.0,1730.34,39.0,0.0,67.96,174.0,1730.34,34.0,0.0,63.82,139.743709,35.83949,,
t_20211024_102331_1,-1013421828_1,1013421828_1,DEFAULT_VEHTYPE,126.0,994.35,4.0,0.0,24.56,135.0,994.35,23.0,0.0,41.72,139.719602,35.793266,139.719602,35.793266
t_20211003_490361_1,-120273844#1_1,-120273887#1_1,truck,60.0,576.36,0.0,0.0,17.15,60.0,574.73,0.0,0.0,14.94,139.697652,36.007235,,
t_20211010_4466623_3,-798745729#4_1,-120274340#1_1,DEFAULT_VEHTYPE,222.0,1821.65,41.0,0.0,75.28,188.0,1821.65,46.0,0.0,76.23,139.698405,36.007575,139.707019,36.007754
t_20211024_264819_15,-1013421828_1,1013421828_1,DEFAULT_VEHTYPE,123.0,994.35,0.0,0.0,22.31,137.0,994.35,17.0,0.0,38.26,139.719602,35.793266,139.719602,35.793266
t_20211010_4531957_1,-597957821_1,30665908#23_1,DEFAULT_VEHTYPE,486.0,4369.77,152.0,0.0,220.4,485.0,4369.77,172.0,0.0,242.2,,,139.897,35.839988
t_20211003_2648839_2,229626862#0_1,620511925#2_1,DEFAULT_VEHTYPE,496.0,4649.7,151.0,0.0,232.77,538.0,4649.7,112.0,0.0,195.17,139.842889,35.793269,139.879037,35.793062
t_20211003_871358_1,61186304#0_1,-264445783#0_1,DEFAULT_VEHTYPE,228.0,1803.59,48.0,0.0,89.25,225.0,1803.59,47.0,0.0,93.63,139.892946,35.796571,139.907803,35.797665
t_20211024_2177925_1,-744831445_1,-285599558#4_1,DEFAULT_VEHTYPE,111.0,1489.07,4.0,0.0,19.0,117.0,1489.07,0.0,0.0,9.95,139.887727,35.910208,139.88125,35.921384
t_20211107_3410783_1,692728784#0_1,1016766947#2_1,DEFAULT_VEHTYPE,96.0,908.81,28.0,0.0,50.72,93.0,908.81,27.0,0.0,47.36,,,139.857354,35.801021
t_20211024_2246243_1,248174349_0,-101764603#23_1,DEFAULT_VEHTYPE,214.0,1562.4,41.0,0.0,100.92,206.0,1573.57,32.0,0.0,95.94,139.693765,35.845376,139.7028,35.837165
t_20211024_4530765_1,871547542#0_0,-351881551#10_1,DEFAULT_VEHTYPE,480.0,5017.8,79.0,0.0,168.29,482.0,5017.8,57.0,0.0,141.03,139.823182,35.879002,139.87291,35.890061
t_20211128_603780_1,-744831447_1,-285599558#4_1,DEFAULT_VEHTYPE,123.0,1645.68,4.0,0.0,20.39,119.0,1645.68,10.0,0.0,25.05,,,139.88125,35.921384
t_20211024_3913518_1,228767151#2_1,44351425#7_1,DEFAULT_VEHTYPE,509.0,9848.74,51.0,0.0,111.0,641.0,9848.74,34.0,0.0,90.89,139.716112,35.849755,139.756136,35.790789
t_20211031_1622633_1,-119615131#0_1,1000026116#0_1,DEFAULT_VEHTYPE,170.0,1505.71,15.0,0.0,51.98,157.0,1505.71,15.0,0.0,54.59,139.694109,35.960774,139.694132,35.949071
t_20211024_4084357_1,31408774_0,43992701#2_0,DEFAULT_VEHTYPE,497.0,14057.94,0.0,0.0,74.95,580.0,14057.94,0.0,0.0,72.66,139.912159,35.887376,139.827324,35.787478
t_20211024_3860110_1,-703512862#1_1,150306010#3_1,DEFAULT_VEHTYPE,366.0,2583.18,111.0,0.0,194.69,366.0,2583.18,108.0,0.0,194.63,,,139.837549,35.797644
t_20211031_1912732_15,102695201#0_1,-223489476#2_1,DEFAULT_VEHTYPE,114.0,1268.2,0.0,0.0,22.63,137.0,1272.72,7.0,0.0,30.09,139.707391,35.79686,139.716122,35.79429
t_20211024_1913715_1,128194491_1,-48390571#2_1,DEFAULT_VEHTYPE,367.0,3803.97,35.0,0.0,94.39,368.0,3803.97,26.0,0.0,83.21,,,139.828226,35.793098
t_20211031_1020402_1,101977439#22_1,-101970431#0_1,DEFAULT_VEHTYPE,354.0,2479.8,128.0,0.0,207.21,360.0,2479.8,121.0,0.0,179.32,139.790371,35.792932,139.812375,35.798395
t_20211114_2366905_1,651341824#2_0,651347413#0_0,DEFAULT_VEHTYPE,245.0,2852.85,40.0,0.0,62.79,244.0,2852.85,50.0,0.0,74.23,139.880587,35.949616,139.865381,35.972175
t_20211107_591717_1,651348872#1_0,651344997_0,truck,194.0,1912.76,37.0,0.0,62.64,198.0,1912.76,36.0,0.0,64.2,,,139.867285,35.967907
t_20211010_950907_1,-162056963#6_1,-100827870#1_1,DEFAULT_VEHTYPE,159.0,1496.62,0.0,0.0,24.47,143.0,1496.62,0.0,0.0,31.04,139.696625,35.816038,139.696969,35.80417
t_20211017_203154_1,120158933#1_1,101358181#4_1,DEFAULT_VEHTYPE,157.0,1576.88,0.0,0.0,18.75,151.0,1576.88,13.0,0.0,37.28,139.778455,35.792886,139.768024,35.792528
t_20211003_461677_3,120273887#1_1,120273844#1_1,DEFAULT_VEHTYPE,56.0,577.19,0.0,0.0,9.64,60.0,578.83,5.0,0.0,19.39,,,139.697652,36.007235
t_20211107_416131_1,808277658#3_0,80103861_1,truck,284.0,4238.99,28.0,0.0,76.6,291.0,4238.99,24.0,0.0,70.05,139.879037,35.793062,139.868821,35.82816
t_20211121_215166_1,-120162123#1_1,120162123#1_1,DEFAULT_VEHTYPE,186.0,1381.66,58.0,0.0,77.33,193.0,1381.66,51.0,0.0,69.97,139.732414,35.792314,139.732414,35.792314
t_20211128_1557609_1,-102695241#0_1,-223489476#1_1,truck,303.0,2376.78,83.0,0.0,131.65,334.0,2490.34,95.0,0.0,160.99,139.698212,35.801073,139.719602,35.793266
t_20211031_3238127_1,-102695241#0_1,-223489476#1_1,truck,301.0,2376.78,75.0,0.0,130.39,300.0,2376.78,69.0,0.0,118.75,139.698212,35.801073,139.719602,35.793266
t_20211031_1466026_1,101977326#17_1,56409286#6_1,DEFAULT_VEHTYPE,195.0,1210.69,61.0,0.0,87.21,192.0,1210.69,65.0,0.0,96.05,139.78991,35.792849,139.801829,35.792807
t_20211003_2786282_5,101977361#2_1,955935768#3_1,DEFAULT_VEHTYPE,139.0,1327.5,14.0,0.0,55.61,140.0,1327.5,6.0,0.0,42.27,139.783803,35.792834,139.791689,35.793832
t_20211003_4278700_1,-119614842#9_1,119615134#1_1,DEFAULT_VEHTYPE,55.0,594.29,0.0,0.0,11.08,54.0,594.29,0.0,0.0,11.6,,,139.69489,35.974376
t_20211010_287965_1,651357705_0,-120046916#2_1,DEFAULT_VEHTYPE,75.0,1192.3,0.0,0.0,6.28,97.0,1192.3,0.0,0.0,7.29,139.847277,35.994395,,
t_20211024_7032_1,128194491_1,229626861#3_1,DEFAULT_VEHTYPE,192.0,2245.56,0.0,0.0,39.25,276.0,2245.56,69.0,0.0,123.57,,,,
t_20211107_4161041_3,846888239#0_0,492909459_0,DEFAULT_VEHTYPE,576.0,14568.18,0.0,0.0,59.67,585.0,14568.18,0.0,0.0,58.08,139.826026,35.783091,139.912018,35.887453
t_20211107_853712_1,1188207865#3_1,61960318#0_1,truck,496.0,4253.22,118.0,0.0,232.61,567.0,4253.22,171.0,0.0,298.89,139.742513,35.792281,139.754912,35.820505
t_20211107_120770_1,-162056963#6_1,243877276#1_0,truck,527.0,4640.45,83.0,0.0,193.91,523.0,4640.45,103.0,0.0,217.34,139.696625,35.816038,139.693832,35.845174
t_20211128_731375_1,44351425#3_0,44351425#2_0,DEFAULT_VEHTYPE,513.0,9021.8,0.0,0.0,63.09,493.0,9021.8,2.0,0.0,70.19,139.74456,35.845822,139.74456,35.845822
t_20211017_2759694_1,-341996339#4_1,-228026431#12_1,DEFAULT_VEHTYPE,333.0,3054.38,92.0,0.0,149.25,479.0,3054.38,198.0,0.0,269.84,139.755836,35.809379,139.771028,35.83026
t_20211024_1580154_1,-128008526#1_1,102695241#0_1,DEFAULT_VEHTYPE,112.0,919.23,32.0,0.0,48.75,121.0,919.23,32.0,0.0,45.64,,,139.698212,35.801073
t_20211017_693510_1,-48390574#4_1,119605378_1,DEFAULT_VEHTYPE,384.0,3863.62,57.0,0.0,118.89,386.0,3863.62,39.0,0.0,99.08,139.742701,35.922693,,
t_20211031_4844249_1,101358181#7_1,997814887#4_1,DEFAULT_VEHTYPE,127.0,976.77,37.0,0.0,58.69,127.0,976.77,35.0,0.0,55.07,139.76782,35.792539,139.757646,35.792227
t_20211010_914866_1,61186304#1_1,79312649#2_1,DEFAULT_VEHTYPE,245.0,2109.76,42.0,0.0,102.02,242.0,2109.76,45.0,0.0,107.66,,,,
t_20211107_145774_1,796459853#51_0,1180047185#6_0,DEFAULT_VEHTYPE,95.0,1013.61,20.0,0.0,35.16,103.0,1013.61,14.0,0.0,28.95,139.788911,36.00691,139.788676,36.006973
t_20211114_365545_76,-1013421828_1,1013421828_1,DEFAULT_VEHTYPE,110.0,994.35,9.0,0.0,28.34,112.0,994.35,0.0,0.0,16.18,139.719602,35.793266,139.719602,35.793266
t_20211128_2794519_1,378600191#0_1,156953315#3_1,DEFAULT_VEHTYPE,495.0,4955.34,60.0,0.0,147.48,472.0,4955.34,86.0,0.0,160.66,139.741346,36.008226,139.76768,36.00834
t_20211024_477589_1,717098951_1,-481709868#0_1,DEFAULT_VEHTYPE,389.0,2676.77,146.0,0.0,213.25,389.0,2675.55,139.0,0.0,202.43,139.804659,35.87708,139.797074,35.858507
t_20211121_637083_1,79292405#9_1,-79292405#9_1,truck,103.0,1026.57,0.0,0.0,30.66,101.0,1026.57,0.0,0.0,29.49,139.901104,35.793377,139.901104,35.793377
t_20211017_4825652_1,101977361#2_1,-101977419#2_1,DEFAULT_VEHTYPE,210.0,1490.43,64.0,0.0,102.94,213.0,1490.43,55.0,0.0,95.05,139.783803,35.792834,139.793346,35.792872
t_20211114_1993917_6,-819169272#4_1,1091810134#1_1,DEFAULT_VEHTYPE,316.0,3410.54,35.0,0.0,79.66,316.0,3410.54,43.0,0.0,84.33,139.913706,35.874443,139.914003,35.856489
t_20211128_991173_1,342031866#6_1,893582557#1_1,DEFAULT_VEHTYPE,122.0,940.94,32.0,0.0,45.87,121.0,940.94,33.0,0.0,45.44,139.721592,35.904033,139.728596,35.897644
t_20211003_2124959_4,-128008526#1_1,102695241#0_1,DEFAULT_VEHTYPE,116.0,919.23,32.0,0.0,46.6,120.0,919.23,31.0,0.0,56.71,,,139.698212,35.801073
t_20211107_4065934_4,31408774_0,43992701#2_0,DEFAULT_VEHTYPE,590.0,14057.94,0.0,0.0,73.01,615.0,14057.94,0.0,0.0,71.41,139.912159,35.887376,139.827324,35.787478
t_20211024_221943_1,223489476#2_1,-102695201#0_1,DEFAULT_VEHTYPE,131.0,1270.98,3.0,0.0,34.85,136.0,1270.98,4.0,0.0,32.99,139.716122,35.79429,139.707391,35.79686
t_20211121_115833_1,359839964_0,-793868760#14_1,DEFAULT_VEHTYPE,455.0,4372.47,136.0,0.0,196.73,464.0,4372.47,100.0,0.0,157.49,139.816613,35.990183,139.833753,36.007731
t_20211010_2704053_1,-156947105#9_1,101641329#0_1,DEFAULT_VEHTYPE,445.0,2004.04,183.0,0.0,241.1,338.0,2004.04,137.0,0.0,189.01,139.696035,35.864923,139.695188,35.853788
t_20211121_2585332_1,-102695053#7_1,-101187657#4_1,DEFAULT_VEHTYPE,123.0,1137.54,29.0,0.0,49.67,120.0,1137.54,32.0,0.0,51.55,,,,
t_20211017_180947_1,651184347#1_1,133720488#6_1,DEFAULT_VEHTYPE,585.0,3880.8,215.0,0.0,303.43,497.0,3880.8,164.0,0.0,232.47,139.907664,35.92721,139.913516,35.899096
t_20211017_2856165_1,-41283614#1_1,1153145215#0_1,DEFAULT_VEHTYPE,251.0,1749.04,84.0,0.0,120.25,251.0,1749.04,79.0,0.0,116.46,139.76813,35.948382,139.774041,35.935505
t_20211010_470469_1,-798745729#4_1,-120273887#1_1,DEFAULT_VEHTYPE,86.0,776.96,6.0,0.0,29.41,72.0,724.82,0.0,0.0,14.88,139.698405,36.007575,,
t_20211024_4398266_7,491244288_0,997814886#2_1,DEFAULT_VEHTYPE,152.0,1181.08,44.0,0.0,63.28,161.0,1181.08,38.0,0.0,61.34,139.756695,35.791589,139.757463,35.792432
t_20211107_283101_1,881492534#4_1,875665325#1_1,DEFAULT_VEHTYPE,138.0,1843.4,26.0,0.0,47.03,227.0,1843.38,88.0,0.0,116.22,139.810766,35.883805,139.79282,35.880233
t_20211114_979663_4,-1013421828_1,1013421828_1,DEFAULT_VEHTYPE,104.0,994.35,0.0,0.0,15.9,111.0,994.35,5.0,0.0,26.52,139.719602,35.793266,139.719602,35.793266
t_20211024_708014_1,120956847#1_1,-120956297_1,truck,463.0,4971.23,60.0,0.0,119.29,464.0,4971.23,62.0,0.0,116.79,139.881242,36.009329,139.906718,36.009461
t_20211010_375815_1,967414938_0,370061949#1_1,DEFAULT_VEHTYPE,125.0,834.0,50.0,0.0,74.42,204.0,834.0,112.0,0.0,138.81,139.725363,35.792971,139.725488,35.792935
t_20211107_277425_2,-1013421828_1,1013421828_1,DEFAULT_VEHTYPE,91.0,994.35,0.0,0.0,18.34,111.0,1160.31,2.0,0.0,29.88,139.719602,35.793266,139.719602,35.793266
t_20211107_1936943_1,-800405402#3_1,-1188207865#3_1,truck,202.0,1271.18,61.0,0.0,107.29,203.0,1271.18,52.0,0.0,98.42,139.753838,35.792382,139.742513,35.792281
t_20211031_3601949_1,248174349_0,243877276#1_1,DEFAULT_VEHTYPE,160.0,632.69,59.0,0.0,111.03,100.0,632.69,16.0,0.0,60.78,139.693765,35.845376,139.693832,35.845174
t_20211017_4166837_1,-102695241#0_1,-223489476#1_1,DEFAULT_VEHTYPE,294.0,2378.88,53.0,0.0,102.31,295.0,2378.88,42.0,0.0,89.0,139.698212,35.801073,139.719602,35.793266
t_20211010_825793_1,-842368737#3_1,127199209#2_1,DEFAULT_VEHTYPE,272.0,2354.52,51.0,0.0,93.32,273.0,2386.15,42.0,0.0,80.41,139.697643,35.810185,139.696719,35.826191
t_20211010_182599_1,646823318#6_0,119605266#4_1,truck,134.0,1196.53,21.0,0.0,56.99,103.0,1196.53,0.0,0.0,24.95,139.695138,35.933338,139.694971,35.937754
t_20211003_455419_1,223489476#1_1,-100827870#1_1,DEFAULT_VEHTYPE,383.0,3355.46,90.0,0.0,170.59,320.0,3355.46,47.0,0.0,120.4,139.719602,35.793266,139.696969,35.80417
t_20211024_1870027_1,-162056963#6_1,127199257#1_1,DEFAULT_VEHTYPE,184.0,1563.18,35.0,0.0,66.6,182.0,1594.81,41.0,0.0,80.59,139.696625,35.816038,139.696318,35.825007
t_20211003_1074064_1,967414938_0,370061949#1_1,DEFAULT_VEHTYPE,108.0,834.0,27.0,0.0,58.15,186.0,834.0,86.0,0.0,119.96,139.725363,35.792971,139.725488,35.792935
t_20211024_2761534_1,223489476#2_1,-102695201#1_1,DEFAULT_VEHTYPE,99.0,1157.98,0.0,0.0,18.98,108.0,1157.98,0.0,0.0,19.88,139.716122,35.79429,139.708551,35.796489
t_20211107_728192_24,120955775_1,-120956713#0_1,DEFAULT_VEHTYPE,69.0,741.35,0.0,0.0,8.78,62.0,741.35,0.0,0.0,10.61,139.910886,36.005199,139.906718,36.009461
t_20211121_230063_1,286683346#1_1,133720488#6_1,DEFAULT_VEHTYPE,572.0,4326.87,173.0,0.0,249.46,572.0,4326.87,171.0,0.0,250.55,139.910204,35.926424,139.913516,35.899096
t_20211003_2251984_1,612506069#15_1,-29312691#11_1,DEFAULT_VEHTYPE,553.0,4433.13,168.0,0.0,254.62,547.0,4433.13,197.0,0.0,300.4,139.906145,35.802251,139.913448,35.834137
t_20211121_3269186_1,-378380163#22_1,-48390571#2_1,DEFAULT_VEHTYPE,481.0,5116.24,69.0,0.0,150.82,483.0,5116.24,86.0,0.0,174.44,139.792463,35.816523,139.828226,35.793098
t_20211031_4694804_1,47124524#2_1,-1188207865#3_1,DEFAULT_VEHTYPE,352.0,2263.54,110.0,0.0,176.54,360.0,2263.54,111.0,0.0,183.18,139.726999,35.803985,139.742513,35.792281
t_20211017_288506_1,378600191#0_1,58473437#28_1,DEFAULT_VEHTYPE,332.0,3302.26,58.0,0.0,119.38,327.0,3302.26,80.0,0.0,138.24,139.741346,36.008226,139.720133,36.007946
t_20211003_1785600_1,223489476#1_1,-128008526#2_1,DEFAULT_VEHTYPE,178.0,1731.71,4.0,0.0,33.73,174.0,1731.71,19.0,0.0,49.53,139.719602,35.793266,139.705878,35.797526
t_20211128_2047500_1,101764553#3_1,248383165_1,DEFAULT_VEHTYPE,461.0,2987.25,150.0,0.0,231.16,456.0,2987.25,169.0,0.0,246.15,139.696747,35.834576,139.712555,35.848539
t_20211003_1106913_7,223489476#1_1,102695241#0_1,DEFAULT_VEHTYPE,280.0,2387.99,53.0,0.0,88.74,280.0,2387.99,49.0,0.0,86.42,139.719602,35.793266,139.698212,35.801073
t_20211003_814978_2,1188207865#3_1,-1019666874#3_1,DEFAULT_VEHTYPE,194.0,1389.16,62.0,0.0,96.96,193.0,1251.64,58.0,0.0,89.1,139.742513,35.792281,139.752097,35.792304
t_20211017_1641284_3,31408774_0,43992701#2_0,DEFAULT_VEHTYPE,553.0,14057.94,0.0,0.0,71.73,561.0,14057.94,0.0,0.0,73.44,139.912159,35.887376,139.827324,35.787478
t_20211024_3422824_1,119971109#12_1,-100827870#1_1,DEFAULT_VEHTYPE,421.0,3276.74,132.0,0.0,212.29,450.0,3276.74,75.0,0.0,152.89,,,139.696969,35.80417
t_20211003_2230329_1,564369142#10_1,-38101653#5_1,truck,313.0,3135.2,62.0,0.0,117.98,320.0,3135.2,62.0,0.0,117.47,139.911426,35.94648,139.910914,35.960868
t_20211121_4389917_1,28185104#3_1,119288055#6_1,DEFAULT_VEHTYPE,120.0,871.31,35.0,0.0,57.35,121.0,871.31,36.0,0.0,57.98,139.751724,35.977786,,
t_20211017_1824553_1,233696887#1_1,233696887#0_1,DEFAULT_VEHTYPE,99.0,551.33,45.0,0.0,59.56,98.0,551.33,46.0,0.0,62.16,139.694946,35.908973,139.694946,35.908973
t_20211017_2230517_2,248174349_0,243877276#1_1,DEFAULT_VEHTYPE,114.0,632.69,40.0,0.0,71.94,109.0,632.69,35.0,0.0,61.66,139.693765,35.845376,139.693832,35.845174
t_20211107_3640065_1,128194491_1,-136964995#26_1,DEFAULT_VEHTYPE,252.0,2842.17,0.0,0.0,43.74,264.0,2842.17,0.0,0.0,45.32,,,139.877681,35.793149
t_20211128_134211_1,-101187781#3_1,-100827870#1_1,DEFAULT_VEHTYPE,141.0,1279.97,12.0,0.0,35.4,125.0,1279.97,0.0,0.0,34.04,139.696799,35.814296,139.696969,35.80417
t_20211017_312531_4,-119615131#0_1,-1169288440_1,DEFAULT_VEHTYPE,600.0,4916.24,190.0,0.0,278.94,603.0,4916.24,176.0,0.0,265.52,139.694109,35.960774,139.693753,35.994726
t_20211010_928913_1,-120955715_1,-426156937#0_1,DEFAULT_VEHTYPE,339.0,3195.28,85.0,0.0,128.93,328.0,3195.28,95.0,0.0,145.02,139.908149,36.008692,139.91074,35.988906
t_20211031_3462000_1,223489476#1_1,-102695201#1_1,DEFAULT_VEHTYPE,124.0,1502.81,0.0,0.0,27.16,182.0,1502.81,35.0,0.0,59.1,139.719602,35.793266,139.708551,35.796489
t_20211107_304343_1,120955775_1,-120957314_1,DEFAULT_VEHTYPE,99.0,723.62,28.0,0.0,42.69,99.0,723.62,26.0,0.0,41.44,139.910886,36.005199,139.910886,36.005199
t_20211107_686353_10,223489476#1_1,102695241#0_1,DEFAULT_VEHTYPE,263.0,2500.12,42.0,0.0,94.8,262.0,2387.99,43.0,0.0,100.75,139.719602,35.793266,139.698212,35.801073
t_20211031_2447031_1,229626867#8_1,-120112431#8_1,DEFAULT_VEHTYPE,524.0,3080.21,230.0,0.0,307.31,617.0,3080.21,290.0,0.0,375.29,139.84093,35.793371,,
t_20211003_154648_2,223489476#1_1,-223489476#1_1,truck,161.0,1496.74,10.0,0.0,60.89,180.0,1496.74,44.0,0.0,81.32,139.719602,35.793266,139.719602,35.793266
t_20211010_718608_1,-120273844#1_1,-120273887#1_1,truck,60.0,576.36,0.0,0.0,13.97,59.0,576.36,0.0,0.0,17.78,139.697652,36.007235,,
t_20211121_3178871_1,-120112478#2_1,229479218#2_1,DEFAULT_VEHTYPE,282.0,2352.4,84.0,0.0,121.59,286.0,2352.4,77.0,0.0,116.17,139.82347,35.793004,139.801824,35.792884
t_20211010_915844_1,233696887#1_1,233696887#0_1,DEFAULT_VEHTYPE,63.0,551.33,0.0,0.0,13.75,71.0,551.33,0.0,0.0,11.83,139.694946,35.908973,139.694946,35.908973
t_20211024_1112308_2,796459853#51_0,-896552148#3_1,truck,484.0,4620.81,115.0,0.0,183.83,419.0,4620.81,71.0,0.0,136.73,139.788911,36.00691,139.793131,35.97666
t_20211121_785614_1,120956297_1,-120956297_1,DEFAULT_VEHTYPE,108.0,849.38,9.0,0.0,44.26,101.0,849.38,19.0,0.0,49.71,139.906718,36.009461,139.906718,36.009461
t_20211003_1141595_13,31408774_0,775462030#4_0,DEFAULT_VEHTYPE,574.0,15917.05,0.0,0.0,76.23,640.0,15917.05,0.0,0.0,76.61,139.912159,35.887376,139.775396,35.848365
t_20211017_4197219_1,233696887#1_1,233696887#0_1,DEFAULT_VEHTYPE,60.0,551.33,0.0,0.0,17.77,68.0,551.33,0.0,0.0,27.16,139.694946,35.908973,139.694946,35.908973
t_20211024_590626_1,-120162123#1_1,-1019666874#3_1,DEFAULT_VEHTYPE,360.0,3090.44,102.0,0.0,160.52,455.0,3090.44,160.0,0.0,225.71,139.732414,35.792314,139.752097,35.792304
t_20211107_429482_1,-120273844#1_1,-120273887#1_1,truck,59.0,576.36,0.0,0.0,17.15,59.0,576.36,0.0,0.0,17.78,139.697652,36.007235,,
t_20211114_109585_1,79292402#5_1,-79292688#0_1,DEFAULT_VEHTYPE,48.0,541.58,0.0,0.0,9.69,56.0,541.58,0.0,0.0,10.48,139.9058,35.795042,139.9058,35.795042
t_20211031_1212344_1,226046429#3_1,120112478#2_1,DEFAULT_VEHTYPE,609.0,4950.91,185.0,0.0,279.56,608.0,4950.91,179.0,0.0,278.19,,,139.82347,35.793004
t_20211114_1608903_1,-1013421828_1,-101358181#2_1,DEFAULT_VEHTYPE,594.0,5439.31,161.0,0.0,266.38,766.0,5439.31,264.0,0.0,367.73,139.719602,35.793266,139.76954,35.792543
t_20211010_1114266_4,225065056#0_1,120878522#32_3,DEFAULT_VEHTYPE,156.0,1217.23,38.0,0.0,63.95,151.0,1217.23,38.0,0.0,63.31,139.75701,35.830879,139.75997,35.823319
t_20211121_181295_1,101187655#1_1,-101358181#1_1,DEFAULT_VEHTYPE,531.0,3989.92,144.0,0.0,234.28,529.0,3989.92,155.0,0.0,244.09,139.731616,35.801673,139.769978,35.792553
t_20211024_274640_1,120956297_1,-120956297_1,DEFAULT_VEHTYPE,93.0,849.38,0.0,0.0,20.26,83.0,849.38,0.0,0.0,26.33,139.906718,36.009461,139.906718,36.009461
t_20211010_1441208_1,-133720488#6_1,819169272#4_1,DEFAULT_VEHTYPE,350.0,3749.64,36.0,0.0,97.23,349.0,3749.64,29.0,0.0,93.84,139.913516,35.899096,139.913706,35.874443
t_20211107_888113_3,-156953315#3_1,-157076677#3_1,truck,241.0,2896.55,0.0,0.0,47.08,248.0,2896.55,0.0,0.0,41.54,139.76768,36.00834,139.779534,36.007298
t_20211128_314512_2,-128195434#3_1,-217825127#0_1,DEFAULT_VEHTYPE,169.0,1436.54,28.0,0.0,58.29,157.0,1436.54,31.0,0.0,62.86,139.828316,35.800207,,
t_20211024_3014464_1,-121061586#1_1,-58473437#19_1,DEFAULT_VEHTYPE,99.0,1073.59,0.0,0.0,17.17,92.0,1073.59,0.0,0.0,22.88,139.722044,36.007777,,
t_20211024_321841_1,-120273844#1_1,-120273887#1_1,DEFAULT_VEHTYPE,58.0,578.46,0.0,0.0,13.55,58.0,578.46,0.0,0.0,13.08,139.697652,36.007235,,
t_20211024_1840248_1,101977419#2_1,120112478#2_1,DEFAULT_VEHTYPE,432.0,3144.39,155.0,0.0,220.69,438.0,3144.39,138.0,0.0,196.93,139.793346,35.792872,139.82347,35.793004
t_20211114_484950_6,-686779987#0_1,1091810134#1_1,DEFAULT_VEHTYPE,272.0,2827.91,33.0,0.0,80.45,275.0,2827.91,22.0,0.0,67.83,139.914031,35.838254,139.914003,35.856489
t_20211031_354628_1,80096652#0_1,128191434_1,DEFAULT_VEHTYPE,183.0,2056.0,11.0,0.0,41.18,197.0,2056.0,0.0,0.0,26.42,139.853062,35.827355,139.848399,35.818637
t_20211031_303747_1,-995974549#5_1,707194512_1,DEFAULT_VEHTYPE,592.0,6001.24,122.0,0.0,197.09,588.0,6001.24,159.0,0.0,243.4,,,139.888041,35.871267
t_20211128_1148196_1,714824177#2_1,342031866#3_1,truck,446.0,4086.51,86.0,0.0,139.88,349.0,4086.51,32.0,0.0,84.01,139.729178,35.903063,139.720494,35.905605
t_20211010_229648_1,223489476#1_1,-100827870#1_1,DEFAULT_VEHTYPE,389.0,3424.26,87.0,0.0,156.34,350.0,3355.46,89.0,0.0,150.83,139.719602,35.793266,139.696969,35.80417
t_20211010_801692_1,223489476#1_1,-100827870#1_1,truck,387.0,3353.36,85.0,0.0,169.28,396.0,3353.36,79.0,0.0,160.84,139.719602,35.793266,139.696969,35.80417
t_20211024_3988738_6,-102695241#0_1,127199105#5_1,DEFAULT_VEHTYPE,567.0,3831.64,171.0,0.0,260.95,561.0,3831.64,191.0,0.0,285.03,139.698212,35.801073,139.696425,35.823026
t_20211003_3722841_1,124963612#5_1,243877276#1_1,DEFAULT_VEHTYPE,463.0,3934.71,112.0,0.0,184.69,452.0,3934.71,141.0,0.0,220.62,139.696068,35.873972,139.693832,35.845174
t_20211010_1044988_1,120298701#6_1,-581624585_1,DEFAULT_VEHTYPE,175.0,1412.69,60.0,0.0,97.09,191.0,1412.69,47.0,0.0,81.16,,,139.838626,35.885459
t_20211024_1112613_1,124963612#5_1,124963627#0_1,DEFAULT_VEHTYPE,101.0,1224.01,0.0,0.0,20.93,109.0,1224.01,0.0,0.0,17.68,139.696068,35.873972,139.696168,35.882686
t_20211017_1539992_1,651184866#1_0,130281026#32_1,DEFAULT_VEHTYPE,353.0,2812.97,80.0,0.0,139.19,346.0,2812.97,101.0,0.0,159.84,139.907921,35.927264,139.913412,35.91422
t_20211128_412930_4,44420766#4_0,44351425#7_1,DEFAULT_VEHTYPE,464.0,12094.96,0.0,0.0,46.56,504.0,12094.96,0.0,0.0,41.15,139.693027,35.845145,139.756136,35.790789
t_20211017_482297_3,180099700#0_1,127199105#5_1,DEFAULT_VEHTYPE,197.0,1561.61,39.0,0.0,85.39,190.0,1593.24,40.0,0.0,79.88,,,139.696425,35.823026
t_20211024_2056804_1,80146280#2_1,1264836075#1_1,DEFAULT_VEHTYPE,423.0,4849.37,81.0,0.0,140.92,423.0,4849.37,82.0,0.0,147.16,,,139.906595,35.882778
t_20211010_862071_2,137320755#2_1,651184866#2_0,DEFAULT_VEHTYPE,477.0,3185.74,116.0,0.0,184.69,394.0,3185.74,88.0,0.0,144.17,139.913039,35.9093,139.911412,35.925896
t_20211003_2664882_1,1184585974#0_1,-617550114#5_1,DEFAULT_VEHTYPE,357.0,3436.19,91.0,0.0,142.72,370.0,3436.19,71.0,0.0,124.23,139.846598,35.851866,139.861062,35.828367
t_20211024_401968_1,-162165632_1,127200787#4_1,DEFAULT_VEHTYPE,231.0,2076.36,57.0,0.0,109.89,257.0,2076.36,44.0,0.0,97.04,139.711477,35.843398,139.696661,35.835117
t_20211031_4733800_1,-162056963#6_1,-100827870#1_1,DEFAULT_VEHTYPE,146.0,1496.62,0.0,0.0,24.24,152.0,1496.62,0.0,0.0,27.21,139.696625,35.816038,139.696969,35.80417
t_20211017_182164_1,796459853#51_0,158179142#4_1,DEFAULT_VEHTYPE,309.0,3644.2,0.0,0.0,46.39,311.0,3644.2,0.0,0.0,42.74,139.788911,36.00691,139.764368,36.006233
t_20211017_171753_1,28188012_0,-1188207865#3_1,DEFAULT_VEHTYPE,564.0,5600.8,138.0,0.0,208.88,475.0,5600.8,93.0,0.0,164.11,139.755813,35.835648,139.742513,35.792281
t_20211024_2345631_1,605105364#3_1,233696887#1_1,DEFAULT_VEHTYPE,52.0,541.62,0.0,0.0,9.32,47.0,541.62,0.0,0.0,12.83,139.695004,35.908113,139.694932,35.908121
t_20211107_156785_1,-819169272#4_1,133720488#6_1,DEFAULT_VEHTYPE,520.0,3816.8,143.0,0.0,222.32,428.0,3816.8,93.0,0.0,174.07,139.913706,35.874443,139.913516,35.899096
t_20211003_318469_1,128008526#2_1,-223489476#1_1,truck,205.0,1714.85,30.0,0.0,83.77,181.0,1710.33,11.0,0.0,59.19,139.705878,35.797526,139.719602,35.793266
t_20211107_315149_2,1188207865#3_1,1188210847_1,truck,165.0,1162.03,54.0,0.0,88.12,168.0,1162.03,58.0,0.0,92.92,139.742513,35.792281,139.750419,35.799777
t_20211121_288198_1,176918448#4_1,-43419654#12_1,DEFAULT_VEHTYPE,151.0,1089.65,49.0,0.0,76.31,150.0,1089.65,57.0,0.0,86.72,139.718097,35.862259,139.72985,35.860889
t_20211003_486516_1,128187698#5_1,-128187698#5_1,truck,78.0,642.82,0.0,0.0,25.7,72.0,642.82,0.0,0.0,25.41,139.812689,35.835256,139.812689,35.835256
t_20211017_1054004_1,-963114566#2_1,243877276#1_1,DEFAULT_VEHTYPE,477.0,3821.29,171.0,0.0,234.77,477.0,3821.29,174.0,0.0,232.26,139.734224,35.846164,139.693832,35.845174
t_20211107_3762479_1,-1013421828_1,1013421828_1,DEFAULT_VEHTYPE,109.0,994.35,5.0,0.0,24.15,109.0,1160.31,2.0,0.0,25.68,139.719602,35.793266,139.719602,35.793266
t_20211024_2198178_1,103281880#2_1,204496107#1_1,truck,143.0,1213.68,22.0,0.0,59.62,144.0,1213.68,23.0,0.0,57.59,139.737238,35.826594,139.74447,35.821323
t_20211128_464441_1,226465361#7_1,43419654#1_1,DEFAULT_VEHTYPE,448.0,4137.18,107.0,0.0,186.86,447.0,4137.18,113.0,0.0,193.9,139.770899,35.844164,,
t_20211107_212991_1,-113387317#7_1,951440827#1_1,DEFAULT_VEHTYPE,435.0,3723.24,86.0,0.0,140.77,339.0,3723.24,58.0,0.0,103.37,139.818887,35.957132,,
t_20211114_979552_3,101764677#0_1,243877276#1_0,DEFAULT_VEHTYPE,344.0,2956.0,96.0,0.0,158.81,363.0,2956.0,94.0,0.0,157.74,139.696638,35.829779,139.693832,35.845174
t_20211121_971183_3,101764677#0_1,243877276#1_1,DEFAULT_VEHTYPE,317.0,2956.0,60.0,0.0,129.74,406.0,2956.0,128.0,0.0,197.34,139.696638,35.829779,139.693832,35.845174
t_20211107_232601_15,120273887#1_1,120273844#1_1,truck,57.0,576.73,0.0,0.0,16.25,61.0,575.09,0.0,0.0,14.15,,,139.697652,36.007235
t_20211107_3050288_1,101977361#2_1,-101358181#1_1,DEFAULT_VEHTYPE,273.0,1822.24,97.0,0.0,138.48,273.0,1822.24,97.0,0.0,136.23,139.783803,35.792834,139.769978,35.792553
t_20211024_769983_34,-277743732#1_1,-378600191#0_1,truck,628.0,5917.1,108.0,0.0,224.95,626.0,5917.1,113.0,0.0,245.42,,,139.741346,36.008226
t_20211024_2330963_1,-868233733#3_1,881492508#1_1,DEFAULT_VEHTYPE,282.0,1761.94,71.0,0.0,109.76,159.0,1761.94,15.0,0.0,52.21,139.782108,35.891398,139.797534,35.898632
t_20211017_811051_1,120273887#1_1,120273844#1_1,DEFAULT_VEHTYPE,54.0,578.83,0.0,0.0,14.67,59.0,577.67,0.0,0.0,8.32,,,139.697652,36.007235
t_20211121_105149_1,-995974549#5_1,-80146280#1_1,DEFAULT_VEHTYPE,530.0,6546.74,67.0,0.0,162.66,563.0,6546.74,45.0,0.0,120.49,,,139.87748,35.854386
t_20211031_1861987_1,-1189270051#0_1,119784587#3_1,DEFAULT_VEHTYPE,239.0,2202.4,46.0,0.0,87.02,239.0,2202.4,40.0,0.0,83.33,,,,
t_20211017_2328479_2,53638243#2_1,29199569#9_1,DEFAULT_VEHTYPE,169.0,1164.46,61.0,0.0,92.15,167.0,1164.46,68.0,0.0,99.8,139.914179,35.836851,139.904762,35.84164
t_20211003_315289_3,-120273844#1_1,-120273887#1_1,truck,57.0,576.36,0.0,0.0,16.38,59.0,576.36,0.0,0.0,13.22,139.697652,36.007235,,
t_20211017_518430_1,-119302363#1_1,128157289#3_1,DEFAULT_VEHTYPE,237.0,2371.16,47.0,0.0,82.15,240.0,2371.16,44.0,0.0,78.43,,,139.73308,35.967811
t_20211114_867665_3,1188021810#2_1,-162112517#1_1,DEFAULT_VEHTYPE,184.0,1053.66,76.0,0.0,106.21,185.0,1053.66,81.0,0.0,113.58,139.716022,35.804647,,
t_20211017_1109373_1,439262438#5_0,849787184#0_0,DEFAULT_VEHTYPE,181.0,1953.0,49.0,0.0,65.43,182.0,1953.0,44.0,0.0,60.3,139.852038,35.842644,139.831879,35.848482
t_20211128_735283_1,1188207865#3_1,102695241#0_1,DEFAULT_VEHTYPE,586.0,4553.94,180.0,0.0,275.8,575.0,4553.94,203.0,0.0,306.85,139.742513,35.792281,139.698212,35.801073
t_20211010_2666937_1,973190127#0_1,973405914#3_1,DEFAULT_VEHTYPE,288.0,1810.76,127.0,0.0,167.71,289.0,1810.76,121.0,0.0,164.83,139.758925,35.810077,139.761817,35.793796
t_20211003_1053804_2,223489476#1_1,-223489476#1_1,truck,163.0,1496.74,24.0,0.0,67.99,166.0,1496.74,21.0,0.0,64.32,139.719602,35.793266,139.719602,35.793266
t_20211107_4724650_1,1019666874#3_1,-177233256#1_2,DEFAULT_VEHTYPE,390.0,2796.81,151.0,0.0,209.17,386.0,2796.81,149.0,0.0,202.79,139.752097,35.792304,139.726836,35.797326
t_20211010_2018322_1,314943855#0_0,-1051749395#3_1,DEFAULT_VEHTYPE,321.0,2915.06,83.0,0.0,134.66,321.0,2915.06,94.0,0.0,144.17,139.826529,35.849883,139.79824,35.85584
t_20211024_500348_1,-819169272#4_1,28598976#112_1,DEFAULT_VEHTYPE,303.0,3252.86,52.0,0.0,95.9,306.0,3252.86,46.0,0.0,102.67,139.913706,35.874443,139.908379,35.857794
t_20211121_4217783_1,244247205#10_0,799537529#1_1,DEFAULT_VEHTYPE,547.0,5191.69,147.0,0.0,192.78,453.0,5191.69,79.0,0.0,118.98,139.772334,35.848486,139.716008,35.849213
t_20211031_2614324_1,119607721#4_1,233696887#0_1,DEFAULT_VEHTYPE,524.0,5071.69,122.0,0.0,176.15,358.0,5071.69,29.0,0.0,73.93,139.694952,35.930509,139.694946,35.908973
t_20211107_2472122_4,44420766#4_0,44351425#7_0,DEFAULT_VEHTYPE,503.0,12094.96,0.0,0.0,41.28,443.0,12094.96,0.0,0.0,46.0,139.693027,35.845145,139.756136,35.790789
t_20211114_608057_2,310738310_1,354970512#19_1,DEFAULT_VEHTYPE,467.0,3705.09,165.0,0.0,244.63,470.0,3705.09,164.0,0.0,239.1,139.8636,35.806425,,
t_20211121_453970_1,766811227#1_1,-95657340#9_1,DEFAULT_VEHTYPE,157.0,1836.26,0.0,0.0,30.87,158.0,1836.26,0.0,0.0,41.54,139.773302,36.007473,,
t_20211031_4525620_1,101764603#23_1,188994008#11_1,DEFAULT_VEHTYPE,278.0,2377.28,45.0,0.0,96.46,277.0,2377.28,53.0,0.0,99.73,139.7028,35.837165,,
t_20211128_698656_1,133720496#12_1,-133720496#12_1,truck,118.0,1278.32,0.0,0.0,18.82,114.0,1278.32,0.0,0.0,17.72,139.892755,35.907092,139.892755,35.907092
t_20211003_1781113_1,793868760#16_1,-120037238#9_1,DEFAULT_VEHTYPE,492.0,4435.96,133.0,0.0,206.17,493.0,4435.96,119.0,0.0,193.38,139.833896,36.007096,,
t_20211003_2113770_1,-120162123#1_1,120162123#1_1,DEFAULT_VEHTYPE,162.0,1381.66,45.0,0.0,64.97,166.0,1381.66,41.0,0.0,62.88,139.732414,35.792314,139.732414,35.792314
t_20211121_122148_1,123552179#2_1,-123552179#2_1,DEFAULT_VEHTYPE,70.0,803.9,0.0,0.0,11.26,81.0,803.9,0.0,0.0,11.69,,,,
t_20211121_2728806_8,-57376553#3_1,-139979906#4_1,DEFAULT_VEHTYPE,588.0,5095.64,176.0,0.0,242.84,586.0,5095.64,172.0,0.0,240.91,139.799675,35.792901,139.791506,35.833945
t_20211107_4907128_1,-133720488#6_1,-72848061#0_1,DEFAULT_VEHTYPE,511.0,5191.53,75.0,0.0,150.66,606.0,5191.53,134.0,0.0,215.34,139.913516,35.899096,139.913414,35.863027
t_20211024_107761_1,244247240#19_0,892353066#8_0,DEFAULT_VEHTYPE,480.0,6201.7,64.0,0.0,100.1,483.0,6201.7,62.0,0.0,99.91,,,139.713827,35.901287
t_20211114_1196918_1,244247240#4_0,230280343#1_1,DEFAULT_VEHTYPE,127.0,941.73,54.0,0.0,69.3,129.0,941.73,53.0,0.0,65.7,139.758527,35.850355,139.748146,35.852188
t_20211010_4494769_1,119769989#1_1,891419992#2_1,DEFAULT_VEHTYPE,539.0,4884.19,138.0,0.0,239.47,543.0,4884.19,126.0,0.0,207.39,139.697846,35.920383,,
t_20211031_1056857_1,447675894#2_1,39027137#0_1,DEFAULT_VEHTYPE,410.0,4214.89,95.0,0.0,141.65,319.0,4211.44,34.0,0.0,65.19,139.833823,35.848157,139.869824,35.826958
t_20211107_3405962_1,438367202#0_0,44351425#7_0,DEFAULT_VEHTYPE,325.0,6742.83,1.0,0.0,42.46,320.0,6742.83,3.0,0.0,42.01,139.756695,35.791589,139.756136,35.790789
t_20211024_2904884_1,-120162123#1_1,120162123#1_1,DEFAULT_VEHTYPE,125.0,1381.66,10.0,0.0,32.31,132.0,1381.66,1.0,0.0,22.89,139.732414,35.792314,139.732414,35.792314
t_20211107_1929668_1,755599334_0,260947905#59_0,DEFAULT_VEHTYPE,660.0,7234.63,117.0,0.0,193.63,649.0,7234.63,130.0,0.0,208.21,139.846575,35.844183,139.781227,35.860697
t_20211024_2259755_1,61785143#2_1,591306001_1,DEFAULT_VEHTYPE,458.0,4039.92,145.0,0.0,234.75,547.0,4039.92,208.0,0.0,323.68,139.881162,35.851001,139.848442,35.854425
t_20211017_939508_1,-290524679#6_1,871548258#2_1,DEFAULT_VEHTYPE,376.0,2968.19,132.0,0.0,201.74,379.0,2968.1,122.0,0.0,185.87,,,139.817043,35.884389
t_20211107_4246585_1,101977361#2_1,56409286#6_1,DEFAULT_VEHTYPE,303.0,2230.58,85.0,0.0,135.17,288.0,2230.58,82.0,0.0,138.89,139.783803,35.792834,139.801829,35.792807
t_20211128_1112478_2,581036396#1_1,80095197#4_1,DEFAULT_VEHTYPE,193.0,2269.05,24.0,0.0,56.51,194.0,2269.05,22.0,0.0,56.86,139.846697,35.815682,139.857211,35.834464
t_20211010_1064281_12,-102695241#0_1,-223489476#2_1,DEFAULT_VEHTYPE,233.0,2155.96,39.0,0.0,99.78,241.0,2155.96,38.0,0.0,123.36,139.698212,35.801073,139.716122,35.79429
t_20211107_1111831_1,651357266#0_0,120046913#2_1,truck,116.0,1368.33,0.0,0.0,27.78,114.0,1368.33,0.0,0.0,27.22,139.846637,35.99478,139.837336,35.996105
t_20211010_1368514_4,797365203#9_0,672627707#1_1,DEFAULT_VEHTYPE,68.0,783.76,0.0,0.0,12.86,72.0,783.76,0.0,0.0,11.75,,,139.792739,35.828574
t_20211010_3571029_1,248174349_0,127199257#1_1,DEFAULT_VEHTYPE,374.0,3256.8,72.0,0.0,156.44,553.0,3589.78,163.0,0.0,291.89,139.693765,35.845376,139.696318,35.825007
t_20211031_5051120_1,1019666874#3_1,1019675070_1,DEFAULT_VEHTYPE,264.0,2320.88,70.0,0.0,129.48,358.0,2320.88,117.0,0.0,166.31,139.752097,35.792304,139.730623,35.794833
t_20211024_2769111_1,-162056963#6_1,-100827870#1_1,DEFAULT_VEHTYPE,150.0,1496.62,0.0,0.0,22.5,155.0,1496.62,5.0,0.0,32.36,139.696625,35.816038,139.696969,35.80417
t_20211003_323713_77,120273887#1_1,120273844#1_1,truck,60.0,575.09,0.0,0.0,13.81,58.0,575.09,0.0,0.0,15.99,,,139.697652,36.007235
t_20211121_3219466_4,128194491_1,229626861#3_1,DEFAULT_VEHTYPE,276.0,2245.56,37.0,0.0,83.92,269.0,2245.56,66.0,0.0,123.89,,,,
t_20211010_700720_4,223489476#1_1,-223489476#1_1,truck,141.0,1496.74,6.0,0.0,39.72,183.0,1496.74,38.0,0.0,69.44,139.719602,35.793266,139.719602,35.793266
t_20211003_2625936_1,-101187781#3_1,128008526#1_1,DEFAULT_VEHTYPE,471.0,2509.06,223.0,0.0,298.77,477.0,2509.06,218.0,0.0,291.84,139.696799,35.814296,,
t_20211003_991965_1,128194491_1,229626861#3_1,DEFAULT_VEHTYPE,233.0,2245.56,7.0,0.0,59.92,248.0,2245.56,0.0,0.0,38.8,,,,
t_20211031_234866_2,-1013421828_1,1013421828_1,DEFAULT_VEHTYPE,119.0,994.35,0.0,0.0,16.22,112.0,1160.31,5.0,0.0,26.37,139.719602,35.793266,139.719602,35.793266
t_20211003_137125_7,120273887#1_1,120273844#1_1,DEFAULT_VEHTYPE,58.0,578.83,0.0,0.0,14.0,60.0,577.67,0.0,0.0,11.01,,,139.697652,36.007235
t_20211128_632214_1,-156947105#9_1,101641329#0_1,DEFAULT_VEHTYPE,341.0,2004.04,128.0,0.0,181.32,344.0,2004.04,125.0,0.0,179.95,139.696035,35.864923,139.695188,35.853788
t_20211128_2012136_1,-315596127#3_1,-802059268#2_1,DEFAULT_VEHTYPE,346.0,2495.56,122.0,0.0,177.02,356.0,2495.56,104.0,0.0,150.5,139.792065,35.88523,,
t_20211114_4533635_1,275820271#1_1,58610490#3_1,DEFAULT_VEHTYPE,183.0,2077.34,14.0,0.0,50.97,174.0,2077.34,34.0,0.0,71.08,139.770262,35.801597,139.770096,35.801603
t_20211031_1205731_1,44424772#3_1,-1188207865#3_1,truck,85.0,807.59,9.0,0.0,27.42,82.0,807.59,11.0,0.0,30.7,139.748828,35.793084,139.742513,35.792281
t_20211024_427470_1,-1013421828_1,1013421828_1,DEFAULT_VEHTYPE,113.0,994.35,0.0,0.0,22.95,106.0,1160.31,0.0,0.0,25.59,139.719602,35.793266,139.719602,35.793266
t_20211010_1114266_6,-226155533#1_1,1219265277_1,DEFAULT_VEHTYPE,59.0,631.16,0.0,0.0,10.6,58.0,631.16,0.0,0.0,10.08,139.76064,35.800251,139.759923,35.795116
t_20211017_626731_1,-120273844#1_1,277743732#1_1,DEFAULT_VEHTYPE,53.0,582.47,0.0,0.0,15.15,54.0,578.46,0.0,0.0,14.63,139.697652,36.007235,,
t_20211003_592101_1,102647400#2_1,-102695201#0_1,DEFAULT_VEHTYPE,653.0,5716.7,185.0,0.0,306.56,848.0,5716.7,246.0,0.0,356.22,139.763482,35.796033,139.707391,35.79686
t_20211010_3672760_1,651497828#1_0,-119617171#1_1,DEFAULT_VEHTYPE,155.0,1352.68,42.0,0.0,67.37,158.0,1352.68,42.0,0.0,67.31,139.695701,35.941989,139.706379,35.945985
t_20211003_925726_1,82578193#1_1,-138708219_1,DEFAULT_VEHTYPE,63.0,603.58,0.0,0.0,9.75,55.0,603.58,0.0,0.0,8.59,139.850954,35.839479,139.845312,35.836934
t_20211010_476174_1,-396031661#2_1,819169272#4_1,DEFAULT_VEHTYPE,404.0,3317.42,70.0,0.0,121.1,317.0,3317.42,0.0,0.0,86.57,139.914003,35.85654,139.913706,35.874443
t_20211024_3144545_1,-378380163#12_1,56396348#0_1,DEFAULT_VEHTYPE,378.0,2540.56,114.0,0.0,191.19,373.0,2540.56,151.0,0.0,205.37,,,139.801878,35.798244
t_20211003_2273179_1,951328431#4_0,472274826#0_1,DEFAULT_VEHTYPE,436.0,4685.45,99.0,0.0,167.3,519.0,4685.97,116.0,0.0,180.09,139.827366,35.876451,139.844584,35.844463
t_20211017_5030268_1,225073547#8_1,127188132#4_1,DEFAULT_VEHTYPE,283.0,1732.49,126.0,0.0,172.72,283.0,1732.49,125.0,0.0,171.44,139.743969,35.826163,,
t_20211017_1953009_1,-102695241#0_1,-223489476#1_1,DEFAULT_VEHTYPE,283.0,2546.29,57.0,0.0,105.02,293.0,2492.44,63.0,0.0,121.67,139.698212,35.801073,139.719602,35.793266
t_20211031_391019_2,119770963_1,-119770963_1,DEFAULT_VEHTYPE,61.0,629.14,0.0,0.0,15.34,55.0,629.14,0.0,0.0,12.78,139.695901,35.899227,139.695901,35.899227
t_20211024_105049_1,-691260517#2_1,-101358181#16_1,DEFAULT_VEHTYPE,233.0,1659.19,88.0,0.0,126.6,323.0,1636.73,166.0,0.0,214.77,,,139.76266,35.792922
t_20211024_5105969_1,333682724#7_1,-101977419#2_1,truck,207.0,1694.65,38.0,0.0,89.6,259.0,1694.65,78.0,0.0,135.16,,,139.793346,35.792872
t_20211017_2794324_8,102695201#0_1,-1188207865#3_1,DEFAULT_VEHTYPE,417.0,3656.72,72.0,0.0,124.16,429.0,3656.72,79.0,0.0,168.49,139.707391,35.79686,139.742513,35.792281
t_20211017_4643584_1,-475451377#55_1,-642815750#1_1,DEFAULT_VEHTYPE,277.0,2390.47,63.0,0.0,106.49,212.0,2390.47,7.0,0.0,43.33,139.905219,35.916747,139.885424,35.928
t_20211003_3835512_1,868173009#2_1,-102299896#0_1,DEFAULT_VEHTYPE,633.0,5498.27,165.0,0.0,266.18,636.0,5498.26,153.0,0.0,258.13,139.793313,35.877032,139.801445,35.83311
t_20211003_1411019_16,48390571#2_1,-128182111#16_1,DEFAULT_VEHTYPE,425.0,3787.68,111.0,0.0,196.48,425.0,3787.68,117.0,0.0,211.55,139.828226,35.793098,139.852536,35.81392
t_20211024_459155_1,-119314734#1_1,-378600191#0_1,DEFAULT_VEHTYPE,389.0,5425.55,38.0,0.0,95.74,512.0,5536.25,52.0,0.0,118.17,,,139.741346,36.008226
t_20211003_137364_2,-120955758#9_1,-120955775_1,DEFAULT_VEHTYPE,197.0,1771.92,33.0,0.0,55.18,259.0,1771.92,79.0,0.0,106.77,139.89389,36.009312,139.910886,36.005199
t_20211017_3462365_2,120956713#0_1,120955715_1,DEFAULT_VEHTYPE,85.0,831.73,0.0,0.0,9.48,72.0,831.73,0.0,0.0,9.95,139.906718,36.009461,139.908149,36.008692
t_20211017_2169582_1,-1149389048.72_1,138708643#3_1,DEFAULT_VEHTYPE,255.0,3163.23,37.0,0.0,74.94,255.0,3163.23,30.0,0.0,68.45,139.86636,35.829688,139.876836,35.804911
t_20211121_3026023_1,-120162123#1_1,-1188207865#3_1,DEFAULT_VEHTYPE,216.0,2029.75,44.0,0.0,76.12,220.0,2029.75,42.0,0.0,71.43,139.732414,35.792314,139.742513,35.792281
t_20211017_171162_1,71762453#0_1,889998853#1_1,DEFAULT_VEHTYPE,557.0,9988.42,1.0,0.0,81.61,559.0,9988.42,23.0,0.0,112.37,139.862778,35.839179,139.913469,35.89145
t_20211003_451300_73,-277743732#1_1,119615045#1_1,truck,467.0,3598.35,117.0,0.0,205.63,460.0,3598.35,114.0,0.0,199.35,,,139.694805,35.976518
t_20211128_938472_2,223489476#1_1,-100827870#1_1,DEFAULT_VEHTYPE,409.0,3355.46,80.0,0.0,144.06,357.0,3355.46,61.0,0.0,161.38,139.719602,35.793266,139.696969,35.80417
t_20211024_1232620_2,1258959593_1,-751134599#5_1,DEFAULT_VEHTYPE,59.0,838.8,0.0,0.0,11.88,78.0,838.8,0.0,0.0,12.88,,,,
t_20211107_4166506_8,-102695241#0_1,-223489476#1_1,DEFAULT_VEHTYPE,310.0,2492.44,67.0,0.0,113.28,300.0,2492.44,76.0,0.0,119.31,139.698212,35.801073,139.719602,35.793266
t_20211003_3872878_1,124963754#0_1,-156805555#2_1,DEFAULT_VEHTYPE,147.0,1305.61,1.0,0.0,24.35,136.0,1305.61,14.0,0.0,36.03,139.696028,35.876271,139.696416,35.867772
t_20211003_568558_1,223489476#1_1,-100827870#1_1,truck,383.0,3353.36,79.0,0.0,160.81,373.0,3353.36,90.0,0.0,164.49,139.719602,35.793266,139.696969,35.80417
t_20211017_4501302_1,-819169272#4_1,-72848061#0_1,DEFAULT_VEHTYPE,256.0,2716.44,27.0,0.0,53.81,315.0,2716.44,63.0,0.0,96.96,139.913706,35.874443,139.913414,35.863027
t_20211017_301006_1,-277743732#1_1,119615131#0_1,DEFAULT_VEHTYPE,678.0,5684.7,135.0,0.0,251.22,615.0,5684.7,113.0,0.0,237.39,,,139.694109,35.960774
t_20211024_172503_1,223489476#2_1,102695241#0_1,DEFAULT_VEHTYPE,217.0,2043.16,30.0,0.0,59.52,239.0,2165.15,38.0,0.0,91.12,139.716122,35.79429,139.698212,35.801073
t_20211017_536063_1,120112489#0_1,120112478#2_1,DEFAULT_VEHTYPE,164.0,1419.61,40.0,0.0,69.22,172.0,1419.61,32.0,0.0,57.28,,,139.82347,35.793004
t_20211003_684084_1,-58473437#28_1,58473437#28_1,DEFAULT_VEHTYPE,111.0,649.81,31.0,0.0,56.27,105.0,649.81,31.0,0.0,55.17,139.720133,36.007946,139.720133,36.007946
t_20211121_3259448_1,102640242#5_1,44351425#7_0,DEFAULT_VEHTYPE,541.0,12228.43,10.0,0.0,57.62,568.0,12228.43,9.0,0.0,58.13,139.727795,35.886414,139.756136,35.790789
t_20211114_951721_9,223489476#1_1,-100827870#1_1,truck,376.0,3353.36,75.0,0.0,152.9,368.0,3353.36,79.0,0.0,148.55,139.719602,35.793266,139.696969,35.80417
t_20211031_4039328_1,-945670751#0_1,-138706883#3_1,DEFAULT_VEHTYPE,295.0,2437.82,80.0,0.0,117.17,314.0,2437.82,68.0,0.0,105.2,,,,
t_20211017_4733071_1,1169288440_1,119615131#0_1,DEFAULT_VEHTYPE,571.0,4898.02,104.0,0.0,288.0,570.0,4898.02,84.0,0.0,201.95,139.693753,35.994726,139.694109,35.960774
t_20211010_1014550_9,961206067#2_1,-693307001#11_1,DEFAULT_VEHTYPE,505.0,3516.4,153.0,0.0,245.0,505.0,3516.4,156.0,0.0,250.61,139.770036,35.792555,139.79787,35.796746
t_20211024_3954813_1,124963612#5_1,-119771873_1,DEFAULT_VEHTYPE,390.0,4843.71,8.0,0.0,81.76,534.0,4843.71,47.0,0.0,120.45,139.696068,35.873972,139.696069,35.897045
t_20211003_977889_1,-124963627#0_1,687435423#6_2,DEFAULT_VEHTYPE,435.0,4037.08,112.0,0.0,191.42,435.0,4037.08,104.0,0.0,181.57,139.696168,35.882686,139.696991,35.854296
t_20211024_599780_1,783800520#0_1,120038808#11_1,DEFAULT_VEHTYPE,145.0,1625.82,0.0,0.0,17.23,134.0,1625.82,0.0,0.0,16.28,139.911965,35.938245,139.912851,35.928277
t_20211121_890280_1,-890891589#12_1,-148820753#19_1,DEFAULT_VEHTYPE,510.0,4546.2,158.0,0.0,240.02,503.0,4546.2,185.0,0.0,270.51,139.832832,35.827702,139.861174,35.79977
t_20211121_4396502_1,-891425587#2_1,-119614880#2_1,DEFAULT_VEHTYPE,279.0,2467.59,40.0,0.0,104.87,274.0,2467.59,41.0,0.0,102.4,139.694231,35.966647,139.694326,35.983421
t_20211010_459662_1,-22748930#0_1,-580835182#15_1,DEFAULT_VEHTYPE,257.0,2018.04,88.0,0.0,131.75,260.0,2018.04,74.0,0.0,111.3,139.91424,35.811726,139.91419,35.824612
t_20211003_1153356_3,1188207865#3_1,997814886#2_1,truck,223.0,1926.21,50.0,0.0,95.08,223.0,1926.21,50.0,0.0,98.2,139.742513,35.792281,139.757463,35.792432
t_20211128_747591_1,-893581524#10_1,1277705896#4_0,truck,157.0,1337.04,27.0,0.0,56.77,149.0,1337.04,29.0,0.0,55.58,139.715938,35.91568,,
t_20211024_2296649_1,846888239#0_0,229479218#2_1,DEFAULT_VEHTYPE,605.0,5868.15,175.0,0.0,269.83,519.0,5868.15,95.0,0.0,191.25,139.826026,35.783091,139.801824,35.792884
t_20211024_3262077_8,438367202#0_0,44351425#7_0,DEFAULT_VEHTYPE,341.0,6742.83,0.0,0.0,37.16,310.0,6742.83,0.0,0.0,35.69,139.756695,35.791589,139.756136,35.790789
t_20211024_239174_1,333682724#6_1,-237801838#0_1,DEFAULT_VEHTYPE,131.0,852.1,43.0,0.0,68.68,130.0,852.1,44.0,0.0,71.9,,,139.784779,35.792966
t_20211031_1605842_1,846888239#0_0,492909459_0,DEFAULT_VEHTYPE,506.0,14568.18,0.0,0.0,60.84,515.0,14568.18,0.0,0.0,60.73,139.826026,35.783091,139.912018,35.887453
t_20211017_413531_4,223489476#1_1,-100827870#1_1,truck,381.0,3353.36,94.0,0.0,174.17,377.0,3353.36,96.0,0.0,175.35,139.719602,35.793266,139.696969,35.80417
t_20211128_1112478_3,60049952#3_1,290522434#1_1,DEFAULT_VEHTYPE,79.0,757.32,4.0,0.0,21.28,79.0,757.32,7.0,0.0,23.54,139.870465,35.844025,139.875018,35.849961
t_20211024_3496122_6,846888239#0_0,819169272#4_1,DEFAULT_VEHTYPE,615.0,15438.54,0.0,0.0,83.76,703.0,15438.54,31.0,0.0,128.11,139.826026,35.783091,139.913706,35.874443
t_20211107_134285_1,378317388#32_0,-690955064#29_1,DEFAULT_VEHTYPE,337.0,2692.93,107.0,0.0,173.79,344.0,2692.93,94.0,0.0,159.69,139.735009,35.863537,139.756179,35.851223
t_20211121_1064824_2,-1013421828_1,1013421828_1,DEFAULT_VEHTYPE,111.0,994.35,4.0,0.0,24.47,107.0,1160.31,0.0,0.0,20.24,139.719602,35.793266,139.719602,35.793266
t_20211017_1006448_8,223489476#1_1,-100827870#1_1,DEFAULT_VEHTYPE,379.0,3355.46,92.0,0.0,179.68,434.0,3355.46,124.0,0.0,205.98,139.719602,35.793266,139.696969,35.80417
t_20211003_1572040_1,-101358181#4_1,102647405#7_1,DEFAULT_VEHTYPE,263.0,1590.53,100.0,0.0,134.6,167.0,1678.41,45.0,0.0,70.3,139.768024,35.792528,139.770311,35.803595
t_20211010_1118250_2,223489476#1_1,-223489476#1_1,truck,126.0,1496.74,0.0,0.0,27.63,137.0,1496.74,0.0,0.0,25.6,139.719602,35.793266,139.719602,35.793266
t_20211017_724978_6,312362938#56_0,260947905#2_1,DEFAULT_VEHTYPE,93.0,605.37,40.0,0.0,51.56,91.0,605.37,44.0,0.0,54.06,139.770059,35.911798,139.770157,35.911783
t_20211003_4830546_3,605105364#3_1,233696887#1_1,DEFAULT_VEHTYPE,69.0,541.62,6.0,0.0,19.18,93.0,557.62,42.0,0.0,51.84,139.695004,35.908113,139.694932,35.908121
t_20211024_837702_1,-899867769#4_1,-326224748#3_1,DEFAULT_VEHTYPE,596.0,7632.08,54.0,0.0,114.54,599.0,7632.08,5.0,0.0,65.01,139.72315,35.88817,,
t_20211024_3910533_1,-133720488#6_1,-137066290#0_1,DEFAULT_VEHTYPE,304.0,1918.51,87.0,0.0,168.22,220.0,1900.49,73.0,0.0,112.84,139.913516,35.899096,139.913189,35.88487
t_20211010_4928982_1,248174349_0,243877276#1_1,DEFAULT_VEHTYPE,88.0,632.69,5.0,0.0,41.61,65.0,632.69,0.0,0.0,24.04,139.693765,35.845376,139.693832,35.845174
t_20211010_2099861_1,-119605145#7_1,-119607721#4_1,DEFAULT_VEHTYPE,161.0,1407.95,41.0,0.0,59.16,166.0,1407.95,29.0,0.0,49.23,139.694712,35.93963,139.694952,35.930509
t_20211017_283262_1,135978682#3_1,-120158977#5_1,DEFAULT_VEHTYPE,532.0,3649.11,115.0,0.0,188.08,421.0,3649.11,103.0,0.0,172.46,139.803249,35.82509,,
t_20211003_316873_1,651357705_0,475429160#2_0,truck,112.0,1022.04,22.0,0.0,47.8,114.0,1022.04,22.0,0.0,47.82,139.847277,35.994395,139.836456,35.995664
t_20211107_2018246_1,44420766#4_0,44351425#7_0,DEFAULT_VEHTYPE,506.0,12094.96,24.0,0.0,77.48,531.0,12094.96,0.0,0.0,52.47,139.693027,35.845145,139.756136,35.790789
t_20211010_3797674_1,681638687#58_0,-119305532#2_1,DEFAULT_VEHTYPE,210.0,1518.99,78.0,0.0,113.72,217.0,1518.99,67.0,0.0,100.14,139.768081,35.970238,139.780266,35.971002
t_20211114_2717658_3,248174349_0,243877276#1_1,DEFAULT_VEHTYPE,84.0,632.69,6.0,0.0,37.35,66.0,632.69,0.0,0.0,19.07,139.693765,35.845376,139.693832,35.845174
t_20211010_2762008_1,249861115#0_1,-101187695#12_1,DEFAULT_VEHTYPE,258.0,2314.31,64.0,0.0,110.11,245.0,2314.31,77.0,0.0,118.87,139.737443,35.820275,139.74185,35.80509
t_20211010_476174_2,-137066379#4_1,-137066290#0_1,DEFAULT_VEHTYPE,131.0,1165.39,22.0,0.0,51.23,127.0,1165.39,18.0,0.0,40.54,139.913107,35.88086,139.913189,35.88487
t_20211017_154466_1,120162185#2_1,44351425#7_0,truck,711.0,7006.68,183.0,0.0,331.23,717.0,7006.68,194.0,0.0,320.64,139.744744,35.792679,139.756136,35.790789
t_20211114_4622671_2,128194491_1,484316498_1,DEFAULT_VEHTYPE,260.0,2807.12,0.0,0.0,42.32,349.0,2807.12,70.0,0.0,125.96,,,139.836357,35.793189
t_20211114_112326_25,-120955715_1,100976223#1_1,DEFAULT_VEHTYPE,81.0,1018.28,0.0,0.0,6.78,80.0,1018.28,0.0,0.0,6.77,139.908149,36.008692,139.911898,35.99996
t_20211128_858357_1,763317884#1_0,288132111#0_0,DEFAULT_VEHTYPE,384.0,3019.99,168.0,0.0,220.44,384.0,3019.99,109.0,0.0,151.08,139.734204,35.849681,139.738092,35.822909
t_20211128_637910_1,-165303212_1,609841414#3_0,DEFAULT_VEHTYPE,318.0,3149.54,65.0,0.0,140.7,318.0,3149.54,35.0,0.0,99.58,139.894811,35.793311,139.875521,35.810812
t_20211121_857836_4,-233696887#0_1,-119607760#0_1,DEFAULT_VEHTYPE,301.0,4178.93,0.0,0.0,54.52,357.0,4178.93,0.0,0.0,38.81,139.694946,35.908973,139.694952,35.930509
t_20211114_356722_18,128194491_1,1149389055#1.33_0,DEFAULT_VEHTYPE,656.0,5078.07,173.0,0.0,277.11,462.0,5078.07,94.0,0.0,187.79,,,139.866868,35.829768
t_20211031_3589900_1,-119502332#17_1,-907675683#0_1,DEFAULT_VEHTYPE,442.0,3692.47,124.0,0.0,192.06,535.0,3692.47,194.0,0.0,262.25,139.738786,35.974019,,
t_20211024_872894_5,-1013421828_1,1013421828_1,DEFAULT_VEHTYPE,104.0,994.35,0.0,0.0,17.42,106.0,994.35,0.0,0.0,16.41,139.719602,35.793266,139.719602,35.793266
t_20211010_4140693_1,564630322_1,651497890_1,DEFAULT_VEHTYPE,339.0,2914.09,106.0,0.0,185.55,322.0,2914.09,123.0,0.0,186.35,,,139.695056,35.941775
t_20211024_463297_1,-591535747_1,31408779#12_1,DEFAULT_VEHTYPE,591.0,5594.29,102.0,0.0,182.03,458.0,5594.29,82.0,0.0,147.3,,,139.913511,35.890311
t_20211024_625487_1,-43419676#7_1,579798169#11_1,DEFAULT_VEHTYPE,240.0,1877.58,91.0,0.0,123.08,298.0,1877.58,133.0,0.0,167.68,139.868656,35.842814,139.878249,35.831155
t_20211114_850368_2,914045913#2_1,-378378929#4_1,DEFAULT_VEHTYPE,609.0,5789.43,146.0,0.0,250.69,608.0,5789.43,172.0,0.0,283.63,139.787795,35.81421,139.843498,35.812498
t_20211107_1554181_1,475877661#13_1,123537613#0_0,DEFAULT_VEHTYPE,383.0,3717.94,31.0,0.0,99.6,383.0,3717.69,47.0,0.0,111.72,139.855866,35.903705,139.826932,35.893238
t_20211003_1151389_1,-802330451#26_1,-802330451#12_1,DEFAULT_VEHTYPE,159.0,1175.57,48.0,0.0,73.72,158.0,1175.57,49.0,0.0,75.96,139.765768,35.896035,139.753488,35.893612
t_20211010_2123592_1,426156937#0_1,-426156937#0_1,DEFAULT_VEHTYPE,112.0,1809.77,0.0,0.0,12.84,116.0,1809.77,0.0,0.0,14.56,139.91074,35.988906,139.91074,35.988906
t_20211121_239309_1,961188422#2_1,-1188207865#3_1,DEFAULT_VEHTYPE,283.0,2348.52,78.0,0.0,126.98,285.0,2348.52,64.0,0.0,114.95,139.761043,35.799064,139.742513,35.792281
t_20211017_3918989_1,28185646#2_1,229142916#20_1,DEFAULT_VEHTYPE,447.0,3654.95,122.0,0.0,194.81,293.0,3654.95,15.0,0.0,64.27,,,139.699006,35.983288
t_20211128_791715_1,31408774_0,-133720482#5_1,DEFAULT_VEHTYPE,425.0,4747.87,73.0,0.0,135.38,523.0,4801.63,83.0,0.0,162.64,139.912159,35.887376,139.913553,35.893046
t_20211024_3704027_1,101977361#2_1,-101977419#2_1,DEFAULT_VEHTYPE,215.0,1490.43,57.0,0.0,113.96,221.0,1490.43,62.0,0.0,120.46,139.783803,35.792834,139.793346,35.792872
t_20211017_938014_1,31090808#2_0,651354806#2_0,DEFAULT_VEHTYPE,156.0,1663.67,6.0,0.0,29.98,151.0,1663.67,7.0,0.0,29.83,139.837344,35.996058,139.847277,35.994395
t_20211107_432704_2,-102695241#0_1,-100827870#1_1,DEFAULT_VEHTYPE,177.0,1693.74,33.0,0.0,62.66,185.0,1693.74,22.0,0.0,48.88,139.698212,35.801073,139.696969,35.80417
t_20211114_750854_14,-120273844#1_1,277743732#1_1,truck,74.0,580.37,11.0,0.0,33.96,57.0,576.36,0.0,0.0,16.16,139.697652,36.007235,,
t_20211031_3962756_1,1199150818#1_0,101971032_1,DEFAULT_VEHTYPE,377.0,5104.79,71.0,0.0,122.48,376.0,5104.79,85.0,0.0,138.67,139.855301,35.831548,,
t_20211003_2455386_1,961492228#0_1,687435406#1_1,DEFAULT_VEHTYPE,332.0,2294.63,150.0,0.0,196.14,333.0,2294.63,132.0,0.0,176.32,139.721452,35.863431,139.699167,35.853603
t_20211010_1048080_3,-156953315#3_1,28184296#11_0,DEFAULT_VEHTYPE,510.0,6325.86,35.0,0.0,106.68,619.0,6325.86,81.0,0.0,156.56,139.76768,36.00834,139.792752,35.976407
t_20211003_2447367_1,-961447773#4_1,799537528_1,DEFAULT_VEHTYPE,367.0,3235.36,120.0,0.0,149.66,376.0,3235.36,97.0,0.0,125.91,,,139.717068,35.849594
t_20211121_3665646_4,120878522#36_0,971135636#1_1,DEFAULT_VEHTYPE,271.0,2141.43,95.0,0.0,140.67,271.0,2141.43,86.0,0.0,134.23,139.760056,35.821394,139.760391,35.80224
t_20211010_1390132_1,119607721#4_1,119601982#0_1,DEFAULT_VEHTYPE,670.0,6882.51,45.0,0.0,118.88,659.0,6882.51,166.0,0.0,250.71,139.694952,35.930509,139.741015,35.895871
t_20211024_385792_1,581868723#1_0,732836002#1_1,DEFAULT_VEHTYPE,473.0,5197.38,124.0,0.0,177.5,403.0,5197.38,76.0,0.0,122.99,139.870584,35.825496,139.824573,35.849794
t_20211010_2502118_1,438367202#0_0,44351425#7_0,DEFAULT_VEHTYPE,321.0,6742.83,0.0,0.0,37.51,310.0,6742.83,0.0,0.0,44.15,139.756695,35.791589,139.756136,35.790789
t_20211107_352822_1,-34049070#6_1,84283268#5_1,DEFAULT_VEHTYPE,81.0,891.35,9.0,0.0,24.68,81.0,891.35,9.0,0.0,24.65,139.914024,35.799262,139.91391,35.79519
t_20211121_1084944_7,-102695241#0_1,-223489476#2_1,DEFAULT_VEHTYPE,252.0,2155.96,48.0,0.0,118.3,262.0,2155.96,73.0,0.0,116.81,139.698212,35.801073,139.716122,35.79429
t_20211010_1955597_3,-120273844#1_1,-120273887#1_1,truck,69.0,574.73,2.0,0.0,28.36,59.0,576.36,0.0,0.0,17.47,139.697652,36.007235,,
t_20211121_4011977_1,72848061#0_1,819169272#4_1,DEFAULT_VEHTYPE,396.0,3467.54,92.0,0.0,150.67,396.0,3467.54,93.0,0.0,148.24,139.913414,35.863027,139.913706,35.874443
t_20211024_1647173_1,-355258486#2_1,-617895492#13_1,DEFAULT_VEHTYPE,184.0,809.88,90.0,0.0,119.32,185.0,809.88,84.0,0.0,113.04,139.809558,35.813055,139.815749,35.810519
t_20211121_4900123_4,-819169272#4_1,-53638243#2_1,DEFAULT_VEHTYPE,688.0,6150.99,238.0,0.0,355.75,780.0,6150.99,217.0,0.0,326.46,139.913706,35.874443,139.914179,35.836851
t_20211003_543284_16,378600191#0_1,156953315#3_1,DEFAULT_VEHTYPE,514.0,4955.34,120.0,0.0,197.66,412.0,4955.34,67.0,0.0,141.01,139.741346,36.008226,139.76768,36.00834
t_20211024_1057516_1,-1000026116#0_1,119614996#6_1,DEFAULT_VEHTYPE,287.0,2237.11,84.0,0.0,135.0,282.0,2237.11,65.0,0.0,113.74,139.694132,35.949071,139.694231,35.966647
t_20211017_4732695_3,101358181#7_1,-934882309#1_1,DEFAULT_VEHTYPE,562.0,4301.23,195.0,0.0,272.53,651.0,4301.23,274.0,0.0,375.82,139.76782,35.792539,,
t_20211121_4192164_1,34062034#4_0,226946560#4_0,DEFAULT_VEHTYPE,726.0,7994.24,179.0,0.0,271.86,728.0,7994.24,174.0,0.0,259.21,139.741193,35.900182,139.791856,35.940756
t_20211024_1746609_9,438367202#0_0,-286705999#1_1,DEFAULT_VEHTYPE,497.0,5987.93,113.0,0.0,168.69,493.0,5987.93,156.0,0.0,227.45,139.756695,35.791589,139.734205,35.832025
t_20211003_661509_1,31408774_0,492909459_0,DEFAULT_VEHTYPE,353.0,4713.92,7.0,0.0,57.67,356.0,4713.92,20.0,0.0,76.11,139.912159,35.887376,139.912018,35.887453
t_20211017_3599187_1,1148810592#18_1,-127193441#2_1,DEFAULT_VEHTYPE,297.0,2693.43,99.0,0.0,151.02,317.0,2693.43,90.0,0.0,126.41,,,139.735421,35.840453
t_20211003_1208743_1,-120298207#9_1,-442675830#4_1,DEFAULT_VEHTYPE,98.0,1187.71,8.0,0.0,25.66,106.0,1187.71,9.0,0.0,26.25,,,,
t_20211017_4257572_1,163211935#2_1,102819800#12_1,DEFAULT_VEHTYPE,75.0,842.56,0.0,0.0,12.01,71.0,842.56,0.0,0.0,12.34,,,139.72146,35.863523
t_20211128_3837834_5,44420766#4_0,984899390_0,DEFAULT_VEHTYPE,562.0,16423.22,0.0,0.0,30.68,597.0,16423.21,0.0,0.0,32.69,139.693027,35.845145,139.865022,35.83137
t_20211010_2141527_1,314943855#3_0,314943855#11_0,DEFAULT_VEHTYPE,160.0,1214.84,73.0,0.0,94.29,162.0,1214.84,71.0,0.0,91.19,139.823284,35.850046,139.809411,35.851197
t_20211024_3143131_1,28186394#11_1,-860054591#15_1,DEFAULT_VEHTYPE,209.0,1850.35,54.0,0.0,88.11,111.0,1850.35,0.0,0.0,20.69,139.802201,35.848923,139.807477,35.832788
t_20211017_119423_1,61186532#0_1,-128194491_1,DEFAULT_VEHTYPE,447.0,4813.97,29.0,0.0,122.03,661.0,4823.01,119.0,0.0,208.53,,,,
t_20211010_1018830_1,120878522#34_0,-120158945#7_1,DEFAULT_VEHTYPE,592.0,4241.68,280.0,0.0,367.53,593.0,4241.68,271.0,0.0,355.75,139.760009,35.82268,139.769545,35.792587
t_20211010_1613285_1,127199214#1_1,243877276#1_0,DEFAULT_VEHTYPE,333.0,3154.55,68.0,0.0,125.32,405.0,3154.55,106.0,0.0,171.08,139.70557,35.82649,139.693832,35.845174
t_20211010_644020_2,-120273844#1_1,-120273887#1_1,truck,60.0,576.36,0.0,0.0,15.32,60.0,576.36,0.0,0.0,18.69,139.697652,36.007235,,
t_20211010_213455_1,-113387317#24_1,875663149#2_1,DEFAULT_VEHTYPE,472.0,5325.77,59.0,0.0,117.72,476.0,5325.77,55.0,0.0,113.76,139.805288,35.963048,,
t_20211107_726360_10,229626862#0_1,620511925#2_1,DEFAULT_VEHTYPE,435.0,4649.7,56.0,0.0,138.66,520.0,4649.7,147.0,0.0,234.58,139.842889,35.793269,139.879037,35.793062
t_20211024_3569149_2,101764677#0_1,243877276#1_0,DEFAULT_VEHTYPE,353.0,2956.0,89.0,0.0,169.46,352.0,2956.0,81.0,0.0,146.83,139.696638,35.829779,139.693832,35.845174
t_20211107_170660_1,-1188761977_1,844528733#4_0,truck,576.0,4324.98,212.0,0.0,320.98,577.0,4324.98,207.0,0.0,315.85,,,139.777191,35.937647
t_20211003_537347_1,76201910#4_1,291905178#0_1,truck,186.0,1737.21,33.0,0.0,71.33,186.0,1737.21,38.0,0.0,78.06,139.880892,35.84618,139.86508,35.841963
t_20211114_2609262_1,-860037377#3_1,890899882#1_0,DEFAULT_VEHTYPE,566.0,3916.59,258.0,0.0,342.41,568.0,3916.59,246.0,0.0,331.12,139.816163,35.828002,,
t_20211128_508944_1,808277658#3_0,296185505_1,DEFAULT_VEHTYPE,276.0,2681.15,55.0,0.0,106.18,274.0,2681.15,58.0,0.0,109.04,139.879037,35.793062,139.859899,35.810228
t_20211024_155025_1,322223808#6_0,-987699257#5_1,DEFAULT_VEHTYPE,122.0,939.23,40.0,0.0,62.93,122.0,939.23,37.0,0.0,62.92,139.785886,35.931135,139.794192,35.931728
t_20211107_102080_1,-156954147#3_1,-472323987#18_1,DEFAULT_VEHTYPE,67.0,816.52,0.0,0.0,12.7,75.0,816.52,0.0,0.0,14.08,,,139.760597,36.005746
t_20211128_4138626_1,44420766#4_0,691260517#2_1,DEFAULT_VEHTYPE,709.0,12543.84,61.0,0.0,140.5,775.0,12543.84,173.0,0.0,258.36,139.693027,35.845145,,
t_20211017_702064_1,231934099_1,-666325023_1,DEFAULT_VEHTYPE,521.0,7077.76,59.0,0.0,116.14,552.0,7077.76,39.0,0.0,88.35,139.733616,35.855811,139.710218,35.90815
t_20211128_952817_1,-162056963#6_1,102695241#0_1,DEFAULT_VEHTYPE,424.0,2815.08,165.0,0.0,232.38,420.0,2815.08,153.0,0.0,238.04,139.696625,35.816038,139.698212,35.801073
t_20211121_4790753_1,-188161877#0_1,229626861#3_1,DEFAULT_VEHTYPE,392.0,4138.73,39.0,0.0,114.44,319.0,4138.73,0.0,0.0,79.59,139.878274,35.793135,,
t_20211024_862827_1,-819169272#4_1,43992701#2_0,DEFAULT_VEHTYPE,716.0,15335.2,0.0,0.0,93.08,750.0,15335.2,0.0,0.0,88.09,139.913706,35.874443,139.827324,35.787478
t_20211017_212242_2,-102695241#0_1,-100827870#1_1,DEFAULT_VEHTYPE,130.0,1693.74,0.0,0.0,25.14,194.0,1693.74,39.0,0.0,68.19,139.698212,35.801073,139.696969,35.80417
t_20211114_4217633_20,-102695241#0_1,128008526#1_1,DEFAULT_VEHTYPE,75.0,916.87,0.0,0.0,10.39,74.0,916.87,0.0,0.0,12.74,139.698212,35.801073,,
t_20211010_667142_1,-102695241#0_1,-223489476#1_1,DEFAULT_VEHTYPE,281.0,2378.88,36.0,0.0,79.12,285.0,2492.44,68.0,0.0,120.18,139.698212,35.801073,139.719602,35.793266
t_20211017_4807663_1,-33050698#11_1,-1092136811#1_1,DEFAULT_VEHTYPE,214.0,1999.16,39.0,0.0,71.1,213.0,1999.16,42.0,0.0,77.77,139.913929,35.85198,139.912393,35.866621
t_20211017_4853766_1,128194491_1,229626861#3_1,DEFAULT_VEHTYPE,192.0,2245.56,0.0,0.0,50.62,269.0,2245.56,72.0,0.0,123.55,,,,
t_20211010_352443_2,-120273844#1_1,-119614880#2_1,truck,437.0,3164.62,132.0,0.0,221.29,364.0,3149.09,40.0,0.0,164.95,139.697652,36.007235,139.694326,35.983421
t_20211114_606832_1,-162056963#6_1,102695241#0_1,DEFAULT_VEHTYPE,415.0,2815.08,149.0,0.0,219.67,410.0,2815.08,139.0,0.0,238.97,139.696625,35.816038,139.698212,35.801073
t_20211010_1508760_1,881492506#4_1,199575475#9_1,DEFAULT_VEHTYPE,311.0,2707.43,73.0,0.0,130.69,314.0,2707.42,69.0,0.0,132.3,139.797911,35.89433,139.787993,35.876375
t_20211114_614538_29,651384895#2_0,651420975_1,DEFAULT_VEHTYPE,273.0,2298.36,85.0,0.0,117.81,260.0,2298.36,105.0,0.0,131.9,139.793901,35.989595,139.76851,35.992676
t_20211010_3310850_3,846888239#0_0,1199150818#1_0,DEFAULT_VEHTYPE,584.0,11534.27,19.0,0.0,70.48,596.0,11534.27,13.0,0.0,71.0,139.826026,35.783091,139.847333,35.816243
t_20211128_422519_1,66993599#3_1,-744555677#49_1,DEFAULT_VEHTYPE,456.0,5957.2,40.0,0.0,103.04,459.0,5957.2,20.0,0.0,82.43,139.877664,35.853724,139.901995,35.896405
t_20211024_164759_1,796459853#51_0,1180047185#6_0,DEFAULT_VEHTYPE,74.0,1013.61,0.0,0.0,10.86,78.0,1013.61,0.0,0.0,12.07,139.788911,36.00691,139.788676,36.006973
t_20211107_3809122_1,1052374666#7_1,102422696#1_1,DEFAULT_VEHTYPE,183.0,1867.52,23.0,0.0,53.94,176.0,1867.52,23.0,0.0,60.32,,,139.781448,35.859332
t_20211010_4450587_1,783800520#0_1,120956466#2_1,DEFAULT_VEHTYPE,694.0,8439.48,113.0,0.0,257.0,793.0,8439.48,144.0,0.0,243.41,139.911965,35.938245,,
t_20211107_262679_1,651480526#2_0,119615131#0_1,DEFAULT_VEHTYPE,501.0,3512.49,209.0,0.0,281.0,410.0,3512.49,134.0,0.0,199.76,139.721856,35.95277,139.694109,35.960774
t_20211003_244027_1,475451377#55_1,-30686273#38_1,DEFAULT_VEHTYPE,216.0,1445.33,67.0,0.0,104.33,206.0,1445.33,79.0,0.0,124.9,139.905029,35.917067,,
t_20211017_782343_1,137065768#1_1,-1187211564#15_1,truck,93.0,1034.14,0.0,0.0,18.29,93.0,1034.14,0.0,0.0,21.85,139.913605,35.8896,,
t_20211128_4091476_3,846888239#0_0,492909459_1,DEFAULT_VEHTYPE,502.0,14568.18,0.0,0.0,72.6,503.0,14568.18,0.0,0.0,59.8,139.826026,35.783091,139.912018,35.887453
t_20211128_4819048_1,175918336#0_1,342031866#4_1,DEFAULT_VEHTYPE,221.0,2082.53,24.0,0.0,50.55,205.0,2082.53,42.0,0.0,66.94,139.724899,35.901414,139.72088,35.904899
t_20211003_1114024_1,120273887#1_1,120273844#1_1,DEFAULT_VEHTYPE,59.0,577.19,0.0,0.0,9.11,53.0,578.83,0.0,0.0,9.79,,,139.697652,36.007235
t_20211003_548166_1,-102695241#0_1,-223489476#1_1,DEFAULT_VEHTYPE,272.0,2492.44,29.0,0.0,105.84,270.0,2492.44,48.0,0.0,108.85,139.698212,35.801073,139.719602,35.793266
t_20211010_474706_1,-162056963#6_1,-100827870#1_1,truck,233.0,2011.35,34.0,0.0,90.48,221.0,2011.35,36.0,0.0,95.68,139.696625,35.816038,139.696969,35.80417
t_20211121_1041432_1,28186396#1_1,228026165#7_1,DEFAULT_VEHTYPE,73.0,678.14,11.0,0.0,25.67,74.0,678.14,5.0,0.0,20.15,139.797699,35.84979,139.795567,35.849504
t_20211121_479735_1,-472326389#24_0,119329304_1,DEFAULT_VEHTYPE,62.0,815.44,0.0,0.0,7.78,65.0,815.44,0.0,0.0,7.88,139.752521,36.002463,,
t_20211024_1082338_1,846888239#0_0,43992701#2_1,DEFAULT_VEHTYPE,296.0,4776.53,36.0,0.0,95.45,308.0,4776.53,22.0,0.0,56.66,139.826026,35.783091,139.827324,35.787478
t_20211121_1203982_1,-162056963#6_1,-100827870#1_1,DEFAULT_VEHTYPE,159.0,1496.62,7.0,0.0,38.61,159.0,1496.62,10.0,0.0,41.25,139.696625,35.816038,139.696969,35.80417
t_20211114_111553_1,-798745729#4_1,277743732#1_1,truck,106.0,801.23,21.0,0.0,51.45,109.0,801.23,24.0,0.0,54.15,139.698405,36.007575,,
t_20211010_4100970_1,426156937#0_1,-426156937#0_1,DEFAULT_VEHTYPE,106.0,1809.77,0.0,0.0,12.4,131.0,1809.77,0.0,0.0,13.64,139.91074,35.988906,139.91074,35.988906
t_20211024_2102977_1,1019666874#3_1,120162123#1_1,DEFAULT_VEHTYPE,569.0,3676.18,183.0,0.0,266.01,465.0,3676.18,129.0,0.0,209.11,139.752097,35.792304,139.732414,35.792314
t_20211017_4222767_1,137066290#0_1,1091810134#1_1,DEFAULT_VEHTYPE,468.0,4224.79,94.0,0.0,160.39,461.0,4224.79,112.0,0.0,176.52,139.913189,35.88487,139.914003,35.856489
t_20211024_2324323_1,-911617033#0_1,-101977419#2_1,DEFAULT_VEHTYPE,398.0,2282.35,168.0,0.0,239.97,298.0,2281.86,70.0,0.0,108.35,,,139.793346,35.792872
t_20211024_324181_1,564369142#10_1,-736997183#1_1,DEFAULT_VEHTYPE,287.0,2886.73,52.0,0.0,92.86,279.0,2886.73,57.0,0.0,97.24,139.911426,35.94648,139.911747,35.968736
t_20211031_225864_1,426156937#0_1,-120956297_1,DEFAULT_VEHTYPE,257.0,3116.74,21.0,0.0,50.14,258.0,3116.74,22.0,0.0,51.17,139.91074,35.988906,139.906718,36.009461
t_20211128_2371828_1,-120112478#2_1,-48390571#2_1,DEFAULT_VEHTYPE,216.0,1061.82,113.0,0.0,157.57,292.0,1061.82,166.0,0.0,222.53,139.82347,35.793004,139.828226,35.793098
t_20211024_2926357_1,326224748#3_1,119605145#7_1,DEFAULT_VEHTYPE,103.0,1104.79,3.0,0.0,32.08,109.0,1104.79,0.0,0.0,27.45,,,139.694712,35.93963
t_20211017_958316_1,-119605489#3_1,233696887#0_1,DEFAULT_VEHTYPE,486.0,5817.86,28.0,0.0,102.81,477.0,5817.86,58.0,0.0,124.11,139.699733,35.940626,139.694946,35.908973
t_20211114_2221086_4,846888239#0_0,492909459_0,DEFAULT_VEHTYPE,579.0,14568.18,0.0,0.0,57.77,536.0,14568.18,0.0,0.0,58.88,139.826026,35.783091,139.912018,35.887453
t_20211128_1967394_1,-101641329#0_1,243877276#1_1,DEFAULT_VEHTYPE,184.0,1250.26,60.0,0.0,86.22,184.0,1250.26,67.0,0.0,92.99,139.695188,35.853788,139.693832,35.845174
t_20211128_2141958_30,-277743732#1_1,119299814#7_1,truck,747.0,7078.51,106.0,0.0,249.09,742.0,7100.08,135.0,0.0,284.89,,,139.726274,35.954403
t_20211121_1108011_1,-120038808#11_1,133720488#6_1,truck,699.0,5002.66,212.0,0.0,381.52,698.0,5002.66,232.0,0.0,345.31,139.912851,35.928277,139.913516,35.899096
t_20211024_1804803_6,846888239#0_0,-78127481#0_1,DEFAULT_VEHTYPE,623.0,10061.14,106.0,0.0,175.13,622.0,10061.14,103.0,0.0,181.96,139.826026,35.783091,,
t_20211024_1094533_1,651498676_0,119615131#0_1,DEFAULT_VEHTYPE,327.0,2606.65,90.0,0.0,139.55,265.0,2606.65,40.0,0.0,83.35,139.694532,35.941785,139.694109,35.960774
t_20211024_1593044_1,-58473437#28_1,58473437#28_1,DEFAULT_VEHTYPE,120.0,649.81,39.0,0.0,56.69,118.0,649.81,36.0,0.0,57.4,139.720133,36.007946,139.720133,36.007946
t_20211024_497470_19,-119615131#0_1,378317388#14_0,DEFAULT_VEHTYPE,755.0,9906.81,51.0,0.0,170.98,754.0,9906.81,56.0,0.0,219.9,139.694109,35.960774,139.726355,35.883864
t_20211128_108592_1,1188207865#3_1,263171347#8_1,DEFAULT_VEHTYPE,583.0,4628.44,174.0,0.0,281.68,590.0,4630.96,186.0,0.0,311.59,139.742513,35.792281,139.758599,35.826905
t_20211024_3962827_1,651184348#3_0,-1026925071#1_1,DEFAULT_VEHTYPE,160.0,1692.2,38.0,0.0,58.87,161.0,1692.2,40.0,0.0,61.23,139.905249,35.928224,139.889766,35.930287
t_20211114_2747049_3,102695201#0_1,-223489476#1_1,DEFAULT_VEHTYPE,158.0,1609.2,3.0,0.0,29.83,156.0,1609.2,0.0,0.0,29.27,139.707391,35.79686,139.719602,35.793266
t_20211121_1694748_4,248174349_0,243877276#1_1,DEFAULT_VEHTYPE,140.0,632.69,66.0,0.0,83.77,56.0,632.69,0.0,0.0,14.96,139.693765,35.845376,139.693832,35.845174
t_20211128_681625_1,-120273844#1_1,-120273887#1_1,truck,59.0,574.73,0.0,0.0,16.43,59.0,574.73,0.0,0.0,15.27,139.697652,36.007235,,
t_20211114_414170_4,-587995570#2_1,43992701#2_0,DEFAULT_VEHTYPE,596.0,9385.09,71.0,0.0,136.83,628.0,9385.09,142.0,0.0,215.17,139.878747,35.843145,139.827324,35.787478
t_20211003_485648_1,136964995#26_1,-128194491_1,DEFAULT_VEHTYPE,246.0,2874.84,0.0,0.0,41.88,242.0,2874.84,0.0,0.0,43.96,139.877681,35.793149,,
t_20211128_479015_2,223489476#1_1,-223489476#1_1,DEFAULT_VEHTYPE,118.0,1160.31,9.0,0.0,33.3,112.0,994.35,0.0,0.0,17.35,139.719602,35.793266,139.719602,35.793266
t_20211107_1688018_1,-472326389#36_0,-378600191#0_1,DEFAULT_VEHTYPE,360.0,3581.84,91.0,0.0,142.03,363.0,3581.84,94.0,0.0,140.03,139.75364,36.006302,139.741346,36.008226
t_20211017_2350110_1,-799361048#2_1,-426156937#0_1,DEFAULT_VEHTYPE,315.0,3921.44,49.0,0.0,109.1,323.0,3921.44,19.0,0.0,60.31,,,139.91074,35.988906
t_20211121_268966_13,-120273844#1_1,-120273887#1_1,DEFAULT_VEHTYPE,58.0,576.83,0.0,0.0,15.4,63.0,576.83,0.0,0.0,11.06,139.697652,36.007235,,
t_20211121_4196449_1,-128187725#0_1,737735988#8_1,DEFAULT_VEHTYPE,372.0,2363.31,152.0,0.0,207.66,370.0,2363.31,155.0,0.0,217.19,139.818523,35.827769,139.796607,35.831528
t_20211017_2741048_1,120955775_1,-120957314_1,DEFAULT_VEHTYPE,110.0,723.62,40.0,0.0,54.53,113.0,723.62,32.0,0.0,47.27,139.910886,36.005199,139.910886,36.005199
t_20211003_522179_7,-120112478#2_1,229479218#2_1,DEFAULT_VEHTYPE,265.0,2352.4,74.0,0.0,114.33,264.0,2352.4,71.0,0.0,112.17,139.82347,35.793004,139.801824,35.792884
t_20211121_4989786_1,248174349_0,243877276#1_1,DEFAULT_VEHTYPE,72.0,632.69,1.0,0.0,24.91,67.0,632.69,3.0,0.0,23.95,139.693765,35.845376,139.693832,35.845174
t_20211003_475245_1,395056073#0_0,763324771#9_1,DEFAULT_VEHTYPE,741.0,13022.47,45.0,0.0,97.5,656.0,13022.47,85.0,0.0,193.59,139.858776,35.836191,139.721425,35.850582
t_20211121_493493_3,651498676_0,1277705896#4_1,DEFAULT_VEHTYPE,393.0,4528.19,80.0,0.0,117.78,429.0,4528.19,79.0,0.0,117.33,139.694532,35.941785,,
t_20211121_2829228_1,123548376#12_1,672279633#2_0,DEFAULT_VEHTYPE,268.0,2771.27,29.0,0.0,71.66,268.0,2771.27,28.0,0.0,70.94,139.809689,35.862838,139.800557,35.850661
t_20211024_4091279_1,-1091810134#1_1,49249574#5_1,DEFAULT_VEHTYPE,239.0,1934.81,56.0,0.0,107.91,244.0,1934.81,39.0,0.0,75.03,139.914003,35.856489,139.913841,35.843489
t_20211031_4077208_1,120955775_1,-120957314_1,DEFAULT_VEHTYPE,77.0,723.62,4.0,0.0,19.93,61.0,742.11,0.0,0.0,8.86,139.910886,36.005199,139.910886,36.005199
t_20211114_2625176_1,248174349_0,243877276#1_1,DEFAULT_VEHTYPE,70.0,632.69,1.0,0.0,33.26,67.0,632.69,1.0,0.0,16.84,139.693765,35.845376,139.693832,35.845174
t_20211114_2567510_1,651498676_0,313299774#1_1,DEFAULT_VEHTYPE,640.0,5426.16,203.0,0.0,337.9,821.0,5426.16,316.0,0.0,441.18,139.694532,35.941785,139.724948,35.972169
t_20211024_4215671_1,28167432#3_1,-28185621#19_1,DEFAULT_VEHTYPE,559.0,5556.49,125.0,0.0,223.69,601.0,5556.49,97.0,0.0,175.85,139.762466,35.920996,,
t_20211003_432966_1,326370188#1_1,1125538888_1,DEFAULT_VEHTYPE,439.0,4315.48,82.0,0.0,146.98,520.0,4315.48,94.0,0.0,164.71,139.730205,35.964026,139.772719,35.964634
t_20211017_3909268_1,128197468#1_1,87961495#2_1,DEFAULT_VEHTYPE,159.0,1288.35,36.0,0.0,78.41,154.0,1288.35,34.0,0.0,72.85,139.824739,35.809392,139.82834,35.81836
t_20211114_782349_1,-1125758372#2_1,-651432084#9_1,DEFAULT_VEHTYPE,79.0,698.33,14.0,0.0,31.49,71.0,698.33,14.0,0.0,30.26,139.7577,35.981379,,
t_20211107_105509_1,-258637364#1_1,1277705897_0,DEFAULT_VEHTYPE,581.0,7204.04,43.0,0.0,91.59,554.0,7204.04,74.0,0.0,144.99,,,139.713295,35.903084
t_20211031_446096_1,783800520#0_1,130281026#32_1,DEFAULT_VEHTYPE,441.0,3689.62,111.0,0.0,198.79,443.0,3689.62,118.0,0.0,191.6,139.911965,35.938245,139.913412,35.91422
t_20211003_369567_1,-102695190#6_1,102695241#0_1,DEFAULT_VEHTYPE,178.0,1572.0,38.0,0.0,67.86,180.0,1572.0,35.0,0.0,66.61,139.712464,35.795602,139.698212,35.801073
t_20211024_431658_17,1188207865#3_1,-1019666874#3_1,DEFAULT_VEHTYPE,157.0,1251.64,41.0,0.0,65.82,157.0,1251.64,37.0,0.0,64.22,139.742513,35.792281,139.752097,35.792304
t_20211121_1857386_1,248174349_0,101641329#0_1,DEFAULT_VEHTYPE,203.0,1277.37,63.0,0.0,107.84,202.0,1277.37,68.0,0.0,103.7,139.693765,35.845376,139.695188,35.853788
t_20211031_1082415_1,-1091810134#1_1,33050698#11_1,DEFAULT_VEHTYPE,117.0,872.24,33.0,0.0,52.38,119.0,872.24,31.0,0.0,50.13,139.914003,35.856489,139.913929,35.85198
t_20211128_1562995_1,-937268038_1,-102695201#0_1,DEFAULT_VEHTYPE,462.0,3234.24,183.0,0.0,261.19,470.0,3234.24,175.0,0.0,260.36,,,139.707391,35.79686
t_20211024_1636310_6,439789797#2_1,-253263388_1,DEFAULT_VEHTYPE,349.0,4800.03,51.0,0.0,95.51,350.0,4800.03,42.0,0.0,92.21,139.722742,35.892339,139.734761,35.85796
t_20211003_431027_1,157076677#3_1,1180047185#6_0,DEFAULT_VEHTYPE,197.0,1968.03,28.0,0.0,52.04,193.0,1968.03,42.0,0.0,68.18,139.779534,36.007298,139.788676,36.006973
t_20211010_4061895_1,704175770_1,-582383118#33_1,DEFAULT_VEHTYPE,85.0,802.07,0.0,0.0,14.76,81.0,802.07,3.0,0.0,22.08,139.703595,35.851962,139.703937,35.845004
t_20211024_987297_11,-120162123#1_1,370061949#1_0,DEFAULT_VEHTYPE,81.0,849.82,0.0,0.0,11.0,85.0,849.82,0.0,0.0,15.1,139.732414,35.792314,139.725488,35.792935
t_20211114_569335_2,248174349_0,243877276#1_1,DEFAULT_VEHTYPE,69.0,632.69,6.0,0.0,24.99,62.0,632.69,3.0,0.0,16.93,139.693765,35.845376,139.693832,35.845174
t_20211121_141419_1,1019666874#3_1,-1188207865#3_1,truck,131.0,1236.61,0.0,0.0,39.04,123.0,1236.61,0.0,0.0,23.62,139.752097,35.792304,139.742513,35.792281
t_20211017_3826106_1,-686779987#0_1,627749909#0_1,DEFAULT_VEHTYPE,79.0,945.5,0.0,0.0,11.86,79.0,945.5,0.0,0.0,20.14,139.914031,35.838254,139.91366,35.84208
t_20211121_2165073_1,229626862#0_1,-229484056#3_1,DEFAULT_VEHTYPE,650.0,3412.23,291.0,0.0,435.85,560.0,3412.23,221.0,0.0,315.41,139.842889,35.793269,139.82677,35.793153
t_20211121_3665646_6,1019666874#3_1,-1188207865#3_1,DEFAULT_VEHTYPE,129.0,1238.71,0.0,0.0,35.37,119.0,1238.71,0.0,0.0,24.71,139.752097,35.792304,139.742513,35.792281
t_20211121_1705281_1,-1051741276#1_1,44351425#7_0,DEFAULT_VEHTYPE,627.0,7823.5,138.0,0.0,238.8,580.0,7823.5,128.0,0.0,212.6,,,139.756136,35.790789
t_20211017_428434_1,223489476#1_1,-100827870#1_1,DEFAULT_VEHTYPE,422.0,3424.26,119.0,0.0,186.27,406.0,3424.26,149.0,0.0,209.39,139.719602,35.793266,139.696969,35.80417
t_20211003_1026731_1,102695201#0_1,-1188207865#3_1,DEFAULT_VEHTYPE,375.0,3656.72,59.0,0.0,113.44,379.0,3656.72,49.0,0.0,104.57,139.707391,35.79686,139.742513,35.792281
t_20211024_1119047_1,-101187781#3_1,127199105#5_1,truck,172.0,1772.13,1.0,0.0,42.4,171.0,1772.13,5.0,0.0,42.69,139.696799,35.814296,139.696425,35.823026
t_20211010_558399_2,-120273844#1_1,-120273887#1_1,truck,60.0,574.73,0.0,0.0,16.25,60.0,574.73,0.0,0.0,15.12,139.697652,36.007235,,
t_20211031_246816_1,1184576352#3_1,-128194491_1,DEFAULT_VEHTYPE,636.0,5785.16,137.0,0.0,251.29,633.0,5785.16,157.0,0.0,271.9,,,,
t_20211121_493493_2,119614880#2_1,1000026116#0_1,DEFAULT_VEHTYPE,594.0,4289.79,204.0,0.0,311.2,508.0,4289.79,150.0,0.0,231.49,139.694326,35.983421,139.694132,35.949071
t_20211017_3825616_3,846888239#0_0,492909459_0,DEFAULT_VEHTYPE,524.0,14568.18,0.0,0.0,61.31,563.0,14568.18,0.0,0.0,59.59,139.826026,35.783091,139.912018,35.887453
t_20211024_3841228_1,184746717#2_1,120112478#2_1,DEFAULT_VEHTYPE,113.0,1072.72,0.0,0.0,18.85,100.0,1072.72,0.0,0.0,21.15,,,139.82347,35.793004
t_20211121_2253300_3,31408774_0,569665064_0,DEFAULT_VEHTYPE,237.0,4944.43,0.0,0.0,41.59,199.0,4944.43,0.0,0.0,44.02,139.912159,35.887376,139.87783,35.854376
t_20211017_780463_3,199320000#0_1,314943856#7_0,DEFAULT_VEHTYPE,347.0,3783.49,102.0,0.0,143.86,353.0,3783.49,95.0,0.0,139.32,139.817662,35.850039,,
t_20211003_106734_1,286683346#1_1,-30062248#15_1,DEFAULT_VEHTYPE,164.0,1553.49,34.0,0.0,50.85,110.0,1553.49,0.0,0.0,17.59,139.910204,35.926424,139.897096,35.932085
t_20211031_4287220_1,101970582#10_1,-128194587_1,DEFAULT_VEHTYPE,686.0,5074.15,210.0,0.0,328.32,675.0,5074.15,218.0,0.0,349.1,,,139.855104,35.793514
t_20211121_873580_1,777607052#40_1,798745728#14_1,DEFAULT_VEHTYPE,180.0,1011.02,87.0,0.0,113.8,146.0,1011.02,58.0,0.0,95.88,139.69768,36.007273,,
t_20211024_851659_1,-133720488#6_1,-133720482#5_1,DEFAULT_VEHTYPE,116.0,918.61,13.0,0.0,41.69,113.0,918.61,9.0,0.0,49.97,139.913516,35.899096,139.913553,35.893046
t_20211031_2186962_1,326224748#3_1,119605145#7_1,DEFAULT_VEHTYPE,103.0,1104.79,0.0,0.0,25.31,109.0,1104.79,0.0,0.0,23.53,,,139.694712,35.93963
t_20211114_863538_1,233696887#1_1,233696887#0_1,DEFAULT_VEHTYPE,54.0,551.33,0.0,0.0,10.58,51.0,551.33,0.0,0.0,9.48,139.694946,35.908973,139.694946,35.908973
t_20211010_4479097_1,205725093#1_1,-1188207865#3_1,DEFAULT_VEHTYPE,228.0,1888.99,58.0,0.0,100.61,228.0,1888.99,68.0,0.0,114.19,,,139.742513,35.792281
t_20211121_1091337_1,-662324851#4_1,995974549#5_1,DEFAULT_VEHTYPE,86.0,785.5,1.0,0.0,25.67,76.0,785.5,0.0,0.0,12.18,139.909527,35.885202,,
t_20211024_141588_4,-120273844#1_1,-120273887#1_1,truck,60.0,574.73,0.0,0.0,15.25,65.0,574.73,0.0,0.0,21.19,139.697652,36.007235,,
t_20211010_3400689_1,1019666874#3_1,-1188207865#3_1,DEFAULT_VEHTYPE,223.0,1287.18,94.0,0.0,131.77,177.0,1238.71,43.0,0.0,71.14,139.752097,35.792304,139.742513,35.792281
t_20211003_3816254_1,341996339#1_1,-963099318#4_1,DEFAULT_VEHTYPE,504.0,4715.63,147.0,0.0,240.91,684.0,4715.63,277.0,0.0,383.62,,,139.736073,35.844134
t_20211128_4478327_4,593046492#0_0,775462030#2_1,DEFAULT_VEHTYPE,463.0,12129.82,0.0,0.0,23.72,424.0,12127.56,0.0,0.0,24.13,139.895999,35.767126,139.825377,35.850033
t_20211107_1250952_1,1055237472_1,-1188207865#3_1,DEFAULT_VEHTYPE,634.0,8458.74,157.0,0.0,244.46,632.0,8458.74,164.0,0.0,267.78,139.737095,35.847488,139.742513,35.792281
t_20211024_436258_1,224701816#11_1,-258637364#1_1,truck,265.0,3301.83,33.0,0.0,62.01,348.0,3301.83,79.0,0.0,119.01,139.700139,35.846851,,
t_20211017_165732_3,247339758#0_0,228767150#3_1,DEFAULT_VEHTYPE,128.0,2144.89,0.0,0.0,10.56,151.0,2144.89,0.0,0.0,10.91,,,139.729582,35.8528
t_20211121_244468_9,-120273844#1_1,-120273887#1_1,DEFAULT_VEHTYPE,58.0,576.83,0.0,0.0,16.68,64.0,576.83,0.0,0.0,13.55,139.697652,36.007235,,
t_20211031_2897128_1,-675094551#7_1,1144264674#0_1,DEFAULT_VEHTYPE,664.0,4773.7,231.0,0.0,334.36,573.0,4773.7,189.0,0.0,274.07,139.801749,35.860332,139.761324,35.866111
t_20211024_166261_2,-798745729#4_1,58473437#28_1,DEFAULT_VEHTYPE,254.0,2578.15,35.0,0.0,76.07,253.0,2430.45,45.0,0.0,77.67,139.698405,36.007575,139.720133,36.007946
t_20211128_3029248_1,651432084#4_1,-909606568_1,DEFAULT_VEHTYPE,584.0,3248.6,281.0,0.0,361.43,496.0,3130.53,146.0,0.0,222.06,139.758115,35.989827,,
t_20211121_3665646_5,-1219265277_1,-1188207865#3_1,DEFAULT_VEHTYPE,257.0,2124.27,70.0,0.0,124.01,343.0,2275.26,102.0,0.0,171.0,139.759923,35.795116,139.742513,35.792281
t_20211010_2541602_1,-226021689#15_1,127188126#10_1,DEFAULT_VEHTYPE,129.0,1400.15,0.0,0.0,24.96,135.0,1400.15,0.0,0.0,25.21,139.722944,35.842868,139.733922,35.839225
t_20211128_2300090_1,120048985#1_1,-120048985#1_1,DEFAULT_VEHTYPE,59.0,590.33,0.0,0.0,10.61,60.0,590.33,0.0,0.0,11.54,139.911943,35.942818,139.911943,35.942818
t_20211010_864751_1,120044052_1,688859679#27_1,DEFAULT_VEHTYPE,382.0,4420.91,66.0,0.0,124.3,385.0,4420.91,46.0,0.0,107.32,139.837178,36.008932,139.858956,35.979378
t_20211114_3872613_4,-233696887#1_1,-605105364#3_1,DEFAULT_VEHTYPE,88.0,557.62,36.0,0.0,51.14,88.0,557.62,35.0,0.0,46.66,139.694932,35.908121,139.695004,35.908113
t_20211031_621995_1,42391287#19_1,124963628#11_1,truck,229.0,1626.18,66.0,0.0,109.86,226.0,1626.18,69.0,0.0,112.19,139.697323,35.874112,139.696028,35.876271
t_20211017_2971257_1,138422770#4_1,799537528_1,DEFAULT_VEHTYPE,832.0,10397.58,221.0,0.0,316.93,833.0,10397.58,206.0,0.0,299.48,139.821761,35.849821,139.717068,35.849594
t_20211121_3968626_1,102299731#0_1,-226046864#7_1,DEFAULT_VEHTYPE,153.0,1505.91,0.0,0.0,21.63,167.0,1505.91,0.0,0.0,21.71,139.791769,35.826478,139.77991,35.820534
t_20211003_216778_1,120112431#8_1,-914043042#1_1,truck,615.0,4602.35,172.0,0.0,306.56,623.0,4602.35,169.0,0.0,308.45,,,139.783156,35.806428
t_20211024_3802211_1,312362939#1_0,229479218#2_1,DEFAULT_VEHTYPE,691.0,6805.41,199.0,0.0,265.82,694.0,6805.41,209.0,0.0,280.32,,,139.801824,35.792884
t_20211024_431465_1,943251251#12_1,865554622#5_1,truck,366.0,2984.64,67.0,0.0,140.71,364.0,2984.64,79.0,0.0,152.73,139.853233,35.820715,,
t_20211024_187441_1,-1013421828_1,1013421828_1,DEFAULT_VEHTYPE,103.0,994.35,0.0,0.0,16.42,101.0,994.35,0.0,0.0,16.87,139.719602,35.793266,139.719602,35.793266
t_20211010_2106917_1,44351424_0,438367202#6_0,DEFAULT_VEHTYPE,789.0,17550.6,50.0,0.0,149.52,850.0,17550.6,117.0,0.0,221.89,139.733887,35.853266,139.733887,35.853266
t_20211031_303747_2,1216810227#5_1,1182813963_1,DEFAULT_VEHTYPE,636.0,5118.17,193.0,0.0,311.72,641.0,5118.17,187.0,0.0,296.56,139.884701,35.867058,139.858394,35.840438
t_20211107_559417_6,438367202#0_0,1008396879_1,DEFAULT_VEHTYPE,782.0,9328.02,225.0,0.0,358.06,782.0,9328.02,192.0,0.0,322.04,139.756695,35.791589,,
t_20211128_5099644_1,-30433536#3_1,30433536#3_1,DEFAULT_VEHTYPE,55.0,556.54,0.0,0.0,12.85,50.0,556.54,0.0,0.0,12.52,139.901068,35.820683,139.901068,35.820683
t_20211024_3990445_1,871532775_1,871535112#7_1,DEFAULT_VEHTYPE,456.0,2693.72,211.0,0.0,277.2,457.0,2693.72,205.0,0.0,271.86,139.786285,35.888684,,
t_20211017_4445459_1,102819800#12_1,763324771#9_1,DEFAULT_VEHTYPE,249.0,1748.03,96.0,0.0,130.94,250.0,1748.03,97.0,0.0,132.76,139.721531,35.864006,139.721425,35.850582
t_20211114_4899494_1,-34049070#6_1,-729769744#20_1,DEFAULT_VEHTYPE,90.0,955.08,3.0,0.0,21.27,97.0,955.08,2.0,0.0,19.39,139.914024,35.799262,139.913777,35.794618
t_20211114_3887441_1,120957314_1,100976223#1_1,DEFAULT_VEHTYPE,85.0,618.85,29.0,0.0,39.58,87.0,618.85,27.0,0.0,38.53,139.910886,36.005199,139.911898,35.99996
t_20211114_2542019_1,-120273844#1_1,-120273887#0_1,DEFAULT_VEHTYPE,55.0,632.44,0.0,0.0,10.93,68.0,630.81,0.0,0.0,10.1,139.697652,36.007235,139.693573,36.004036
t_20211017_960919_2,128194491_1,229626861#3_1,DEFAULT_VEHTYPE,244.0,2245.56,42.0,0.0,89.22,246.0,2245.56,38.0,0.0,93.27,,,,
t_20211121_792616_5,248174349_0,44351425#7_0,DEFAULT_VEHTYPE,709.0,11934.57,99.0,0.0,176.66,684.0,11934.57,117.0,0.0,197.42,139.693765,35.845376,139.756136,35.790789
t_20211114_4222552_7,438367202#0_0,44351425#7_0,DEFAULT_VEHTYPE,327.0,6742.83,0.0,0.0,54.74,324.0,6742.83,0.0,0.0,42.46,139.756695,35.791589,139.756136,35.790789
t_20211024_112957_15,-120112478#2_1,102647442#1_1,DEFAULT_VEHTYPE,777.0,5973.78,214.0,0.0,333.05,779.0,5973.78,207.0,0.0,337.47,139.82347,35.793004,139.763059,35.797586
t_20211121_114375_2,620514026_0,229626861#3_1,DEFAULT_VEHTYPE,333.0,4139.4,6.0,0.0,85.59,335.0,4139.4,2.0,0.0,86.72,139.878078,35.800854,,
t_20211003_424248_1,899867769#5_1,39027137#2_1,DEFAULT_VEHTYPE,835.0,17607.31,36.0,0.0,102.18,938.0,17603.85,26.0,0.0,88.9,139.72315,35.88817,,
t_20211024_844795_2,737543125#0_1,-66993599#2_1,truck,542.0,5138.78,129.0,0.0,236.26,544.0,5138.78,113.0,0.0,220.06,139.903902,35.880173,139.877213,35.852813
t_20211024_3253987_1,-651472811#22_1,119304425#0_1,DEFAULT_VEHTYPE,483.0,4133.49,187.0,0.0,277.22,490.0,4133.49,143.0,0.0,228.63,,,,
t_20211003_361394_1,-72182650_1,-865554623#3_1,DEFAULT_VEHTYPE,244.0,3543.33,4.0,0.0,44.15,334.0,3608.37,75.0,0.0,116.73,139.858901,35.838526,,
t_20211010_670400_1,426156937#0_1,-426156937#0_1,DEFAULT_VEHTYPE,119.0,1809.77,0.0,0.0,13.56,112.0,1809.77,0.0,0.0,13.2,139.91074,35.988906,139.91074,35.988906
t_20211003_1539466_1,459548652#4_1,-119329632_1,DEFAULT_VEHTYPE,397.0,3951.65,71.0,0.0,120.59,392.0,3951.65,95.0,0.0,138.52,139.733158,35.951774,,
t_20211017_897687_1,651497828#10_0,119611791_1,DEFAULT_VEHTYPE,355.0,2842.62,136.0,0.0,189.48,364.0,2842.62,131.0,0.0,184.84,139.704408,35.942964,139.7234,35.959419
t_20211031_4091300_1,102695201#1_1,-223489476#2_1,DEFAULT_VEHTYPE,141.0,1165.47,29.0,0.0,57.01,143.0,1165.47,20.0,0.0,46.4,139.708551,35.796489,139.716122,35.79429
t_20211024_456743_1,1188062006#0_1,-223489476#1_1,DEFAULT_VEHTYPE,757.0,5518.67,288.0,0.0,400.59,749.0,5518.67,309.0,0.0,424.31,,,139.719602,35.793266
t_20211114_1188544_5,846888239#0_0,188163200#2_1,DEFAULT_VEHTYPE,562.0,9215.74,80.0,0.0,125.99,468.0,9218.8,43.0,0.0,80.42,139.826026,35.783091,139.874257,35.824185
t_20211128_1559577_1,-312909712#4_1,119605145#7_1,DEFAULT_VEHTYPE,355.0,3032.67,79.0,0.0,137.35,360.0,3032.67,75.0,0.0,131.96,139.699013,35.960438,139.694712,35.93963
t_20211003_758102_1,43433955#9_1,290523812#3_0,DEFAULT_VEHTYPE,257.0,2954.72,33.0,0.0,63.86,262.0,2954.72,26.0,0.0,58.75,139.864277,35.862545,139.846949,35.879379
t_20211010_1044988_2,871547549#0_1,1190714694_1,DEFAULT_VEHTYPE,209.0,1670.27,63.0,0.0,94.21,205.0,1670.27,72.0,0.0,106.91,139.829666,35.885396,,
t_20211128_2481052_2,-101187781#3_1,-100827870#1_1,DEFAULT_VEHTYPE,174.0,1279.97,49.0,0.0,83.93,204.0,1279.97,48.0,0.0,81.26,139.696799,35.814296,139.696969,35.80417
t_20211017_4326392_2,120041155_1,-120038533#2_1,DEFAULT_VEHTYPE,88.0,1107.53,0.0,0.0,14.04,102.0,1107.53,0.0,0.0,15.89,,,,
t_20211017_1751099_1,-102303939#4_1,893581526#8_1,DEFAULT_VEHTYPE,826.0,7428.61,160.0,0.0,274.8,832.0,7428.61,186.0,0.0,310.61,,,139.733699,35.9035
t_20211024_164729_1,1188207865#3_1,102695241#0_1,DEFAULT_VEHTYPE,618.0,4553.94,153.0,0.0,255.73,588.0,4553.94,188.0,0.0,289.88,139.742513,35.792281,139.698212,35.801073
t_20211024_209707_1,-473977955#6_1,133720488#6_1,DEFAULT_VEHTYPE,147.0,1323.2,20.0,0.0,47.09,147.0,1323.2,19.0,0.0,44.75,139.913646,35.890019,139.913516,35.899096
t_20211024_759637_1,-120273844#1_1,-120273887#1_1,DEFAULT_VEHTYPE,56.0,576.83,0.0,0.0,9.92,66.0,576.83,1.0,0.0,12.61,139.697652,36.007235,,
t_20211107_436608_1,176920625#1_1,-43419654#10_1,DEFAULT_VEHTYPE,220.0,1741.79,69.0,0.0,107.71,196.0,1741.79,55.0,0.0,95.91,139.71801,35.862127,,
t_20211128_1112478_5,120298828#3_1,684372536#2_1,DEFAULT_VEHTYPE,97.0,660.25,45.0,0.0,57.07,99.0,660.25,44.0,0.0,54.9,139.883172,35.86679,139.887695,35.87147
t_20211031_1750543_1,-228769630#0_1,237179085#3_1,DEFAULT_VEHTYPE,614.0,3843.75,199.0,0.0,329.22,625.0,3843.75,204.0,0.0,326.21,139.695336,35.847893,,
t_20211024_699699_1,61186532#0_1,-128194491_1,DEFAULT_VEHTYPE,527.0,4813.97,91.0,0.0,165.57,551.0,4813.97,67.0,0.0,217.9,,,,
t_20211017_774195_1,120273887#0_1,-56178828#3_1,DEFAULT_VEHTYPE,834.0,8458.85,191.0,0.0,331.13,925.0,8458.85,264.0,0.0,427.7,139.693573,36.004036,139.751947,36.008372
t_20211003_2073374_1,-58473437#28_1,798745729#4_1,DEFAULT_VEHTYPE,261.0,2589.69,32.0,0.0,78.27,266.0,2589.69,14.0,0.0,46.63,139.720133,36.007946,139.698405,36.007575
t_20211010_1368514_5,797365203#0_0,1165383577_0,DEFAULT_VEHTYPE,138.0,1207.04,25.0,0.0,44.19,138.0,1207.04,40.0,0.0,64.31,139.789057,35.839794,139.789006,35.839937
t_20211024_2118621_1,-102695241#0_1,128008526#1_1,DEFAULT_VEHTYPE,137.0,916.87,54.0,0.0,73.31,128.0,916.87,40.0,0.0,61.13,139.698212,35.801073,,
t_20211128_374958_78,-277743732#1_1,-56178828#3_1,DEFAULT_VEHTYPE,797.0,8405.88,172.0,0.0,337.45,1060.0,8405.88,392.0,0.0,583.16,,,139.751947,36.008372
t_20211128_290956_1,119614880#2_1,-120261538#1_1,DEFAULT_VEHTYPE,167.0,1661.54,32.0,0.0,58.75,169.0,1661.54,32.0,0.0,57.86,139.694326,35.983421,,
